group,system,display_label,time_ps,OPA_disp_norm_A,source_workbook,source_sheet
group1,acetone_1_n-heptane_99,acetone 1% / n-heptane 99%,0.0,0.0,group1.xlsx,acetone_1_n-heptane_99
group1,acetone_1_n-heptane_99,acetone 1% / n-heptane 99%,0.1,0.4379250152996615,group1.xlsx,acetone_1_n-heptane_99
group1,acetone_1_n-heptane_99,acetone 1% / n-heptane 99%,0.2,0.8144583184275166,group1.xlsx,acetone_1_n-heptane_99
group1,acetone_1_n-heptane_99,acetone 1% / n-heptane 99%,0.3,0.4260957503309091,group1.xlsx,acetone_1_n-heptane_99
group1,acetone_1_n-heptane_99,acetone 1% / n-heptane 99%,0.4,0.7856854573060258,group1.xlsx,acetone_1_n-heptane_99
group1,acetone_1_n-heptane_99,acetone 1% / n-heptane 99%,0.5,0.6417093170061257,group1.xlsx,acetone_1_n-heptane_99
group1,acetone_1_n-heptane_99,acetone 1% / n-heptane 99%,0.6,0.7297853139858711,group1.xlsx,acetone_1_n-heptane_99
group1,acetone_1_n-heptane_99,acetone 1% / n-heptane 99%,0.7,0.7901065477846047,group1.xlsx,acetone_1_n-heptane_99
group1,acetone_1_n-heptane_99,acetone 1% / n-heptane 99%,0.8,0.4703516636010776,group1.xlsx,acetone_1_n-heptane_99
group1,acetone_1_n-heptane_99,acetone 1% / n-heptane 99%,0.9,0.5512104429112727,group1.xlsx,acetone_1_n-heptane_99
group1,acetone_1_n-heptane_99,acetone 1% / n-heptane 99%,1.0,0.5587007948777881,group1.xlsx,acetone_1_n-heptane_99
group1,acetone_1_n-heptane_99,acetone 1% / n-heptane 99%,1.1,1.277709449484103,group1.xlsx,acetone_1_n-heptane_99
group1,acetone_1_n-heptane_99,acetone 1% / n-heptane 99%,1.2,1.25417057790903,group1.xlsx,acetone_1_n-heptane_99
group1,acetone_1_n-heptane_99,acetone 1% / n-heptane 99%,1.3,1.020092518019192,group1.xlsx,acetone_1_n-heptane_99
group1,acetone_1_n-heptane_99,acetone 1% / n-heptane 99%,1.4,0.9183753433778921,group1.xlsx,acetone_1_n-heptane_99
group1,acetone_1_n-heptane_99,acetone 1% / n-heptane 99%,1.5,0.9371773133841692,group1.xlsx,acetone_1_n-heptane_99
group1,acetone_1_n-heptane_99,acetone 1% / n-heptane 99%,1.6,0.9141136213208322,group1.xlsx,acetone_1_n-heptane_99
group1,acetone_1_n-heptane_99,acetone 1% / n-heptane 99%,1.7,0.7309131965736205,group1.xlsx,acetone_1_n-heptane_99
group1,acetone_1_n-heptane_99,acetone 1% / n-heptane 99%,1.8,1.003002248709426,group1.xlsx,acetone_1_n-heptane_99
group1,acetone_1_n-heptane_99,acetone 1% / n-heptane 99%,1.9,1.426089061552126,group1.xlsx,acetone_1_n-heptane_99
group1,acetone_1_n-heptane_99,acetone 1% / n-heptane 99%,2.0,1.290265164382267,group1.xlsx,acetone_1_n-heptane_99
group1,acetone_1_n-heptane_99,acetone 1% / n-heptane 99%,2.1,1.014781930067097,group1.xlsx,acetone_1_n-heptane_99
group1,acetone_1_n-heptane_99,acetone 1% / n-heptane 99%,2.2,1.486772786723136,group1.xlsx,acetone_1_n-heptane_99
group1,acetone_1_n-heptane_99,acetone 1% / n-heptane 99%,2.3,1.322375293789722,group1.xlsx,acetone_1_n-heptane_99
group1,acetone_1_n-heptane_99,acetone 1% / n-heptane 99%,2.4,1.449577046477137,group1.xlsx,acetone_1_n-heptane_99
group1,acetone_1_n-heptane_99,acetone 1% / n-heptane 99%,2.5,1.676477754122942,group1.xlsx,acetone_1_n-heptane_99
group1,acetone_1_n-heptane_99,acetone 1% / n-heptane 99%,2.6,1.705107968575058,group1.xlsx,acetone_1_n-heptane_99
group1,acetone_1_n-heptane_99,acetone 1% / n-heptane 99%,2.7,2.586990486556135,group1.xlsx,acetone_1_n-heptane_99
group1,acetone_1_n-heptane_99,acetone 1% / n-heptane 99%,2.8,1.763256240889804,group1.xlsx,acetone_1_n-heptane_99
group1,acetone_1_n-heptane_99,acetone 1% / n-heptane 99%,2.9,1.603102295648623,group1.xlsx,acetone_1_n-heptane_99
group1,acetone_1_n-heptane_99,acetone 1% / n-heptane 99%,3.0,1.620347754836184,group1.xlsx,acetone_1_n-heptane_99
group1,acetone_1_n-heptane_99,acetone 1% / n-heptane 99%,3.1,1.483080151401897,group1.xlsx,acetone_1_n-heptane_99
group1,acetone_1_n-heptane_99,acetone 1% / n-heptane 99%,3.2,1.021844220228632,group1.xlsx,acetone_1_n-heptane_99
group1,acetone_1_n-heptane_99,acetone 1% / n-heptane 99%,3.3,0.8704399604550644,group1.xlsx,acetone_1_n-heptane_99
group1,acetone_1_n-heptane_99,acetone 1% / n-heptane 99%,3.4,0.6458648802626168,group1.xlsx,acetone_1_n-heptane_99
group1,acetone_1_n-heptane_99,acetone 1% / n-heptane 99%,3.5,0.5990456725389597,group1.xlsx,acetone_1_n-heptane_99
group1,acetone_1_n-heptane_99,acetone 1% / n-heptane 99%,3.6,0.4370714836556268,group1.xlsx,acetone_1_n-heptane_99
group1,acetone_1_n-heptane_99,acetone 1% / n-heptane 99%,3.7,1.021179679813635,group1.xlsx,acetone_1_n-heptane_99
group1,acetone_1_n-heptane_99,acetone 1% / n-heptane 99%,3.8,0.7821253605685162,group1.xlsx,acetone_1_n-heptane_99
group1,acetone_1_n-heptane_99,acetone 1% / n-heptane 99%,3.9,1.009692828885525,group1.xlsx,acetone_1_n-heptane_99
group1,acetone_1_n-heptane_99,acetone 1% / n-heptane 99%,4.0,1.168580433401953,group1.xlsx,acetone_1_n-heptane_99
group1,acetone_1_n-heptane_99,acetone 1% / n-heptane 99%,4.1,1.297534402865198,group1.xlsx,acetone_1_n-heptane_99
group1,acetone_1_n-heptane_99,acetone 1% / n-heptane 99%,4.2,1.163734124911569,group1.xlsx,acetone_1_n-heptane_99
group1,acetone_1_n-heptane_99,acetone 1% / n-heptane 99%,4.3,0.9816125704526996,group1.xlsx,acetone_1_n-heptane_99
group1,acetone_1_n-heptane_99,acetone 1% / n-heptane 99%,4.4,1.021890137444126,group1.xlsx,acetone_1_n-heptane_99
group1,acetone_1_n-heptane_99,acetone 1% / n-heptane 99%,4.5,1.459443644156418,group1.xlsx,acetone_1_n-heptane_99
group1,acetone_1_n-heptane_99,acetone 1% / n-heptane 99%,4.6,1.208685379210098,group1.xlsx,acetone_1_n-heptane_99
group1,acetone_1_n-heptane_99,acetone 1% / n-heptane 99%,4.7,1.248539328991554,group1.xlsx,acetone_1_n-heptane_99
group1,acetone_1_n-heptane_99,acetone 1% / n-heptane 99%,4.8,1.695804602769383,group1.xlsx,acetone_1_n-heptane_99
group1,acetone_1_n-heptane_99,acetone 1% / n-heptane 99%,4.9,1.726604195871466,group1.xlsx,acetone_1_n-heptane_99
group1,acetone_1_n-heptane_99,acetone 1% / n-heptane 99%,5.0,1.475241449004915,group1.xlsx,acetone_1_n-heptane_99
group1,acetone_1_n-heptane_99,acetone 1% / n-heptane 99%,5.1,1.516251388658565,group1.xlsx,acetone_1_n-heptane_99
group1,acetone_1_n-heptane_99,acetone 1% / n-heptane 99%,5.2,1.436308479468024,group1.xlsx,acetone_1_n-heptane_99
group1,acetone_1_n-heptane_99,acetone 1% / n-heptane 99%,5.3,1.727403943095076,group1.xlsx,acetone_1_n-heptane_99
group1,acetone_1_n-heptane_99,acetone 1% / n-heptane 99%,5.4,1.378572044208658,group1.xlsx,acetone_1_n-heptane_99
group1,acetone_1_n-heptane_99,acetone 1% / n-heptane 99%,5.5,1.276379141066759,group1.xlsx,acetone_1_n-heptane_99
group1,acetone_1_n-heptane_99,acetone 1% / n-heptane 99%,5.6,1.286194862328513,group1.xlsx,acetone_1_n-heptane_99
group1,acetone_1_n-heptane_99,acetone 1% / n-heptane 99%,5.7,1.826806331281235,group1.xlsx,acetone_1_n-heptane_99
group1,acetone_1_n-heptane_99,acetone 1% / n-heptane 99%,5.8,2.044094109381741,group1.xlsx,acetone_1_n-heptane_99
group1,acetone_1_n-heptane_99,acetone 1% / n-heptane 99%,5.9,2.116505371199772,group1.xlsx,acetone_1_n-heptane_99
group1,acetone_1_n-heptane_99,acetone 1% / n-heptane 99%,6.0,1.832076600780299,group1.xlsx,acetone_1_n-heptane_99
group1,acetone_1_n-heptane_99,acetone 1% / n-heptane 99%,6.1,1.636874228043984,group1.xlsx,acetone_1_n-heptane_99
group1,acetone_1_n-heptane_99,acetone 1% / n-heptane 99%,6.2,2.373560866237897,group1.xlsx,acetone_1_n-heptane_99
group1,acetone_1_n-heptane_99,acetone 1% / n-heptane 99%,6.3,2.511135002812144,group1.xlsx,acetone_1_n-heptane_99
group1,acetone_1_n-heptane_99,acetone 1% / n-heptane 99%,6.4,2.860489935660219,group1.xlsx,acetone_1_n-heptane_99
group1,acetone_1_n-heptane_99,acetone 1% / n-heptane 99%,6.5,2.487258264808768,group1.xlsx,acetone_1_n-heptane_99
group1,acetone_1_n-heptane_99,acetone 1% / n-heptane 99%,6.6,2.359545270642439,group1.xlsx,acetone_1_n-heptane_99
group1,acetone_1_n-heptane_99,acetone 1% / n-heptane 99%,6.7,2.419141793245108,group1.xlsx,acetone_1_n-heptane_99
group1,acetone_1_n-heptane_99,acetone 1% / n-heptane 99%,6.8,2.51006014990757,group1.xlsx,acetone_1_n-heptane_99
group1,acetone_1_n-heptane_99,acetone 1% / n-heptane 99%,6.9,2.652331496506547,group1.xlsx,acetone_1_n-heptane_99
group1,acetone_1_n-heptane_99,acetone 1% / n-heptane 99%,7.0,2.615361613646797,group1.xlsx,acetone_1_n-heptane_99
group1,acetone_1_n-heptane_99,acetone 1% / n-heptane 99%,7.1,2.713134140909434,group1.xlsx,acetone_1_n-heptane_99
group1,acetone_1_n-heptane_99,acetone 1% / n-heptane 99%,7.2,2.285480768628767,group1.xlsx,acetone_1_n-heptane_99
group1,acetone_1_n-heptane_99,acetone 1% / n-heptane 99%,7.3,1.928296127432028,group1.xlsx,acetone_1_n-heptane_99
group1,acetone_1_n-heptane_99,acetone 1% / n-heptane 99%,7.4,2.002657108660241,group1.xlsx,acetone_1_n-heptane_99
group1,acetone_1_n-heptane_99,acetone 1% / n-heptane 99%,7.5,1.963934962063713,group1.xlsx,acetone_1_n-heptane_99
group1,acetone_1_n-heptane_99,acetone 1% / n-heptane 99%,7.6,2.112328049036931,group1.xlsx,acetone_1_n-heptane_99
group1,acetone_1_n-heptane_99,acetone 1% / n-heptane 99%,7.7,2.027922305056451,group1.xlsx,acetone_1_n-heptane_99
group1,acetone_1_n-heptane_99,acetone 1% / n-heptane 99%,7.8,2.639590206349454,group1.xlsx,acetone_1_n-heptane_99
group1,acetone_1_n-heptane_99,acetone 1% / n-heptane 99%,7.9,2.687578057685678,group1.xlsx,acetone_1_n-heptane_99
group1,acetone_1_n-heptane_99,acetone 1% / n-heptane 99%,8.0,2.468768785489367,group1.xlsx,acetone_1_n-heptane_99
group1,acetone_1_n-heptane_99,acetone 1% / n-heptane 99%,8.1,2.460727066548078,group1.xlsx,acetone_1_n-heptane_99
group1,acetone_1_n-heptane_99,acetone 1% / n-heptane 99%,8.2,2.370718834714429,group1.xlsx,acetone_1_n-heptane_99
group1,acetone_1_n-heptane_99,acetone 1% / n-heptane 99%,8.3,2.646673046610692,group1.xlsx,acetone_1_n-heptane_99
group1,acetone_1_n-heptane_99,acetone 1% / n-heptane 99%,8.4,2.402279638204557,group1.xlsx,acetone_1_n-heptane_99
group1,acetone_1_n-heptane_99,acetone 1% / n-heptane 99%,8.5,2.556378958213045,group1.xlsx,acetone_1_n-heptane_99
group1,acetone_1_n-heptane_99,acetone 1% / n-heptane 99%,8.6,1.891498511483174,group1.xlsx,acetone_1_n-heptane_99
group1,acetone_1_n-heptane_99,acetone 1% / n-heptane 99%,8.7,2.140722147567425,group1.xlsx,acetone_1_n-heptane_99
group1,acetone_1_n-heptane_99,acetone 1% / n-heptane 99%,8.8,2.060370426684393,group1.xlsx,acetone_1_n-heptane_99
group1,acetone_1_n-heptane_99,acetone 1% / n-heptane 99%,8.9,1.706669793916262,group1.xlsx,acetone_1_n-heptane_99
group1,acetone_1_n-heptane_99,acetone 1% / n-heptane 99%,9.0,1.760789813918183,group1.xlsx,acetone_1_n-heptane_99
group1,acetone_1_n-heptane_99,acetone 1% / n-heptane 99%,9.1,1.904681231561356,group1.xlsx,acetone_1_n-heptane_99
group1,acetone_1_n-heptane_99,acetone 1% / n-heptane 99%,9.2,1.687763567679863,group1.xlsx,acetone_1_n-heptane_99
group1,acetone_1_n-heptane_99,acetone 1% / n-heptane 99%,9.3,1.759528353499861,group1.xlsx,acetone_1_n-heptane_99
group1,acetone_1_n-heptane_99,acetone 1% / n-heptane 99%,9.4,1.750554915629963,group1.xlsx,acetone_1_n-heptane_99
group1,acetone_1_n-heptane_99,acetone 1% / n-heptane 99%,9.5,2.153611438476835,group1.xlsx,acetone_1_n-heptane_99
group1,acetone_1_n-heptane_99,acetone 1% / n-heptane 99%,9.6,1.696406383265802,group1.xlsx,acetone_1_n-heptane_99
group1,acetone_1_n-heptane_99,acetone 1% / n-heptane 99%,9.7,1.557319008024185,group1.xlsx,acetone_1_n-heptane_99
group1,acetone_1_n-heptane_99,acetone 1% / n-heptane 99%,9.8,1.310221265289966,group1.xlsx,acetone_1_n-heptane_99
group1,acetone_1_n-heptane_99,acetone 1% / n-heptane 99%,9.9,0.9536515737727641,group1.xlsx,acetone_1_n-heptane_99
group1,acetone_1_n-heptane_99,acetone 1% / n-heptane 99%,10.0,1.160688699892435,group1.xlsx,acetone_1_n-heptane_99
group1,acetone_5_n-heptane_95,acetone 5% / n-heptane 95%,0.0,0.0,group1.xlsx,acetone_5_n-heptane_95
group1,acetone_5_n-heptane_95,acetone 5% / n-heptane 95%,0.1,0.53140335528226,group1.xlsx,acetone_5_n-heptane_95
group1,acetone_5_n-heptane_95,acetone 5% / n-heptane 95%,0.2,0.2811370164368311,group1.xlsx,acetone_5_n-heptane_95
group1,acetone_5_n-heptane_95,acetone 5% / n-heptane 95%,0.3,0.4501310589023088,group1.xlsx,acetone_5_n-heptane_95
group1,acetone_5_n-heptane_95,acetone 5% / n-heptane 95%,0.4,0.7129393061322133,group1.xlsx,acetone_5_n-heptane_95
group1,acetone_5_n-heptane_95,acetone 5% / n-heptane 95%,0.5,1.175105669207103,group1.xlsx,acetone_5_n-heptane_95
group1,acetone_5_n-heptane_95,acetone 5% / n-heptane 95%,0.6,1.08902846767084,group1.xlsx,acetone_5_n-heptane_95
group1,acetone_5_n-heptane_95,acetone 5% / n-heptane 95%,0.7,0.8229750706512392,group1.xlsx,acetone_5_n-heptane_95
group1,acetone_5_n-heptane_95,acetone 5% / n-heptane 95%,0.8,0.5758306697464886,group1.xlsx,acetone_5_n-heptane_95
group1,acetone_5_n-heptane_95,acetone 5% / n-heptane 95%,0.9,0.6402207438391704,group1.xlsx,acetone_5_n-heptane_95
group1,acetone_5_n-heptane_95,acetone 5% / n-heptane 95%,1.0,0.4578289735132306,group1.xlsx,acetone_5_n-heptane_95
group1,acetone_5_n-heptane_95,acetone 5% / n-heptane 95%,1.1,0.6717362960557695,group1.xlsx,acetone_5_n-heptane_95
group1,acetone_5_n-heptane_95,acetone 5% / n-heptane 95%,1.2,0.3110897013924018,group1.xlsx,acetone_5_n-heptane_95
group1,acetone_5_n-heptane_95,acetone 5% / n-heptane 95%,1.3,0.4862274855613683,group1.xlsx,acetone_5_n-heptane_95
group1,acetone_5_n-heptane_95,acetone 5% / n-heptane 95%,1.4,0.729713950945783,group1.xlsx,acetone_5_n-heptane_95
group1,acetone_5_n-heptane_95,acetone 5% / n-heptane 95%,1.5,1.085458586837556,group1.xlsx,acetone_5_n-heptane_95
group1,acetone_5_n-heptane_95,acetone 5% / n-heptane 95%,1.6,1.278815095380178,group1.xlsx,acetone_5_n-heptane_95
group1,acetone_5_n-heptane_95,acetone 5% / n-heptane 95%,1.7,1.24673667946245,group1.xlsx,acetone_5_n-heptane_95
group1,acetone_5_n-heptane_95,acetone 5% / n-heptane 95%,1.8,0.9375189509002759,group1.xlsx,acetone_5_n-heptane_95
group1,acetone_5_n-heptane_95,acetone 5% / n-heptane 95%,1.9,0.9514663850374554,group1.xlsx,acetone_5_n-heptane_95
group1,acetone_5_n-heptane_95,acetone 5% / n-heptane 95%,2.0,0.6866687398771232,group1.xlsx,acetone_5_n-heptane_95
group1,acetone_5_n-heptane_95,acetone 5% / n-heptane 95%,2.1,0.6504045391344412,group1.xlsx,acetone_5_n-heptane_95
group1,acetone_5_n-heptane_95,acetone 5% / n-heptane 95%,2.2,1.339208315400792,group1.xlsx,acetone_5_n-heptane_95
group1,acetone_5_n-heptane_95,acetone 5% / n-heptane 95%,2.3,1.011509303298093,group1.xlsx,acetone_5_n-heptane_95
group1,acetone_5_n-heptane_95,acetone 5% / n-heptane 95%,2.4,0.6592154340638515,group1.xlsx,acetone_5_n-heptane_95
group1,acetone_5_n-heptane_95,acetone 5% / n-heptane 95%,2.5,1.055137735718791,group1.xlsx,acetone_5_n-heptane_95
group1,acetone_5_n-heptane_95,acetone 5% / n-heptane 95%,2.6,1.371937864464347,group1.xlsx,acetone_5_n-heptane_95
group1,acetone_5_n-heptane_95,acetone 5% / n-heptane 95%,2.7,1.467145037451859,group1.xlsx,acetone_5_n-heptane_95
group1,acetone_5_n-heptane_95,acetone 5% / n-heptane 95%,2.8,1.57752632973309,group1.xlsx,acetone_5_n-heptane_95
group1,acetone_5_n-heptane_95,acetone 5% / n-heptane 95%,2.9,1.651940094056616,group1.xlsx,acetone_5_n-heptane_95
group1,acetone_5_n-heptane_95,acetone 5% / n-heptane 95%,3.0,1.636501331150736,group1.xlsx,acetone_5_n-heptane_95
group1,acetone_5_n-heptane_95,acetone 5% / n-heptane 95%,3.1,1.71432027309724,group1.xlsx,acetone_5_n-heptane_95
group1,acetone_5_n-heptane_95,acetone 5% / n-heptane 95%,3.2,1.840172355054548,group1.xlsx,acetone_5_n-heptane_95
group1,acetone_5_n-heptane_95,acetone 5% / n-heptane 95%,3.3,1.94870951299088,group1.xlsx,acetone_5_n-heptane_95
group1,acetone_5_n-heptane_95,acetone 5% / n-heptane 95%,3.4,2.178254323216564,group1.xlsx,acetone_5_n-heptane_95
group1,acetone_5_n-heptane_95,acetone 5% / n-heptane 95%,3.5,2.271940008211243,group1.xlsx,acetone_5_n-heptane_95
group1,acetone_5_n-heptane_95,acetone 5% / n-heptane 95%,3.6,2.043340302747413,group1.xlsx,acetone_5_n-heptane_95
group1,acetone_5_n-heptane_95,acetone 5% / n-heptane 95%,3.7,1.845531579600887,group1.xlsx,acetone_5_n-heptane_95
group1,acetone_5_n-heptane_95,acetone 5% / n-heptane 95%,3.8,2.672992543654557,group1.xlsx,acetone_5_n-heptane_95
group1,acetone_5_n-heptane_95,acetone 5% / n-heptane 95%,3.9,2.189983774141243,group1.xlsx,acetone_5_n-heptane_95
group1,acetone_5_n-heptane_95,acetone 5% / n-heptane 95%,4.0,2.476009561577813,group1.xlsx,acetone_5_n-heptane_95
group1,acetone_5_n-heptane_95,acetone 5% / n-heptane 95%,4.1,2.73664459212541,group1.xlsx,acetone_5_n-heptane_95
group1,acetone_5_n-heptane_95,acetone 5% / n-heptane 95%,4.2,2.354554841247735,group1.xlsx,acetone_5_n-heptane_95
group1,acetone_5_n-heptane_95,acetone 5% / n-heptane 95%,4.3,1.836600909272421,group1.xlsx,acetone_5_n-heptane_95
group1,acetone_5_n-heptane_95,acetone 5% / n-heptane 95%,4.4,2.05367276957372,group1.xlsx,acetone_5_n-heptane_95
group1,acetone_5_n-heptane_95,acetone 5% / n-heptane 95%,4.5,1.969296214219318,group1.xlsx,acetone_5_n-heptane_95
group1,acetone_5_n-heptane_95,acetone 5% / n-heptane 95%,4.6,2.413211581734046,group1.xlsx,acetone_5_n-heptane_95
group1,acetone_5_n-heptane_95,acetone 5% / n-heptane 95%,4.7,1.999975640177235,group1.xlsx,acetone_5_n-heptane_95
group1,acetone_5_n-heptane_95,acetone 5% / n-heptane 95%,4.8,1.422796978790789,group1.xlsx,acetone_5_n-heptane_95
group1,acetone_5_n-heptane_95,acetone 5% / n-heptane 95%,4.9,1.152207900355705,group1.xlsx,acetone_5_n-heptane_95
group1,acetone_5_n-heptane_95,acetone 5% / n-heptane 95%,5.0,1.151224671592749,group1.xlsx,acetone_5_n-heptane_95
group1,acetone_5_n-heptane_95,acetone 5% / n-heptane 95%,5.1,1.082823310066829,group1.xlsx,acetone_5_n-heptane_95
group1,acetone_5_n-heptane_95,acetone 5% / n-heptane 95%,5.2,1.027336720117824,group1.xlsx,acetone_5_n-heptane_95
group1,acetone_5_n-heptane_95,acetone 5% / n-heptane 95%,5.3,1.348475609566748,group1.xlsx,acetone_5_n-heptane_95
group1,acetone_5_n-heptane_95,acetone 5% / n-heptane 95%,5.4,1.841069271935829,group1.xlsx,acetone_5_n-heptane_95
group1,acetone_5_n-heptane_95,acetone 5% / n-heptane 95%,5.5,2.254458532539498,group1.xlsx,acetone_5_n-heptane_95
group1,acetone_5_n-heptane_95,acetone 5% / n-heptane 95%,5.6,2.348130583256374,group1.xlsx,acetone_5_n-heptane_95
group1,acetone_5_n-heptane_95,acetone 5% / n-heptane 95%,5.7,2.342713345700161,group1.xlsx,acetone_5_n-heptane_95
group1,acetone_5_n-heptane_95,acetone 5% / n-heptane 95%,5.8,2.678272400521739,group1.xlsx,acetone_5_n-heptane_95
group1,acetone_5_n-heptane_95,acetone 5% / n-heptane 95%,5.9,2.602404912588499,group1.xlsx,acetone_5_n-heptane_95
group1,acetone_5_n-heptane_95,acetone 5% / n-heptane 95%,6.0,3.116007385394362,group1.xlsx,acetone_5_n-heptane_95
group1,acetone_5_n-heptane_95,acetone 5% / n-heptane 95%,6.1,3.210666800614848,group1.xlsx,acetone_5_n-heptane_95
group1,acetone_5_n-heptane_95,acetone 5% / n-heptane 95%,6.2,3.503594915076636,group1.xlsx,acetone_5_n-heptane_95
group1,acetone_5_n-heptane_95,acetone 5% / n-heptane 95%,6.3,3.570287803440409,group1.xlsx,acetone_5_n-heptane_95
group1,acetone_5_n-heptane_95,acetone 5% / n-heptane 95%,6.4,3.343468254722096,group1.xlsx,acetone_5_n-heptane_95
group1,acetone_5_n-heptane_95,acetone 5% / n-heptane 95%,6.5,3.470633522046644,group1.xlsx,acetone_5_n-heptane_95
group1,acetone_5_n-heptane_95,acetone 5% / n-heptane 95%,6.6,3.957311022647856,group1.xlsx,acetone_5_n-heptane_95
group1,acetone_5_n-heptane_95,acetone 5% / n-heptane 95%,6.7,3.833048503814223,group1.xlsx,acetone_5_n-heptane_95
group1,acetone_5_n-heptane_95,acetone 5% / n-heptane 95%,6.8,4.238715947386497,group1.xlsx,acetone_5_n-heptane_95
group1,acetone_5_n-heptane_95,acetone 5% / n-heptane 95%,6.9,4.006898155015743,group1.xlsx,acetone_5_n-heptane_95
group1,acetone_5_n-heptane_95,acetone 5% / n-heptane 95%,7.0,3.760171784229158,group1.xlsx,acetone_5_n-heptane_95
group1,acetone_5_n-heptane_95,acetone 5% / n-heptane 95%,7.1,3.994538661302975,group1.xlsx,acetone_5_n-heptane_95
group1,acetone_5_n-heptane_95,acetone 5% / n-heptane 95%,7.2,3.342996106531209,group1.xlsx,acetone_5_n-heptane_95
group1,acetone_5_n-heptane_95,acetone 5% / n-heptane 95%,7.3,2.877098519780924,group1.xlsx,acetone_5_n-heptane_95
group1,acetone_5_n-heptane_95,acetone 5% / n-heptane 95%,7.4,2.564960947220676,group1.xlsx,acetone_5_n-heptane_95
group1,acetone_5_n-heptane_95,acetone 5% / n-heptane 95%,7.5,3.06809554238162,group1.xlsx,acetone_5_n-heptane_95
group1,acetone_5_n-heptane_95,acetone 5% / n-heptane 95%,7.6,3.229631951863145,group1.xlsx,acetone_5_n-heptane_95
group1,acetone_5_n-heptane_95,acetone 5% / n-heptane 95%,7.7,3.649588771186782,group1.xlsx,acetone_5_n-heptane_95
group1,acetone_5_n-heptane_95,acetone 5% / n-heptane 95%,7.8,3.951792606691161,group1.xlsx,acetone_5_n-heptane_95
group1,acetone_5_n-heptane_95,acetone 5% / n-heptane 95%,7.9,4.492507855843249,group1.xlsx,acetone_5_n-heptane_95
group1,acetone_5_n-heptane_95,acetone 5% / n-heptane 95%,8.0,4.277696310121578,group1.xlsx,acetone_5_n-heptane_95
group1,acetone_5_n-heptane_95,acetone 5% / n-heptane 95%,8.1,3.875743906197507,group1.xlsx,acetone_5_n-heptane_95
group1,acetone_5_n-heptane_95,acetone 5% / n-heptane 95%,8.2,3.812507361718932,group1.xlsx,acetone_5_n-heptane_95
group1,acetone_5_n-heptane_95,acetone 5% / n-heptane 95%,8.3,4.209118072479914,group1.xlsx,acetone_5_n-heptane_95
group1,acetone_5_n-heptane_95,acetone 5% / n-heptane 95%,8.4,4.839490224227826,group1.xlsx,acetone_5_n-heptane_95
group1,acetone_5_n-heptane_95,acetone 5% / n-heptane 95%,8.5,4.866905788379102,group1.xlsx,acetone_5_n-heptane_95
group1,acetone_5_n-heptane_95,acetone 5% / n-heptane 95%,8.6,5.190761480455908,group1.xlsx,acetone_5_n-heptane_95
group1,acetone_5_n-heptane_95,acetone 5% / n-heptane 95%,8.7,5.168494652514478,group1.xlsx,acetone_5_n-heptane_95
group1,acetone_5_n-heptane_95,acetone 5% / n-heptane 95%,8.8,5.361712760643148,group1.xlsx,acetone_5_n-heptane_95
group1,acetone_5_n-heptane_95,acetone 5% / n-heptane 95%,8.9,4.642019055190355,group1.xlsx,acetone_5_n-heptane_95
group1,acetone_5_n-heptane_95,acetone 5% / n-heptane 95%,9.0,4.577388260445638,group1.xlsx,acetone_5_n-heptane_95
group1,acetone_5_n-heptane_95,acetone 5% / n-heptane 95%,9.1,4.112600898201769,group1.xlsx,acetone_5_n-heptane_95
group1,acetone_5_n-heptane_95,acetone 5% / n-heptane 95%,9.2,4.106500458590382,group1.xlsx,acetone_5_n-heptane_95
group1,acetone_5_n-heptane_95,acetone 5% / n-heptane 95%,9.3,4.561755278838329,group1.xlsx,acetone_5_n-heptane_95
group1,acetone_5_n-heptane_95,acetone 5% / n-heptane 95%,9.4,4.469607209624419,group1.xlsx,acetone_5_n-heptane_95
group1,acetone_5_n-heptane_95,acetone 5% / n-heptane 95%,9.5,4.18683279289463,group1.xlsx,acetone_5_n-heptane_95
group1,acetone_5_n-heptane_95,acetone 5% / n-heptane 95%,9.6,4.09584103282073,group1.xlsx,acetone_5_n-heptane_95
group1,acetone_5_n-heptane_95,acetone 5% / n-heptane 95%,9.7,4.12907280969554,group1.xlsx,acetone_5_n-heptane_95
group1,acetone_5_n-heptane_95,acetone 5% / n-heptane 95%,9.8,4.460236090939525,group1.xlsx,acetone_5_n-heptane_95
group1,acetone_5_n-heptane_95,acetone 5% / n-heptane 95%,9.9,4.599358521299528,group1.xlsx,acetone_5_n-heptane_95
group1,acetone_5_n-heptane_95,acetone 5% / n-heptane 95%,10.0,4.356893083234796,group1.xlsx,acetone_5_n-heptane_95
group1,acetone_10_n-heptane_90,acetone 10% / n-heptane 90%,0.0,0.0,group1.xlsx,acetone_10_n-heptane_90
group1,acetone_10_n-heptane_90,acetone 10% / n-heptane 90%,0.1,0.8010237453083835,group1.xlsx,acetone_10_n-heptane_90
group1,acetone_10_n-heptane_90,acetone 10% / n-heptane 90%,0.2,0.7998610361851347,group1.xlsx,acetone_10_n-heptane_90
group1,acetone_10_n-heptane_90,acetone 10% / n-heptane 90%,0.3,0.7491402656740119,group1.xlsx,acetone_10_n-heptane_90
group1,acetone_10_n-heptane_90,acetone 10% / n-heptane 90%,0.4,0.850728200735711,group1.xlsx,acetone_10_n-heptane_90
group1,acetone_10_n-heptane_90,acetone 10% / n-heptane 90%,0.5,0.9743897922998265,group1.xlsx,acetone_10_n-heptane_90
group1,acetone_10_n-heptane_90,acetone 10% / n-heptane 90%,0.6,1.090899481369016,group1.xlsx,acetone_10_n-heptane_90
group1,acetone_10_n-heptane_90,acetone 10% / n-heptane 90%,0.7,0.5902093932318447,group1.xlsx,acetone_10_n-heptane_90
group1,acetone_10_n-heptane_90,acetone 10% / n-heptane 90%,0.8,0.7580683699901237,group1.xlsx,acetone_10_n-heptane_90
group1,acetone_10_n-heptane_90,acetone 10% / n-heptane 90%,0.9,0.7994975809660532,group1.xlsx,acetone_10_n-heptane_90
group1,acetone_10_n-heptane_90,acetone 10% / n-heptane 90%,1.0,0.6166920026618824,group1.xlsx,acetone_10_n-heptane_90
group1,acetone_10_n-heptane_90,acetone 10% / n-heptane 90%,1.1,0.892275481653243,group1.xlsx,acetone_10_n-heptane_90
group1,acetone_10_n-heptane_90,acetone 10% / n-heptane 90%,1.2,1.034301807100833,group1.xlsx,acetone_10_n-heptane_90
group1,acetone_10_n-heptane_90,acetone 10% / n-heptane 90%,1.3,1.032833579760892,group1.xlsx,acetone_10_n-heptane_90
group1,acetone_10_n-heptane_90,acetone 10% / n-heptane 90%,1.4,0.9500922742320513,group1.xlsx,acetone_10_n-heptane_90
group1,acetone_10_n-heptane_90,acetone 10% / n-heptane 90%,1.5,0.8510228491325473,group1.xlsx,acetone_10_n-heptane_90
group1,acetone_10_n-heptane_90,acetone 10% / n-heptane 90%,1.6,0.9506421782194113,group1.xlsx,acetone_10_n-heptane_90
group1,acetone_10_n-heptane_90,acetone 10% / n-heptane 90%,1.7,1.541426759259303,group1.xlsx,acetone_10_n-heptane_90
group1,acetone_10_n-heptane_90,acetone 10% / n-heptane 90%,1.8,1.592816155972625,group1.xlsx,acetone_10_n-heptane_90
group1,acetone_10_n-heptane_90,acetone 10% / n-heptane 90%,1.9,1.779819186237141,group1.xlsx,acetone_10_n-heptane_90
group1,acetone_10_n-heptane_90,acetone 10% / n-heptane 90%,2.0,1.740611465967582,group1.xlsx,acetone_10_n-heptane_90
group1,acetone_10_n-heptane_90,acetone 10% / n-heptane 90%,2.1,1.627047354352195,group1.xlsx,acetone_10_n-heptane_90
group1,acetone_10_n-heptane_90,acetone 10% / n-heptane 90%,2.2,1.93691106009675,group1.xlsx,acetone_10_n-heptane_90
group1,acetone_10_n-heptane_90,acetone 10% / n-heptane 90%,2.3,1.573683473069228,group1.xlsx,acetone_10_n-heptane_90
group1,acetone_10_n-heptane_90,acetone 10% / n-heptane 90%,2.4,1.644480259038225,group1.xlsx,acetone_10_n-heptane_90
group1,acetone_10_n-heptane_90,acetone 10% / n-heptane 90%,2.5,1.98772222078651,group1.xlsx,acetone_10_n-heptane_90
group1,acetone_10_n-heptane_90,acetone 10% / n-heptane 90%,2.6,2.107727063218182,group1.xlsx,acetone_10_n-heptane_90
group1,acetone_10_n-heptane_90,acetone 10% / n-heptane 90%,2.7,1.813357589495567,group1.xlsx,acetone_10_n-heptane_90
group1,acetone_10_n-heptane_90,acetone 10% / n-heptane 90%,2.8,1.303635936867987,group1.xlsx,acetone_10_n-heptane_90
group1,acetone_10_n-heptane_90,acetone 10% / n-heptane 90%,2.9,1.369076995822833,group1.xlsx,acetone_10_n-heptane_90
group1,acetone_10_n-heptane_90,acetone 10% / n-heptane 90%,3.0,1.373333214878858,group1.xlsx,acetone_10_n-heptane_90
group1,acetone_10_n-heptane_90,acetone 10% / n-heptane 90%,3.1,1.519516513397241,group1.xlsx,acetone_10_n-heptane_90
group1,acetone_10_n-heptane_90,acetone 10% / n-heptane 90%,3.2,1.477270194277572,group1.xlsx,acetone_10_n-heptane_90
group1,acetone_10_n-heptane_90,acetone 10% / n-heptane 90%,3.3,1.031571168600617,group1.xlsx,acetone_10_n-heptane_90
group1,acetone_10_n-heptane_90,acetone 10% / n-heptane 90%,3.4,1.638041654252256,group1.xlsx,acetone_10_n-heptane_90
group1,acetone_10_n-heptane_90,acetone 10% / n-heptane 90%,3.5,1.977948928786803,group1.xlsx,acetone_10_n-heptane_90
group1,acetone_10_n-heptane_90,acetone 10% / n-heptane 90%,3.6,1.62718905795676,group1.xlsx,acetone_10_n-heptane_90
group1,acetone_10_n-heptane_90,acetone 10% / n-heptane 90%,3.7,1.180384620277695,group1.xlsx,acetone_10_n-heptane_90
group1,acetone_10_n-heptane_90,acetone 10% / n-heptane 90%,3.8,1.477585111275548,group1.xlsx,acetone_10_n-heptane_90
group1,acetone_10_n-heptane_90,acetone 10% / n-heptane 90%,3.9,0.9884064504891752,group1.xlsx,acetone_10_n-heptane_90
group1,acetone_10_n-heptane_90,acetone 10% / n-heptane 90%,4.0,0.9228717475123758,group1.xlsx,acetone_10_n-heptane_90
group1,acetone_10_n-heptane_90,acetone 10% / n-heptane 90%,4.1,0.9430656583553927,group1.xlsx,acetone_10_n-heptane_90
group1,acetone_10_n-heptane_90,acetone 10% / n-heptane 90%,4.2,0.7776748036747725,group1.xlsx,acetone_10_n-heptane_90
group1,acetone_10_n-heptane_90,acetone 10% / n-heptane 90%,4.3,0.9342529598950261,group1.xlsx,acetone_10_n-heptane_90
group1,acetone_10_n-heptane_90,acetone 10% / n-heptane 90%,4.4,0.9172242942498863,group1.xlsx,acetone_10_n-heptane_90
group1,acetone_10_n-heptane_90,acetone 10% / n-heptane 90%,4.5,0.7831713299143589,group1.xlsx,acetone_10_n-heptane_90
group1,acetone_10_n-heptane_90,acetone 10% / n-heptane 90%,4.6,0.4168272315082018,group1.xlsx,acetone_10_n-heptane_90
group1,acetone_10_n-heptane_90,acetone 10% / n-heptane 90%,4.7,0.3794872827118694,group1.xlsx,acetone_10_n-heptane_90
group1,acetone_10_n-heptane_90,acetone 10% / n-heptane 90%,4.8,0.3454526737697495,group1.xlsx,acetone_10_n-heptane_90
group1,acetone_10_n-heptane_90,acetone 10% / n-heptane 90%,4.9,0.5363088363952607,group1.xlsx,acetone_10_n-heptane_90
group1,acetone_10_n-heptane_90,acetone 10% / n-heptane 90%,5.0,0.5601337973669026,group1.xlsx,acetone_10_n-heptane_90
group1,acetone_10_n-heptane_90,acetone 10% / n-heptane 90%,5.1,0.5126939930191041,group1.xlsx,acetone_10_n-heptane_90
group1,acetone_10_n-heptane_90,acetone 10% / n-heptane 90%,5.2,0.2658751300154846,group1.xlsx,acetone_10_n-heptane_90
group1,acetone_10_n-heptane_90,acetone 10% / n-heptane 90%,5.3,0.164778789182263,group1.xlsx,acetone_10_n-heptane_90
group1,acetone_10_n-heptane_90,acetone 10% / n-heptane 90%,5.4,0.6636138105624289,group1.xlsx,acetone_10_n-heptane_90
group1,acetone_10_n-heptane_90,acetone 10% / n-heptane 90%,5.5,0.5656442441628796,group1.xlsx,acetone_10_n-heptane_90
group1,acetone_10_n-heptane_90,acetone 10% / n-heptane 90%,5.6,0.2594436723490459,group1.xlsx,acetone_10_n-heptane_90
group1,acetone_10_n-heptane_90,acetone 10% / n-heptane 90%,5.7,0.4743761047521346,group1.xlsx,acetone_10_n-heptane_90
group1,acetone_10_n-heptane_90,acetone 10% / n-heptane 90%,5.8,0.3377994832579658,group1.xlsx,acetone_10_n-heptane_90
group1,acetone_10_n-heptane_90,acetone 10% / n-heptane 90%,5.9,0.6756982708292599,group1.xlsx,acetone_10_n-heptane_90
group1,acetone_10_n-heptane_90,acetone 10% / n-heptane 90%,6.0,0.739655423281493,group1.xlsx,acetone_10_n-heptane_90
group1,acetone_10_n-heptane_90,acetone 10% / n-heptane 90%,6.1,0.7491313548151168,group1.xlsx,acetone_10_n-heptane_90
group1,acetone_10_n-heptane_90,acetone 10% / n-heptane 90%,6.2,0.9782725063254761,group1.xlsx,acetone_10_n-heptane_90
group1,acetone_10_n-heptane_90,acetone 10% / n-heptane 90%,6.3,0.68092257314939,group1.xlsx,acetone_10_n-heptane_90
group1,acetone_10_n-heptane_90,acetone 10% / n-heptane 90%,6.4,0.6960689153440947,group1.xlsx,acetone_10_n-heptane_90
group1,acetone_10_n-heptane_90,acetone 10% / n-heptane 90%,6.5,0.7609130846836996,group1.xlsx,acetone_10_n-heptane_90
group1,acetone_10_n-heptane_90,acetone 10% / n-heptane 90%,6.6,0.5226575055707513,group1.xlsx,acetone_10_n-heptane_90
group1,acetone_10_n-heptane_90,acetone 10% / n-heptane 90%,6.7,0.5604840704004532,group1.xlsx,acetone_10_n-heptane_90
group1,acetone_10_n-heptane_90,acetone 10% / n-heptane 90%,6.8,1.032940583187602,group1.xlsx,acetone_10_n-heptane_90
group1,acetone_10_n-heptane_90,acetone 10% / n-heptane 90%,6.9,0.8126257593518117,group1.xlsx,acetone_10_n-heptane_90
group1,acetone_10_n-heptane_90,acetone 10% / n-heptane 90%,7.0,0.7823097094038479,group1.xlsx,acetone_10_n-heptane_90
group1,acetone_10_n-heptane_90,acetone 10% / n-heptane 90%,7.1,1.042424047601783,group1.xlsx,acetone_10_n-heptane_90
group1,acetone_10_n-heptane_90,acetone 10% / n-heptane 90%,7.2,0.7663987090986252,group1.xlsx,acetone_10_n-heptane_90
group1,acetone_10_n-heptane_90,acetone 10% / n-heptane 90%,7.3,0.7686852524075315,group1.xlsx,acetone_10_n-heptane_90
group1,acetone_10_n-heptane_90,acetone 10% / n-heptane 90%,7.4,0.7879019466878525,group1.xlsx,acetone_10_n-heptane_90
group1,acetone_10_n-heptane_90,acetone 10% / n-heptane 90%,7.5,1.019218635428996,group1.xlsx,acetone_10_n-heptane_90
group1,acetone_10_n-heptane_90,acetone 10% / n-heptane 90%,7.6,1.526471261658662,group1.xlsx,acetone_10_n-heptane_90
group1,acetone_10_n-heptane_90,acetone 10% / n-heptane 90%,7.7,1.485166473539008,group1.xlsx,acetone_10_n-heptane_90
group1,acetone_10_n-heptane_90,acetone 10% / n-heptane 90%,7.8,2.067322395975035,group1.xlsx,acetone_10_n-heptane_90
group1,acetone_10_n-heptane_90,acetone 10% / n-heptane 90%,7.9,2.06098481178847,group1.xlsx,acetone_10_n-heptane_90
group1,acetone_10_n-heptane_90,acetone 10% / n-heptane 90%,8.0,2.739291223437639,group1.xlsx,acetone_10_n-heptane_90
group1,acetone_10_n-heptane_90,acetone 10% / n-heptane 90%,8.1,2.535906557944331,group1.xlsx,acetone_10_n-heptane_90
group1,acetone_10_n-heptane_90,acetone 10% / n-heptane 90%,8.2,2.567952133849172,group1.xlsx,acetone_10_n-heptane_90
group1,acetone_10_n-heptane_90,acetone 10% / n-heptane 90%,8.3,2.640953961966539,group1.xlsx,acetone_10_n-heptane_90
group1,acetone_10_n-heptane_90,acetone 10% / n-heptane 90%,8.4,3.056655757308397,group1.xlsx,acetone_10_n-heptane_90
group1,acetone_10_n-heptane_90,acetone 10% / n-heptane 90%,8.5,2.549245218053757,group1.xlsx,acetone_10_n-heptane_90
group1,acetone_10_n-heptane_90,acetone 10% / n-heptane 90%,8.6,2.743512187629177,group1.xlsx,acetone_10_n-heptane_90
group1,acetone_10_n-heptane_90,acetone 10% / n-heptane 90%,8.7,2.680964342748724,group1.xlsx,acetone_10_n-heptane_90
group1,acetone_10_n-heptane_90,acetone 10% / n-heptane 90%,8.8,3.09793745131974,group1.xlsx,acetone_10_n-heptane_90
group1,acetone_10_n-heptane_90,acetone 10% / n-heptane 90%,8.9,3.207358868351044,group1.xlsx,acetone_10_n-heptane_90
group1,acetone_10_n-heptane_90,acetone 10% / n-heptane 90%,9.0,3.237800621256525,group1.xlsx,acetone_10_n-heptane_90
group1,acetone_10_n-heptane_90,acetone 10% / n-heptane 90%,9.1,3.335864150769942,group1.xlsx,acetone_10_n-heptane_90
group1,acetone_10_n-heptane_90,acetone 10% / n-heptane 90%,9.2,3.310618062541866,group1.xlsx,acetone_10_n-heptane_90
group1,acetone_10_n-heptane_90,acetone 10% / n-heptane 90%,9.3,3.340645394753901,group1.xlsx,acetone_10_n-heptane_90
group1,acetone_10_n-heptane_90,acetone 10% / n-heptane 90%,9.4,3.700027734768301,group1.xlsx,acetone_10_n-heptane_90
group1,acetone_10_n-heptane_90,acetone 10% / n-heptane 90%,9.5,3.513835831751461,group1.xlsx,acetone_10_n-heptane_90
group1,acetone_10_n-heptane_90,acetone 10% / n-heptane 90%,9.6,3.014297941388715,group1.xlsx,acetone_10_n-heptane_90
group1,acetone_10_n-heptane_90,acetone 10% / n-heptane 90%,9.7,3.80133884450274,group1.xlsx,acetone_10_n-heptane_90
group1,acetone_10_n-heptane_90,acetone 10% / n-heptane 90%,9.8,3.949019018686985,group1.xlsx,acetone_10_n-heptane_90
group1,acetone_10_n-heptane_90,acetone 10% / n-heptane 90%,9.9,3.752733345966956,group1.xlsx,acetone_10_n-heptane_90
group1,acetone_10_n-heptane_90,acetone 10% / n-heptane 90%,10.0,3.794395793084319,group1.xlsx,acetone_10_n-heptane_90
group1,acetone_20_n-heptane_80,acetone 20% / n-heptane 80%,0.0,0.0,group1.xlsx,acetone_20_n-heptane_80
group1,acetone_20_n-heptane_80,acetone 20% / n-heptane 80%,0.1,0.5509069772493806,group1.xlsx,acetone_20_n-heptane_80
group1,acetone_20_n-heptane_80,acetone 20% / n-heptane 80%,0.2,0.2553082575247679,group1.xlsx,acetone_20_n-heptane_80
group1,acetone_20_n-heptane_80,acetone 20% / n-heptane 80%,0.3,0.5927197084085921,group1.xlsx,acetone_20_n-heptane_80
group1,acetone_20_n-heptane_80,acetone 20% / n-heptane 80%,0.4,0.4534746565559222,group1.xlsx,acetone_20_n-heptane_80
group1,acetone_20_n-heptane_80,acetone 20% / n-heptane 80%,0.5,0.5832457413613125,group1.xlsx,acetone_20_n-heptane_80
group1,acetone_20_n-heptane_80,acetone 20% / n-heptane 80%,0.6,0.7867985772739413,group1.xlsx,acetone_20_n-heptane_80
group1,acetone_20_n-heptane_80,acetone 20% / n-heptane 80%,0.7,0.9429872340380252,group1.xlsx,acetone_20_n-heptane_80
group1,acetone_20_n-heptane_80,acetone 20% / n-heptane 80%,0.8,0.7086005146765575,group1.xlsx,acetone_20_n-heptane_80
group1,acetone_20_n-heptane_80,acetone 20% / n-heptane 80%,0.9,0.7140329301565593,group1.xlsx,acetone_20_n-heptane_80
group1,acetone_20_n-heptane_80,acetone 20% / n-heptane 80%,1.0,0.5005939381807886,group1.xlsx,acetone_20_n-heptane_80
group1,acetone_20_n-heptane_80,acetone 20% / n-heptane 80%,1.1,0.6109305576640583,group1.xlsx,acetone_20_n-heptane_80
group1,acetone_20_n-heptane_80,acetone 20% / n-heptane 80%,1.2,0.2558628442465432,group1.xlsx,acetone_20_n-heptane_80
group1,acetone_20_n-heptane_80,acetone 20% / n-heptane 80%,1.3,0.5738491292588962,group1.xlsx,acetone_20_n-heptane_80
group1,acetone_20_n-heptane_80,acetone 20% / n-heptane 80%,1.4,0.4912487958981535,group1.xlsx,acetone_20_n-heptane_80
group1,acetone_20_n-heptane_80,acetone 20% / n-heptane 80%,1.5,0.4728520346823179,group1.xlsx,acetone_20_n-heptane_80
group1,acetone_20_n-heptane_80,acetone 20% / n-heptane 80%,1.6,0.5364251586347824,group1.xlsx,acetone_20_n-heptane_80
group1,acetone_20_n-heptane_80,acetone 20% / n-heptane 80%,1.7,0.51451608490147,group1.xlsx,acetone_20_n-heptane_80
group1,acetone_20_n-heptane_80,acetone 20% / n-heptane 80%,1.8,0.4447177394506541,group1.xlsx,acetone_20_n-heptane_80
group1,acetone_20_n-heptane_80,acetone 20% / n-heptane 80%,1.9,0.91246087865672,group1.xlsx,acetone_20_n-heptane_80
group1,acetone_20_n-heptane_80,acetone 20% / n-heptane 80%,2.0,0.501064271724587,group1.xlsx,acetone_20_n-heptane_80
group1,acetone_20_n-heptane_80,acetone 20% / n-heptane 80%,2.1,0.6742651449997709,group1.xlsx,acetone_20_n-heptane_80
group1,acetone_20_n-heptane_80,acetone 20% / n-heptane 80%,2.2,0.5047391649721092,group1.xlsx,acetone_20_n-heptane_80
group1,acetone_20_n-heptane_80,acetone 20% / n-heptane 80%,2.3,0.5558714176889911,group1.xlsx,acetone_20_n-heptane_80
group1,acetone_20_n-heptane_80,acetone 20% / n-heptane 80%,2.4,0.4949278679008572,group1.xlsx,acetone_20_n-heptane_80
group1,acetone_20_n-heptane_80,acetone 20% / n-heptane 80%,2.5,0.4319490284113339,group1.xlsx,acetone_20_n-heptane_80
group1,acetone_20_n-heptane_80,acetone 20% / n-heptane 80%,2.6,0.6976902879612269,group1.xlsx,acetone_20_n-heptane_80
group1,acetone_20_n-heptane_80,acetone 20% / n-heptane 80%,2.7,0.7483188993920863,group1.xlsx,acetone_20_n-heptane_80
group1,acetone_20_n-heptane_80,acetone 20% / n-heptane 80%,2.8,0.6177698652843621,group1.xlsx,acetone_20_n-heptane_80
group1,acetone_20_n-heptane_80,acetone 20% / n-heptane 80%,2.9,1.137918838599515,group1.xlsx,acetone_20_n-heptane_80
group1,acetone_20_n-heptane_80,acetone 20% / n-heptane 80%,3.0,1.329905227813934,group1.xlsx,acetone_20_n-heptane_80
group1,acetone_20_n-heptane_80,acetone 20% / n-heptane 80%,3.1,1.633928027940412,group1.xlsx,acetone_20_n-heptane_80
group1,acetone_20_n-heptane_80,acetone 20% / n-heptane 80%,3.2,1.350157879001045,group1.xlsx,acetone_20_n-heptane_80
group1,acetone_20_n-heptane_80,acetone 20% / n-heptane 80%,3.3,1.245710190525077,group1.xlsx,acetone_20_n-heptane_80
group1,acetone_20_n-heptane_80,acetone 20% / n-heptane 80%,3.4,0.6812954025380715,group1.xlsx,acetone_20_n-heptane_80
group1,acetone_20_n-heptane_80,acetone 20% / n-heptane 80%,3.5,0.4635479891170267,group1.xlsx,acetone_20_n-heptane_80
group1,acetone_20_n-heptane_80,acetone 20% / n-heptane 80%,3.6,0.3243963609781782,group1.xlsx,acetone_20_n-heptane_80
group1,acetone_20_n-heptane_80,acetone 20% / n-heptane 80%,3.7,0.372608502047537,group1.xlsx,acetone_20_n-heptane_80
group1,acetone_20_n-heptane_80,acetone 20% / n-heptane 80%,3.8,0.5612846291255158,group1.xlsx,acetone_20_n-heptane_80
group1,acetone_20_n-heptane_80,acetone 20% / n-heptane 80%,3.9,0.8625304996858764,group1.xlsx,acetone_20_n-heptane_80
group1,acetone_20_n-heptane_80,acetone 20% / n-heptane 80%,4.0,0.8862907832679277,group1.xlsx,acetone_20_n-heptane_80
group1,acetone_20_n-heptane_80,acetone 20% / n-heptane 80%,4.1,0.9936457583587174,group1.xlsx,acetone_20_n-heptane_80
group1,acetone_20_n-heptane_80,acetone 20% / n-heptane 80%,4.2,0.9301588951125421,group1.xlsx,acetone_20_n-heptane_80
group1,acetone_20_n-heptane_80,acetone 20% / n-heptane 80%,4.3,0.8051603667189703,group1.xlsx,acetone_20_n-heptane_80
group1,acetone_20_n-heptane_80,acetone 20% / n-heptane 80%,4.4,0.7769441947237166,group1.xlsx,acetone_20_n-heptane_80
group1,acetone_20_n-heptane_80,acetone 20% / n-heptane 80%,4.5,0.9400050880890102,group1.xlsx,acetone_20_n-heptane_80
group1,acetone_20_n-heptane_80,acetone 20% / n-heptane 80%,4.6,1.002068200894847,group1.xlsx,acetone_20_n-heptane_80
group1,acetone_20_n-heptane_80,acetone 20% / n-heptane 80%,4.7,1.241248073527337,group1.xlsx,acetone_20_n-heptane_80
group1,acetone_20_n-heptane_80,acetone 20% / n-heptane 80%,4.8,1.151352522537097,group1.xlsx,acetone_20_n-heptane_80
group1,acetone_20_n-heptane_80,acetone 20% / n-heptane 80%,4.9,1.304212190877309,group1.xlsx,acetone_20_n-heptane_80
group1,acetone_20_n-heptane_80,acetone 20% / n-heptane 80%,5.0,1.044887626285014,group1.xlsx,acetone_20_n-heptane_80
group1,acetone_20_n-heptane_80,acetone 20% / n-heptane 80%,5.1,1.175249085493242,group1.xlsx,acetone_20_n-heptane_80
group1,acetone_20_n-heptane_80,acetone 20% / n-heptane 80%,5.2,1.074085795100557,group1.xlsx,acetone_20_n-heptane_80
group1,acetone_20_n-heptane_80,acetone 20% / n-heptane 80%,5.3,1.2460738685376,group1.xlsx,acetone_20_n-heptane_80
group1,acetone_20_n-heptane_80,acetone 20% / n-heptane 80%,5.4,1.757107064751745,group1.xlsx,acetone_20_n-heptane_80
group1,acetone_20_n-heptane_80,acetone 20% / n-heptane 80%,5.5,1.55245096627154,group1.xlsx,acetone_20_n-heptane_80
group1,acetone_20_n-heptane_80,acetone 20% / n-heptane 80%,5.6,1.840951388508433,group1.xlsx,acetone_20_n-heptane_80
group1,acetone_20_n-heptane_80,acetone 20% / n-heptane 80%,5.7,1.920966488370303,group1.xlsx,acetone_20_n-heptane_80
group1,acetone_20_n-heptane_80,acetone 20% / n-heptane 80%,5.8,2.142532666571122,group1.xlsx,acetone_20_n-heptane_80
group1,acetone_20_n-heptane_80,acetone 20% / n-heptane 80%,5.9,2.313553050897497,group1.xlsx,acetone_20_n-heptane_80
group1,acetone_20_n-heptane_80,acetone 20% / n-heptane 80%,6.0,2.493982417250529,group1.xlsx,acetone_20_n-heptane_80
group1,acetone_20_n-heptane_80,acetone 20% / n-heptane 80%,6.1,2.745999754445943,group1.xlsx,acetone_20_n-heptane_80
group1,acetone_20_n-heptane_80,acetone 20% / n-heptane 80%,6.2,3.117792220487444,group1.xlsx,acetone_20_n-heptane_80
group1,acetone_20_n-heptane_80,acetone 20% / n-heptane 80%,6.3,2.83058529086014,group1.xlsx,acetone_20_n-heptane_80
group1,acetone_20_n-heptane_80,acetone 20% / n-heptane 80%,6.4,2.666415992021109,group1.xlsx,acetone_20_n-heptane_80
group1,acetone_20_n-heptane_80,acetone 20% / n-heptane 80%,6.5,2.876998531155646,group1.xlsx,acetone_20_n-heptane_80
group1,acetone_20_n-heptane_80,acetone 20% / n-heptane 80%,6.6,2.525772753296716,group1.xlsx,acetone_20_n-heptane_80
group1,acetone_20_n-heptane_80,acetone 20% / n-heptane 80%,6.7,2.829626624555902,group1.xlsx,acetone_20_n-heptane_80
group1,acetone_20_n-heptane_80,acetone 20% / n-heptane 80%,6.8,2.756061966155479,group1.xlsx,acetone_20_n-heptane_80
group1,acetone_20_n-heptane_80,acetone 20% / n-heptane 80%,6.9,2.603942744778103,group1.xlsx,acetone_20_n-heptane_80
group1,acetone_20_n-heptane_80,acetone 20% / n-heptane 80%,7.0,2.453474037860605,group1.xlsx,acetone_20_n-heptane_80
group1,acetone_20_n-heptane_80,acetone 20% / n-heptane 80%,7.1,2.701766851475954,group1.xlsx,acetone_20_n-heptane_80
group1,acetone_20_n-heptane_80,acetone 20% / n-heptane 80%,7.2,2.897978652551816,group1.xlsx,acetone_20_n-heptane_80
group1,acetone_20_n-heptane_80,acetone 20% / n-heptane 80%,7.3,2.885477679892781,group1.xlsx,acetone_20_n-heptane_80
group1,acetone_20_n-heptane_80,acetone 20% / n-heptane 80%,7.4,2.151292067785285,group1.xlsx,acetone_20_n-heptane_80
group1,acetone_20_n-heptane_80,acetone 20% / n-heptane 80%,7.5,2.189072498526505,group1.xlsx,acetone_20_n-heptane_80
group1,acetone_20_n-heptane_80,acetone 20% / n-heptane 80%,7.6,2.259243338260375,group1.xlsx,acetone_20_n-heptane_80
group1,acetone_20_n-heptane_80,acetone 20% / n-heptane 80%,7.7,2.693532669962459,group1.xlsx,acetone_20_n-heptane_80
group1,acetone_20_n-heptane_80,acetone 20% / n-heptane 80%,7.8,2.738495447998313,group1.xlsx,acetone_20_n-heptane_80
group1,acetone_20_n-heptane_80,acetone 20% / n-heptane 80%,7.9,2.617422058857812,group1.xlsx,acetone_20_n-heptane_80
group1,acetone_20_n-heptane_80,acetone 20% / n-heptane 80%,8.0,2.916836805766669,group1.xlsx,acetone_20_n-heptane_80
group1,acetone_20_n-heptane_80,acetone 20% / n-heptane 80%,8.1,2.935603259824999,group1.xlsx,acetone_20_n-heptane_80
group1,acetone_20_n-heptane_80,acetone 20% / n-heptane 80%,8.2,2.822750010155802,group1.xlsx,acetone_20_n-heptane_80
group1,acetone_20_n-heptane_80,acetone 20% / n-heptane 80%,8.3,3.019095538717121,group1.xlsx,acetone_20_n-heptane_80
group1,acetone_20_n-heptane_80,acetone 20% / n-heptane 80%,8.4,2.793429364392526,group1.xlsx,acetone_20_n-heptane_80
group1,acetone_20_n-heptane_80,acetone 20% / n-heptane 80%,8.5,2.851033265063228,group1.xlsx,acetone_20_n-heptane_80
group1,acetone_20_n-heptane_80,acetone 20% / n-heptane 80%,8.6,3.04755330737648,group1.xlsx,acetone_20_n-heptane_80
group1,acetone_20_n-heptane_80,acetone 20% / n-heptane 80%,8.7,2.550655615656645,group1.xlsx,acetone_20_n-heptane_80
group1,acetone_20_n-heptane_80,acetone 20% / n-heptane 80%,8.8,2.420170635105445,group1.xlsx,acetone_20_n-heptane_80
group1,acetone_20_n-heptane_80,acetone 20% / n-heptane 80%,8.9,2.520601339136317,group1.xlsx,acetone_20_n-heptane_80
group1,acetone_20_n-heptane_80,acetone 20% / n-heptane 80%,9.0,3.28048103585954,group1.xlsx,acetone_20_n-heptane_80
group1,acetone_20_n-heptane_80,acetone 20% / n-heptane 80%,9.1,3.061834646416105,group1.xlsx,acetone_20_n-heptane_80
group1,acetone_20_n-heptane_80,acetone 20% / n-heptane 80%,9.2,2.715218006096288,group1.xlsx,acetone_20_n-heptane_80
group1,acetone_20_n-heptane_80,acetone 20% / n-heptane 80%,9.3,2.980735801972568,group1.xlsx,acetone_20_n-heptane_80
group1,acetone_20_n-heptane_80,acetone 20% / n-heptane 80%,9.4,2.841787784545369,group1.xlsx,acetone_20_n-heptane_80
group1,acetone_20_n-heptane_80,acetone 20% / n-heptane 80%,9.5,3.236605046161328,group1.xlsx,acetone_20_n-heptane_80
group1,acetone_20_n-heptane_80,acetone 20% / n-heptane 80%,9.6,3.51733758135755,group1.xlsx,acetone_20_n-heptane_80
group1,acetone_20_n-heptane_80,acetone 20% / n-heptane 80%,9.7,3.005472416874268,group1.xlsx,acetone_20_n-heptane_80
group1,acetone_20_n-heptane_80,acetone 20% / n-heptane 80%,9.8,2.932377529258896,group1.xlsx,acetone_20_n-heptane_80
group1,acetone_20_n-heptane_80,acetone 20% / n-heptane 80%,9.9,3.126002334697398,group1.xlsx,acetone_20_n-heptane_80
group1,acetone_20_n-heptane_80,acetone 20% / n-heptane 80%,10.0,3.071413958082365,group1.xlsx,acetone_20_n-heptane_80
group1,acetone_30_n-heptane_70,acetone 30% / n-heptane 70%,0.0,0.0,group1.xlsx,acetone_30_n-heptane_70
group1,acetone_30_n-heptane_70,acetone 30% / n-heptane 70%,0.1,1.064701395829995,group1.xlsx,acetone_30_n-heptane_70
group1,acetone_30_n-heptane_70,acetone 30% / n-heptane 70%,0.2,1.186118449325141,group1.xlsx,acetone_30_n-heptane_70
group1,acetone_30_n-heptane_70,acetone 30% / n-heptane 70%,0.3,1.055921810670956,group1.xlsx,acetone_30_n-heptane_70
group1,acetone_30_n-heptane_70,acetone 30% / n-heptane 70%,0.4,1.41203288579582,group1.xlsx,acetone_30_n-heptane_70
group1,acetone_30_n-heptane_70,acetone 30% / n-heptane 70%,0.5,1.144473589744697,group1.xlsx,acetone_30_n-heptane_70
group1,acetone_30_n-heptane_70,acetone 30% / n-heptane 70%,0.6,0.8657593671999134,group1.xlsx,acetone_30_n-heptane_70
group1,acetone_30_n-heptane_70,acetone 30% / n-heptane 70%,0.7,0.6551823111198545,group1.xlsx,acetone_30_n-heptane_70
group1,acetone_30_n-heptane_70,acetone 30% / n-heptane 70%,0.8,0.6978878705849232,group1.xlsx,acetone_30_n-heptane_70
group1,acetone_30_n-heptane_70,acetone 30% / n-heptane 70%,0.9,0.9806661869612919,group1.xlsx,acetone_30_n-heptane_70
group1,acetone_30_n-heptane_70,acetone 30% / n-heptane 70%,1.0,1.088839415641827,group1.xlsx,acetone_30_n-heptane_70
group1,acetone_30_n-heptane_70,acetone 30% / n-heptane 70%,1.1,1.197951400745931,group1.xlsx,acetone_30_n-heptane_70
group1,acetone_30_n-heptane_70,acetone 30% / n-heptane 70%,1.2,0.9219213354799645,group1.xlsx,acetone_30_n-heptane_70
group1,acetone_30_n-heptane_70,acetone 30% / n-heptane 70%,1.3,1.057214394701838,group1.xlsx,acetone_30_n-heptane_70
group1,acetone_30_n-heptane_70,acetone 30% / n-heptane 70%,1.4,1.161648700988226,group1.xlsx,acetone_30_n-heptane_70
group1,acetone_30_n-heptane_70,acetone 30% / n-heptane 70%,1.5,1.322024366328644,group1.xlsx,acetone_30_n-heptane_70
group1,acetone_30_n-heptane_70,acetone 30% / n-heptane 70%,1.6,1.355200302820356,group1.xlsx,acetone_30_n-heptane_70
group1,acetone_30_n-heptane_70,acetone 30% / n-heptane 70%,1.7,1.347858251189207,group1.xlsx,acetone_30_n-heptane_70
group1,acetone_30_n-heptane_70,acetone 30% / n-heptane 70%,1.8,1.449947330425333,group1.xlsx,acetone_30_n-heptane_70
group1,acetone_30_n-heptane_70,acetone 30% / n-heptane 70%,1.9,1.0290735410276,group1.xlsx,acetone_30_n-heptane_70
group1,acetone_30_n-heptane_70,acetone 30% / n-heptane 70%,2.0,1.075226347858503,group1.xlsx,acetone_30_n-heptane_70
group1,acetone_30_n-heptane_70,acetone 30% / n-heptane 70%,2.1,0.9556303217519901,group1.xlsx,acetone_30_n-heptane_70
group1,acetone_30_n-heptane_70,acetone 30% / n-heptane 70%,2.2,1.334053675802524,group1.xlsx,acetone_30_n-heptane_70
group1,acetone_30_n-heptane_70,acetone 30% / n-heptane 70%,2.3,1.432141626656269,group1.xlsx,acetone_30_n-heptane_70
group1,acetone_30_n-heptane_70,acetone 30% / n-heptane 70%,2.4,1.437207304592069,group1.xlsx,acetone_30_n-heptane_70
group1,acetone_30_n-heptane_70,acetone 30% / n-heptane 70%,2.5,1.637631943010369,group1.xlsx,acetone_30_n-heptane_70
group1,acetone_30_n-heptane_70,acetone 30% / n-heptane 70%,2.6,1.327978740172862,group1.xlsx,acetone_30_n-heptane_70
group1,acetone_30_n-heptane_70,acetone 30% / n-heptane 70%,2.7,1.259147125572175,group1.xlsx,acetone_30_n-heptane_70
group1,acetone_30_n-heptane_70,acetone 30% / n-heptane 70%,2.8,1.444184838670604,group1.xlsx,acetone_30_n-heptane_70
group1,acetone_30_n-heptane_70,acetone 30% / n-heptane 70%,2.9,1.636147647386349,group1.xlsx,acetone_30_n-heptane_70
group1,acetone_30_n-heptane_70,acetone 30% / n-heptane 70%,3.0,1.515478152083826,group1.xlsx,acetone_30_n-heptane_70
group1,acetone_30_n-heptane_70,acetone 30% / n-heptane 70%,3.1,2.00786398152432,group1.xlsx,acetone_30_n-heptane_70
group1,acetone_30_n-heptane_70,acetone 30% / n-heptane 70%,3.2,2.395881856311734,group1.xlsx,acetone_30_n-heptane_70
group1,acetone_30_n-heptane_70,acetone 30% / n-heptane 70%,3.3,1.994594876290793,group1.xlsx,acetone_30_n-heptane_70
group1,acetone_30_n-heptane_70,acetone 30% / n-heptane 70%,3.4,1.681488194345787,group1.xlsx,acetone_30_n-heptane_70
group1,acetone_30_n-heptane_70,acetone 30% / n-heptane 70%,3.5,1.805992294878545,group1.xlsx,acetone_30_n-heptane_70
group1,acetone_30_n-heptane_70,acetone 30% / n-heptane 70%,3.6,1.734186638382969,group1.xlsx,acetone_30_n-heptane_70
group1,acetone_30_n-heptane_70,acetone 30% / n-heptane 70%,3.7,1.409485023503531,group1.xlsx,acetone_30_n-heptane_70
group1,acetone_30_n-heptane_70,acetone 30% / n-heptane 70%,3.8,1.682239384763319,group1.xlsx,acetone_30_n-heptane_70
group1,acetone_30_n-heptane_70,acetone 30% / n-heptane 70%,3.9,1.394924213822566,group1.xlsx,acetone_30_n-heptane_70
group1,acetone_30_n-heptane_70,acetone 30% / n-heptane 70%,4.0,1.532823936183028,group1.xlsx,acetone_30_n-heptane_70
group1,acetone_30_n-heptane_70,acetone 30% / n-heptane 70%,4.1,1.406986707113602,group1.xlsx,acetone_30_n-heptane_70
group1,acetone_30_n-heptane_70,acetone 30% / n-heptane 70%,4.2,1.172956283150837,group1.xlsx,acetone_30_n-heptane_70
group1,acetone_30_n-heptane_70,acetone 30% / n-heptane 70%,4.3,1.299287123795527,group1.xlsx,acetone_30_n-heptane_70
group1,acetone_30_n-heptane_70,acetone 30% / n-heptane 70%,4.4,0.8860300636223168,group1.xlsx,acetone_30_n-heptane_70
group1,acetone_30_n-heptane_70,acetone 30% / n-heptane 70%,4.5,0.9907466898809779,group1.xlsx,acetone_30_n-heptane_70
group1,acetone_30_n-heptane_70,acetone 30% / n-heptane 70%,4.6,0.8081079706623122,group1.xlsx,acetone_30_n-heptane_70
group1,acetone_30_n-heptane_70,acetone 30% / n-heptane 70%,4.7,0.8362360439827391,group1.xlsx,acetone_30_n-heptane_70
group1,acetone_30_n-heptane_70,acetone 30% / n-heptane 70%,4.8,0.8952458153160148,group1.xlsx,acetone_30_n-heptane_70
group1,acetone_30_n-heptane_70,acetone 30% / n-heptane 70%,4.9,1.047308467036999,group1.xlsx,acetone_30_n-heptane_70
group1,acetone_30_n-heptane_70,acetone 30% / n-heptane 70%,5.0,1.046715218357062,group1.xlsx,acetone_30_n-heptane_70
group1,acetone_30_n-heptane_70,acetone 30% / n-heptane 70%,5.1,0.5768622950137389,group1.xlsx,acetone_30_n-heptane_70
group1,acetone_30_n-heptane_70,acetone 30% / n-heptane 70%,5.2,0.9885978799928092,group1.xlsx,acetone_30_n-heptane_70
group1,acetone_30_n-heptane_70,acetone 30% / n-heptane 70%,5.3,1.361986742049258,group1.xlsx,acetone_30_n-heptane_70
group1,acetone_30_n-heptane_70,acetone 30% / n-heptane 70%,5.4,1.150519787361142,group1.xlsx,acetone_30_n-heptane_70
group1,acetone_30_n-heptane_70,acetone 30% / n-heptane 70%,5.5,1.28773047147976,group1.xlsx,acetone_30_n-heptane_70
group1,acetone_30_n-heptane_70,acetone 30% / n-heptane 70%,5.6,1.115758972853341,group1.xlsx,acetone_30_n-heptane_70
group1,acetone_30_n-heptane_70,acetone 30% / n-heptane 70%,5.7,1.029099733684628,group1.xlsx,acetone_30_n-heptane_70
group1,acetone_30_n-heptane_70,acetone 30% / n-heptane 70%,5.8,0.719020244999211,group1.xlsx,acetone_30_n-heptane_70
group1,acetone_30_n-heptane_70,acetone 30% / n-heptane 70%,5.9,0.6419887033303684,group1.xlsx,acetone_30_n-heptane_70
group1,acetone_30_n-heptane_70,acetone 30% / n-heptane 70%,6.0,0.8056807694662207,group1.xlsx,acetone_30_n-heptane_70
group1,acetone_30_n-heptane_70,acetone 30% / n-heptane 70%,6.1,0.8378120698001241,group1.xlsx,acetone_30_n-heptane_70
group1,acetone_30_n-heptane_70,acetone 30% / n-heptane 70%,6.2,0.9090670806247764,group1.xlsx,acetone_30_n-heptane_70
group1,acetone_30_n-heptane_70,acetone 30% / n-heptane 70%,6.3,0.7324665669463843,group1.xlsx,acetone_30_n-heptane_70
group1,acetone_30_n-heptane_70,acetone 30% / n-heptane 70%,6.4,1.259608397871054,group1.xlsx,acetone_30_n-heptane_70
group1,acetone_30_n-heptane_70,acetone 30% / n-heptane 70%,6.5,1.372320768884186,group1.xlsx,acetone_30_n-heptane_70
group1,acetone_30_n-heptane_70,acetone 30% / n-heptane 70%,6.6,1.265687534978103,group1.xlsx,acetone_30_n-heptane_70
group1,acetone_30_n-heptane_70,acetone 30% / n-heptane 70%,6.7,1.395343254374399,group1.xlsx,acetone_30_n-heptane_70
group1,acetone_30_n-heptane_70,acetone 30% / n-heptane 70%,6.8,1.821170874237674,group1.xlsx,acetone_30_n-heptane_70
group1,acetone_30_n-heptane_70,acetone 30% / n-heptane 70%,6.9,1.421599036285008,group1.xlsx,acetone_30_n-heptane_70
group1,acetone_30_n-heptane_70,acetone 30% / n-heptane 70%,7.0,1.149600997796303,group1.xlsx,acetone_30_n-heptane_70
group1,acetone_30_n-heptane_70,acetone 30% / n-heptane 70%,7.1,1.088438201043359,group1.xlsx,acetone_30_n-heptane_70
group1,acetone_30_n-heptane_70,acetone 30% / n-heptane 70%,7.2,0.8823725195957127,group1.xlsx,acetone_30_n-heptane_70
group1,acetone_30_n-heptane_70,acetone 30% / n-heptane 70%,7.3,0.9093743303392521,group1.xlsx,acetone_30_n-heptane_70
group1,acetone_30_n-heptane_70,acetone 30% / n-heptane 70%,7.4,1.187715453812669,group1.xlsx,acetone_30_n-heptane_70
group1,acetone_30_n-heptane_70,acetone 30% / n-heptane 70%,7.5,0.9999035799019916,group1.xlsx,acetone_30_n-heptane_70
group1,acetone_30_n-heptane_70,acetone 30% / n-heptane 70%,7.6,1.083567166759674,group1.xlsx,acetone_30_n-heptane_70
group1,acetone_30_n-heptane_70,acetone 30% / n-heptane 70%,7.7,1.148051170422002,group1.xlsx,acetone_30_n-heptane_70
group1,acetone_30_n-heptane_70,acetone 30% / n-heptane 70%,7.8,1.787557651220262,group1.xlsx,acetone_30_n-heptane_70
group1,acetone_30_n-heptane_70,acetone 30% / n-heptane 70%,7.9,1.912286182067589,group1.xlsx,acetone_30_n-heptane_70
group1,acetone_30_n-heptane_70,acetone 30% / n-heptane 70%,8.0,1.772727776318738,group1.xlsx,acetone_30_n-heptane_70
group1,acetone_30_n-heptane_70,acetone 30% / n-heptane 70%,8.1,1.819322070399934,group1.xlsx,acetone_30_n-heptane_70
group1,acetone_30_n-heptane_70,acetone 30% / n-heptane 70%,8.2,1.252928346733071,group1.xlsx,acetone_30_n-heptane_70
group1,acetone_30_n-heptane_70,acetone 30% / n-heptane 70%,8.3,1.077245560513752,group1.xlsx,acetone_30_n-heptane_70
group1,acetone_30_n-heptane_70,acetone 30% / n-heptane 70%,8.4,0.7871980823110214,group1.xlsx,acetone_30_n-heptane_70
group1,acetone_30_n-heptane_70,acetone 30% / n-heptane 70%,8.5,1.505597606718026,group1.xlsx,acetone_30_n-heptane_70
group1,acetone_30_n-heptane_70,acetone 30% / n-heptane 70%,8.6,1.496304300681607,group1.xlsx,acetone_30_n-heptane_70
group1,acetone_30_n-heptane_70,acetone 30% / n-heptane 70%,8.7,1.029790139716309,group1.xlsx,acetone_30_n-heptane_70
group1,acetone_30_n-heptane_70,acetone 30% / n-heptane 70%,8.8,1.099173424764574,group1.xlsx,acetone_30_n-heptane_70
group1,acetone_30_n-heptane_70,acetone 30% / n-heptane 70%,8.9,1.197355832022656,group1.xlsx,acetone_30_n-heptane_70
group1,acetone_30_n-heptane_70,acetone 30% / n-heptane 70%,9.0,1.306016212310411,group1.xlsx,acetone_30_n-heptane_70
group1,acetone_30_n-heptane_70,acetone 30% / n-heptane 70%,9.1,1.577452135312332,group1.xlsx,acetone_30_n-heptane_70
group1,acetone_30_n-heptane_70,acetone 30% / n-heptane 70%,9.2,1.293788284355446,group1.xlsx,acetone_30_n-heptane_70
group1,acetone_30_n-heptane_70,acetone 30% / n-heptane 70%,9.3,1.27539960253007,group1.xlsx,acetone_30_n-heptane_70
group1,acetone_30_n-heptane_70,acetone 30% / n-heptane 70%,9.4,1.017462811943507,group1.xlsx,acetone_30_n-heptane_70
group1,acetone_30_n-heptane_70,acetone 30% / n-heptane 70%,9.5,1.387279318957088,group1.xlsx,acetone_30_n-heptane_70
group1,acetone_30_n-heptane_70,acetone 30% / n-heptane 70%,9.6,2.016063805013762,group1.xlsx,acetone_30_n-heptane_70
group1,acetone_30_n-heptane_70,acetone 30% / n-heptane 70%,9.7,2.311311751219479,group1.xlsx,acetone_30_n-heptane_70
group1,acetone_30_n-heptane_70,acetone 30% / n-heptane 70%,9.8,1.892460249250681,group1.xlsx,acetone_30_n-heptane_70
group1,acetone_30_n-heptane_70,acetone 30% / n-heptane 70%,9.9,2.122420626557421,group1.xlsx,acetone_30_n-heptane_70
group1,acetone_30_n-heptane_70,acetone 30% / n-heptane 70%,10.0,2.105166487481709,group1.xlsx,acetone_30_n-heptane_70
group1,acetone_40_n-heptane_60,acetone 40% / n-heptane 60%,0.0,0.0,group1.xlsx,acetone_40_n-heptane_60
group1,acetone_40_n-heptane_60,acetone 40% / n-heptane 60%,0.1,0.5731934456260459,group1.xlsx,acetone_40_n-heptane_60
group1,acetone_40_n-heptane_60,acetone 40% / n-heptane 60%,0.2,0.5313697591305423,group1.xlsx,acetone_40_n-heptane_60
group1,acetone_40_n-heptane_60,acetone 40% / n-heptane 60%,0.3,0.779673550342653,group1.xlsx,acetone_40_n-heptane_60
group1,acetone_40_n-heptane_60,acetone 40% / n-heptane 60%,0.4,1.112246888699467,group1.xlsx,acetone_40_n-heptane_60
group1,acetone_40_n-heptane_60,acetone 40% / n-heptane 60%,0.5,1.274435617878299,group1.xlsx,acetone_40_n-heptane_60
group1,acetone_40_n-heptane_60,acetone 40% / n-heptane 60%,0.6,1.426598055272185,group1.xlsx,acetone_40_n-heptane_60
group1,acetone_40_n-heptane_60,acetone 40% / n-heptane 60%,0.7,1.644559974046319,group1.xlsx,acetone_40_n-heptane_60
group1,acetone_40_n-heptane_60,acetone 40% / n-heptane 60%,0.8,1.317483296932993,group1.xlsx,acetone_40_n-heptane_60
group1,acetone_40_n-heptane_60,acetone 40% / n-heptane 60%,0.9,1.793499976930689,group1.xlsx,acetone_40_n-heptane_60
group1,acetone_40_n-heptane_60,acetone 40% / n-heptane 60%,1.0,1.91351907226016,group1.xlsx,acetone_40_n-heptane_60
group1,acetone_40_n-heptane_60,acetone 40% / n-heptane 60%,1.1,1.589791520164654,group1.xlsx,acetone_40_n-heptane_60
group1,acetone_40_n-heptane_60,acetone 40% / n-heptane 60%,1.2,1.132839545383131,group1.xlsx,acetone_40_n-heptane_60
group1,acetone_40_n-heptane_60,acetone 40% / n-heptane 60%,1.3,1.412700749245542,group1.xlsx,acetone_40_n-heptane_60
group1,acetone_40_n-heptane_60,acetone 40% / n-heptane 60%,1.4,1.445813909730221,group1.xlsx,acetone_40_n-heptane_60
group1,acetone_40_n-heptane_60,acetone 40% / n-heptane 60%,1.5,1.787262628325778,group1.xlsx,acetone_40_n-heptane_60
group1,acetone_40_n-heptane_60,acetone 40% / n-heptane 60%,1.6,1.714745231948737,group1.xlsx,acetone_40_n-heptane_60
group1,acetone_40_n-heptane_60,acetone 40% / n-heptane 60%,1.7,1.323685913466368,group1.xlsx,acetone_40_n-heptane_60
group1,acetone_40_n-heptane_60,acetone 40% / n-heptane 60%,1.8,1.260971870083326,group1.xlsx,acetone_40_n-heptane_60
group1,acetone_40_n-heptane_60,acetone 40% / n-heptane 60%,1.9,1.482794355797212,group1.xlsx,acetone_40_n-heptane_60
group1,acetone_40_n-heptane_60,acetone 40% / n-heptane 60%,2.0,1.361035996531268,group1.xlsx,acetone_40_n-heptane_60
group1,acetone_40_n-heptane_60,acetone 40% / n-heptane 60%,2.1,1.695655060237876,group1.xlsx,acetone_40_n-heptane_60
group1,acetone_40_n-heptane_60,acetone 40% / n-heptane 60%,2.2,1.467864573534845,group1.xlsx,acetone_40_n-heptane_60
group1,acetone_40_n-heptane_60,acetone 40% / n-heptane 60%,2.3,1.189130062779501,group1.xlsx,acetone_40_n-heptane_60
group1,acetone_40_n-heptane_60,acetone 40% / n-heptane 60%,2.4,1.545389690385609,group1.xlsx,acetone_40_n-heptane_60
group1,acetone_40_n-heptane_60,acetone 40% / n-heptane 60%,2.5,1.840747826105102,group1.xlsx,acetone_40_n-heptane_60
group1,acetone_40_n-heptane_60,acetone 40% / n-heptane 60%,2.6,1.734620232794863,group1.xlsx,acetone_40_n-heptane_60
group1,acetone_40_n-heptane_60,acetone 40% / n-heptane 60%,2.7,1.650035689825376,group1.xlsx,acetone_40_n-heptane_60
group1,acetone_40_n-heptane_60,acetone 40% / n-heptane 60%,2.8,1.353996523110966,group1.xlsx,acetone_40_n-heptane_60
group1,acetone_40_n-heptane_60,acetone 40% / n-heptane 60%,2.9,1.509125335140258,group1.xlsx,acetone_40_n-heptane_60
group1,acetone_40_n-heptane_60,acetone 40% / n-heptane 60%,3.0,0.9760011703525574,group1.xlsx,acetone_40_n-heptane_60
group1,acetone_40_n-heptane_60,acetone 40% / n-heptane 60%,3.1,1.111584144339358,group1.xlsx,acetone_40_n-heptane_60
group1,acetone_40_n-heptane_60,acetone 40% / n-heptane 60%,3.2,0.8884447070018818,group1.xlsx,acetone_40_n-heptane_60
group1,acetone_40_n-heptane_60,acetone 40% / n-heptane 60%,3.3,1.047834116903496,group1.xlsx,acetone_40_n-heptane_60
group1,acetone_40_n-heptane_60,acetone 40% / n-heptane 60%,3.4,0.9129812196454627,group1.xlsx,acetone_40_n-heptane_60
group1,acetone_40_n-heptane_60,acetone 40% / n-heptane 60%,3.5,0.9132175416662137,group1.xlsx,acetone_40_n-heptane_60
group1,acetone_40_n-heptane_60,acetone 40% / n-heptane 60%,3.6,0.9843052409105736,group1.xlsx,acetone_40_n-heptane_60
group1,acetone_40_n-heptane_60,acetone 40% / n-heptane 60%,3.7,1.098142292481864,group1.xlsx,acetone_40_n-heptane_60
group1,acetone_40_n-heptane_60,acetone 40% / n-heptane 60%,3.8,0.9089970214213031,group1.xlsx,acetone_40_n-heptane_60
group1,acetone_40_n-heptane_60,acetone 40% / n-heptane 60%,3.9,0.7032291207014187,group1.xlsx,acetone_40_n-heptane_60
group1,acetone_40_n-heptane_60,acetone 40% / n-heptane 60%,4.0,0.64580981326657,group1.xlsx,acetone_40_n-heptane_60
group1,acetone_40_n-heptane_60,acetone 40% / n-heptane 60%,4.1,0.7177728834798202,group1.xlsx,acetone_40_n-heptane_60
group1,acetone_40_n-heptane_60,acetone 40% / n-heptane 60%,4.2,0.9590096182970632,group1.xlsx,acetone_40_n-heptane_60
group1,acetone_40_n-heptane_60,acetone 40% / n-heptane 60%,4.3,0.7789629600241945,group1.xlsx,acetone_40_n-heptane_60
group1,acetone_40_n-heptane_60,acetone 40% / n-heptane 60%,4.4,1.161809978302147,group1.xlsx,acetone_40_n-heptane_60
group1,acetone_40_n-heptane_60,acetone 40% / n-heptane 60%,4.5,0.9499960377927716,group1.xlsx,acetone_40_n-heptane_60
group1,acetone_40_n-heptane_60,acetone 40% / n-heptane 60%,4.6,0.7657096103603189,group1.xlsx,acetone_40_n-heptane_60
group1,acetone_40_n-heptane_60,acetone 40% / n-heptane 60%,4.7,1.088405737145966,group1.xlsx,acetone_40_n-heptane_60
group1,acetone_40_n-heptane_60,acetone 40% / n-heptane 60%,4.8,0.8672864021035668,group1.xlsx,acetone_40_n-heptane_60
group1,acetone_40_n-heptane_60,acetone 40% / n-heptane 60%,4.9,0.8092576742015213,group1.xlsx,acetone_40_n-heptane_60
group1,acetone_40_n-heptane_60,acetone 40% / n-heptane 60%,5.0,1.080726419575365,group1.xlsx,acetone_40_n-heptane_60
group1,acetone_40_n-heptane_60,acetone 40% / n-heptane 60%,5.1,1.397822401149734,group1.xlsx,acetone_40_n-heptane_60
group1,acetone_40_n-heptane_60,acetone 40% / n-heptane 60%,5.2,1.348886308518469,group1.xlsx,acetone_40_n-heptane_60
group1,acetone_40_n-heptane_60,acetone 40% / n-heptane 60%,5.3,1.380148803974261,group1.xlsx,acetone_40_n-heptane_60
group1,acetone_40_n-heptane_60,acetone 40% / n-heptane 60%,5.4,1.230864656952334,group1.xlsx,acetone_40_n-heptane_60
group1,acetone_40_n-heptane_60,acetone 40% / n-heptane 60%,5.5,1.296438001264036,group1.xlsx,acetone_40_n-heptane_60
group1,acetone_40_n-heptane_60,acetone 40% / n-heptane 60%,5.6,1.068465931249346,group1.xlsx,acetone_40_n-heptane_60
group1,acetone_40_n-heptane_60,acetone 40% / n-heptane 60%,5.7,1.038787897660856,group1.xlsx,acetone_40_n-heptane_60
group1,acetone_40_n-heptane_60,acetone 40% / n-heptane 60%,5.8,1.184838976421031,group1.xlsx,acetone_40_n-heptane_60
group1,acetone_40_n-heptane_60,acetone 40% / n-heptane 60%,5.9,1.639815839055859,group1.xlsx,acetone_40_n-heptane_60
group1,acetone_40_n-heptane_60,acetone 40% / n-heptane 60%,6.0,1.423843328107549,group1.xlsx,acetone_40_n-heptane_60
group1,acetone_40_n-heptane_60,acetone 40% / n-heptane 60%,6.1,1.584286085251519,group1.xlsx,acetone_40_n-heptane_60
group1,acetone_40_n-heptane_60,acetone 40% / n-heptane 60%,6.2,1.523189674251595,group1.xlsx,acetone_40_n-heptane_60
group1,acetone_40_n-heptane_60,acetone 40% / n-heptane 60%,6.3,1.298428221188102,group1.xlsx,acetone_40_n-heptane_60
group1,acetone_40_n-heptane_60,acetone 40% / n-heptane 60%,6.4,1.18085030057421,group1.xlsx,acetone_40_n-heptane_60
group1,acetone_40_n-heptane_60,acetone 40% / n-heptane 60%,6.5,1.243591755731225,group1.xlsx,acetone_40_n-heptane_60
group1,acetone_40_n-heptane_60,acetone 40% / n-heptane 60%,6.6,1.369552418543405,group1.xlsx,acetone_40_n-heptane_60
group1,acetone_40_n-heptane_60,acetone 40% / n-heptane 60%,6.7,1.577894069305324,group1.xlsx,acetone_40_n-heptane_60
group1,acetone_40_n-heptane_60,acetone 40% / n-heptane 60%,6.8,1.659643233257359,group1.xlsx,acetone_40_n-heptane_60
group1,acetone_40_n-heptane_60,acetone 40% / n-heptane 60%,6.9,1.571942319899083,group1.xlsx,acetone_40_n-heptane_60
group1,acetone_40_n-heptane_60,acetone 40% / n-heptane 60%,7.0,1.348558589422939,group1.xlsx,acetone_40_n-heptane_60
group1,acetone_40_n-heptane_60,acetone 40% / n-heptane 60%,7.1,1.535982203583022,group1.xlsx,acetone_40_n-heptane_60
group1,acetone_40_n-heptane_60,acetone 40% / n-heptane 60%,7.2,1.730013353869784,group1.xlsx,acetone_40_n-heptane_60
group1,acetone_40_n-heptane_60,acetone 40% / n-heptane 60%,7.3,1.247511344015171,group1.xlsx,acetone_40_n-heptane_60
group1,acetone_40_n-heptane_60,acetone 40% / n-heptane 60%,7.4,1.34237094444877,group1.xlsx,acetone_40_n-heptane_60
group1,acetone_40_n-heptane_60,acetone 40% / n-heptane 60%,7.5,1.530854408193576,group1.xlsx,acetone_40_n-heptane_60
group1,acetone_40_n-heptane_60,acetone 40% / n-heptane 60%,7.6,1.161421978498857,group1.xlsx,acetone_40_n-heptane_60
group1,acetone_40_n-heptane_60,acetone 40% / n-heptane 60%,7.7,0.829341345121378,group1.xlsx,acetone_40_n-heptane_60
group1,acetone_40_n-heptane_60,acetone 40% / n-heptane 60%,7.8,1.248227181416699,group1.xlsx,acetone_40_n-heptane_60
group1,acetone_40_n-heptane_60,acetone 40% / n-heptane 60%,7.9,1.462994932317752,group1.xlsx,acetone_40_n-heptane_60
group1,acetone_40_n-heptane_60,acetone 40% / n-heptane 60%,8.0,1.482555807079806,group1.xlsx,acetone_40_n-heptane_60
group1,acetone_40_n-heptane_60,acetone 40% / n-heptane 60%,8.1,1.398325853179549,group1.xlsx,acetone_40_n-heptane_60
group1,acetone_40_n-heptane_60,acetone 40% / n-heptane 60%,8.2,1.204997749122477,group1.xlsx,acetone_40_n-heptane_60
group1,acetone_40_n-heptane_60,acetone 40% / n-heptane 60%,8.3,1.485780925365835,group1.xlsx,acetone_40_n-heptane_60
group1,acetone_40_n-heptane_60,acetone 40% / n-heptane 60%,8.4,1.333690938815439,group1.xlsx,acetone_40_n-heptane_60
group1,acetone_40_n-heptane_60,acetone 40% / n-heptane 60%,8.5,1.366739622119203,group1.xlsx,acetone_40_n-heptane_60
group1,acetone_40_n-heptane_60,acetone 40% / n-heptane 60%,8.6,1.469849422063505,group1.xlsx,acetone_40_n-heptane_60
group1,acetone_40_n-heptane_60,acetone 40% / n-heptane 60%,8.7,1.511152125313368,group1.xlsx,acetone_40_n-heptane_60
group1,acetone_40_n-heptane_60,acetone 40% / n-heptane 60%,8.8,1.786056706925223,group1.xlsx,acetone_40_n-heptane_60
group1,acetone_40_n-heptane_60,acetone 40% / n-heptane 60%,8.9,1.331315962831771,group1.xlsx,acetone_40_n-heptane_60
group1,acetone_40_n-heptane_60,acetone 40% / n-heptane 60%,9.0,1.185936920268388,group1.xlsx,acetone_40_n-heptane_60
group1,acetone_40_n-heptane_60,acetone 40% / n-heptane 60%,9.1,1.549180566469005,group1.xlsx,acetone_40_n-heptane_60
group1,acetone_40_n-heptane_60,acetone 40% / n-heptane 60%,9.2,1.917258700745705,group1.xlsx,acetone_40_n-heptane_60
group1,acetone_40_n-heptane_60,acetone 40% / n-heptane 60%,9.3,2.075398772301893,group1.xlsx,acetone_40_n-heptane_60
group1,acetone_40_n-heptane_60,acetone 40% / n-heptane 60%,9.4,2.356356046935818,group1.xlsx,acetone_40_n-heptane_60
group1,acetone_40_n-heptane_60,acetone 40% / n-heptane 60%,9.5,2.3494635353814,group1.xlsx,acetone_40_n-heptane_60
group1,acetone_40_n-heptane_60,acetone 40% / n-heptane 60%,9.6,2.56225441783222,group1.xlsx,acetone_40_n-heptane_60
group1,acetone_40_n-heptane_60,acetone 40% / n-heptane 60%,9.7,2.468719364618494,group1.xlsx,acetone_40_n-heptane_60
group1,acetone_40_n-heptane_60,acetone 40% / n-heptane 60%,9.8,2.241531694205942,group1.xlsx,acetone_40_n-heptane_60
group1,acetone_40_n-heptane_60,acetone 40% / n-heptane 60%,9.9,2.072729409452079,group1.xlsx,acetone_40_n-heptane_60
group1,acetone_40_n-heptane_60,acetone 40% / n-heptane 60%,10.0,1.815901473265309,group1.xlsx,acetone_40_n-heptane_60
group1,acetone_50_n-heptane_50,acetone 50% / n-heptane 50%,0.0,0.0,group1.xlsx,acetone_50_n-heptane_50
group1,acetone_50_n-heptane_50,acetone 50% / n-heptane 50%,0.1,0.4218178652411591,group1.xlsx,acetone_50_n-heptane_50
group1,acetone_50_n-heptane_50,acetone 50% / n-heptane 50%,0.2,0.2682767090278576,group1.xlsx,acetone_50_n-heptane_50
group1,acetone_50_n-heptane_50,acetone 50% / n-heptane 50%,0.3,0.6040829330067132,group1.xlsx,acetone_50_n-heptane_50
group1,acetone_50_n-heptane_50,acetone 50% / n-heptane 50%,0.4,1.101264034088821,group1.xlsx,acetone_50_n-heptane_50
group1,acetone_50_n-heptane_50,acetone 50% / n-heptane 50%,0.5,1.206535660494838,group1.xlsx,acetone_50_n-heptane_50
group1,acetone_50_n-heptane_50,acetone 50% / n-heptane 50%,0.6,0.6616065116835944,group1.xlsx,acetone_50_n-heptane_50
group1,acetone_50_n-heptane_50,acetone 50% / n-heptane 50%,0.7,0.668421597548181,group1.xlsx,acetone_50_n-heptane_50
group1,acetone_50_n-heptane_50,acetone 50% / n-heptane 50%,0.8,0.4917226166921479,group1.xlsx,acetone_50_n-heptane_50
group1,acetone_50_n-heptane_50,acetone 50% / n-heptane 50%,0.9,0.574053191832884,group1.xlsx,acetone_50_n-heptane_50
group1,acetone_50_n-heptane_50,acetone 50% / n-heptane 50%,1.0,0.8746734494255662,group1.xlsx,acetone_50_n-heptane_50
group1,acetone_50_n-heptane_50,acetone 50% / n-heptane 50%,1.1,0.7899939165647548,group1.xlsx,acetone_50_n-heptane_50
group1,acetone_50_n-heptane_50,acetone 50% / n-heptane 50%,1.2,0.5958984007255106,group1.xlsx,acetone_50_n-heptane_50
group1,acetone_50_n-heptane_50,acetone 50% / n-heptane 50%,1.3,0.8421365235850832,group1.xlsx,acetone_50_n-heptane_50
group1,acetone_50_n-heptane_50,acetone 50% / n-heptane 50%,1.4,0.9115584614473309,group1.xlsx,acetone_50_n-heptane_50
group1,acetone_50_n-heptane_50,acetone 50% / n-heptane 50%,1.5,0.6583892759762174,group1.xlsx,acetone_50_n-heptane_50
group1,acetone_50_n-heptane_50,acetone 50% / n-heptane 50%,1.6,0.599888364493532,group1.xlsx,acetone_50_n-heptane_50
group1,acetone_50_n-heptane_50,acetone 50% / n-heptane 50%,1.7,0.9318197205039526,group1.xlsx,acetone_50_n-heptane_50
group1,acetone_50_n-heptane_50,acetone 50% / n-heptane 50%,1.8,1.208985769241226,group1.xlsx,acetone_50_n-heptane_50
group1,acetone_50_n-heptane_50,acetone 50% / n-heptane 50%,1.9,1.325583296872006,group1.xlsx,acetone_50_n-heptane_50
group1,acetone_50_n-heptane_50,acetone 50% / n-heptane 50%,2.0,1.20513581588399,group1.xlsx,acetone_50_n-heptane_50
group1,acetone_50_n-heptane_50,acetone 50% / n-heptane 50%,2.1,1.456754584717213,group1.xlsx,acetone_50_n-heptane_50
group1,acetone_50_n-heptane_50,acetone 50% / n-heptane 50%,2.2,1.63756543801307,group1.xlsx,acetone_50_n-heptane_50
group1,acetone_50_n-heptane_50,acetone 50% / n-heptane 50%,2.3,1.610296814325649,group1.xlsx,acetone_50_n-heptane_50
group1,acetone_50_n-heptane_50,acetone 50% / n-heptane 50%,2.4,1.349514239731877,group1.xlsx,acetone_50_n-heptane_50
group1,acetone_50_n-heptane_50,acetone 50% / n-heptane 50%,2.5,1.55830451424879,group1.xlsx,acetone_50_n-heptane_50
group1,acetone_50_n-heptane_50,acetone 50% / n-heptane 50%,2.6,1.802267826612612,group1.xlsx,acetone_50_n-heptane_50
group1,acetone_50_n-heptane_50,acetone 50% / n-heptane 50%,2.7,1.566443646699187,group1.xlsx,acetone_50_n-heptane_50
group1,acetone_50_n-heptane_50,acetone 50% / n-heptane 50%,2.8,1.36307440381491,group1.xlsx,acetone_50_n-heptane_50
group1,acetone_50_n-heptane_50,acetone 50% / n-heptane 50%,2.9,1.356559030318201,group1.xlsx,acetone_50_n-heptane_50
group1,acetone_50_n-heptane_50,acetone 50% / n-heptane 50%,3.0,1.228190332993222,group1.xlsx,acetone_50_n-heptane_50
group1,acetone_50_n-heptane_50,acetone 50% / n-heptane 50%,3.1,1.336175742299347,group1.xlsx,acetone_50_n-heptane_50
group1,acetone_50_n-heptane_50,acetone 50% / n-heptane 50%,3.2,1.487492127100934,group1.xlsx,acetone_50_n-heptane_50
group1,acetone_50_n-heptane_50,acetone 50% / n-heptane 50%,3.3,1.731963000807902,group1.xlsx,acetone_50_n-heptane_50
group1,acetone_50_n-heptane_50,acetone 50% / n-heptane 50%,3.4,1.623277207846494,group1.xlsx,acetone_50_n-heptane_50
group1,acetone_50_n-heptane_50,acetone 50% / n-heptane 50%,3.5,1.514720909210348,group1.xlsx,acetone_50_n-heptane_50
group1,acetone_50_n-heptane_50,acetone 50% / n-heptane 50%,3.6,1.740008118006338,group1.xlsx,acetone_50_n-heptane_50
group1,acetone_50_n-heptane_50,acetone 50% / n-heptane 50%,3.7,1.713691444112423,group1.xlsx,acetone_50_n-heptane_50
group1,acetone_50_n-heptane_50,acetone 50% / n-heptane 50%,3.8,1.816473733437793,group1.xlsx,acetone_50_n-heptane_50
group1,acetone_50_n-heptane_50,acetone 50% / n-heptane 50%,3.9,1.891715671451921,group1.xlsx,acetone_50_n-heptane_50
group1,acetone_50_n-heptane_50,acetone 50% / n-heptane 50%,4.0,1.689255593004643,group1.xlsx,acetone_50_n-heptane_50
group1,acetone_50_n-heptane_50,acetone 50% / n-heptane 50%,4.1,1.734039488363523,group1.xlsx,acetone_50_n-heptane_50
group1,acetone_50_n-heptane_50,acetone 50% / n-heptane 50%,4.2,1.605185338069372,group1.xlsx,acetone_50_n-heptane_50
group1,acetone_50_n-heptane_50,acetone 50% / n-heptane 50%,4.3,1.805520489030205,group1.xlsx,acetone_50_n-heptane_50
group1,acetone_50_n-heptane_50,acetone 50% / n-heptane 50%,4.4,1.937368041771718,group1.xlsx,acetone_50_n-heptane_50
group1,acetone_50_n-heptane_50,acetone 50% / n-heptane 50%,4.5,1.963312344642199,group1.xlsx,acetone_50_n-heptane_50
group1,acetone_50_n-heptane_50,acetone 50% / n-heptane 50%,4.6,2.108235781007059,group1.xlsx,acetone_50_n-heptane_50
group1,acetone_50_n-heptane_50,acetone 50% / n-heptane 50%,4.7,2.107636992935672,group1.xlsx,acetone_50_n-heptane_50
group1,acetone_50_n-heptane_50,acetone 50% / n-heptane 50%,4.8,2.259386263483758,group1.xlsx,acetone_50_n-heptane_50
group1,acetone_50_n-heptane_50,acetone 50% / n-heptane 50%,4.9,2.189071539629882,group1.xlsx,acetone_50_n-heptane_50
group1,acetone_50_n-heptane_50,acetone 50% / n-heptane 50%,5.0,1.773366493758156,group1.xlsx,acetone_50_n-heptane_50
group1,acetone_50_n-heptane_50,acetone 50% / n-heptane 50%,5.1,1.526177662441051,group1.xlsx,acetone_50_n-heptane_50
group1,acetone_50_n-heptane_50,acetone 50% / n-heptane 50%,5.2,1.738005159819942,group1.xlsx,acetone_50_n-heptane_50
group1,acetone_50_n-heptane_50,acetone 50% / n-heptane 50%,5.3,2.26398952359498,group1.xlsx,acetone_50_n-heptane_50
group1,acetone_50_n-heptane_50,acetone 50% / n-heptane 50%,5.4,2.157041741616098,group1.xlsx,acetone_50_n-heptane_50
group1,acetone_50_n-heptane_50,acetone 50% / n-heptane 50%,5.5,1.788800967281658,group1.xlsx,acetone_50_n-heptane_50
group1,acetone_50_n-heptane_50,acetone 50% / n-heptane 50%,5.6,1.336993455066252,group1.xlsx,acetone_50_n-heptane_50
group1,acetone_50_n-heptane_50,acetone 50% / n-heptane 50%,5.7,0.8074898060711876,group1.xlsx,acetone_50_n-heptane_50
group1,acetone_50_n-heptane_50,acetone 50% / n-heptane 50%,5.8,1.117141277029482,group1.xlsx,acetone_50_n-heptane_50
group1,acetone_50_n-heptane_50,acetone 50% / n-heptane 50%,5.9,1.615492907387236,group1.xlsx,acetone_50_n-heptane_50
group1,acetone_50_n-heptane_50,acetone 50% / n-heptane 50%,6.0,1.368888465166468,group1.xlsx,acetone_50_n-heptane_50
group1,acetone_50_n-heptane_50,acetone 50% / n-heptane 50%,6.1,1.32359093663928,group1.xlsx,acetone_50_n-heptane_50
group1,acetone_50_n-heptane_50,acetone 50% / n-heptane 50%,6.2,0.7354302587252559,group1.xlsx,acetone_50_n-heptane_50
group1,acetone_50_n-heptane_50,acetone 50% / n-heptane 50%,6.3,0.642255603326652,group1.xlsx,acetone_50_n-heptane_50
group1,acetone_50_n-heptane_50,acetone 50% / n-heptane 50%,6.4,0.622373189211252,group1.xlsx,acetone_50_n-heptane_50
group1,acetone_50_n-heptane_50,acetone 50% / n-heptane 50%,6.5,0.9217263106421667,group1.xlsx,acetone_50_n-heptane_50
group1,acetone_50_n-heptane_50,acetone 50% / n-heptane 50%,6.6,1.285869537841595,group1.xlsx,acetone_50_n-heptane_50
group1,acetone_50_n-heptane_50,acetone 50% / n-heptane 50%,6.7,1.393402349265418,group1.xlsx,acetone_50_n-heptane_50
group1,acetone_50_n-heptane_50,acetone 50% / n-heptane 50%,6.8,1.202827072952843,group1.xlsx,acetone_50_n-heptane_50
group1,acetone_50_n-heptane_50,acetone 50% / n-heptane 50%,6.9,1.040902874521643,group1.xlsx,acetone_50_n-heptane_50
group1,acetone_50_n-heptane_50,acetone 50% / n-heptane 50%,7.0,1.438703703878571,group1.xlsx,acetone_50_n-heptane_50
group1,acetone_50_n-heptane_50,acetone 50% / n-heptane 50%,7.1,0.7456427092029874,group1.xlsx,acetone_50_n-heptane_50
group1,acetone_50_n-heptane_50,acetone 50% / n-heptane 50%,7.2,0.9787619794596419,group1.xlsx,acetone_50_n-heptane_50
group1,acetone_50_n-heptane_50,acetone 50% / n-heptane 50%,7.3,0.9548835238342497,group1.xlsx,acetone_50_n-heptane_50
group1,acetone_50_n-heptane_50,acetone 50% / n-heptane 50%,7.4,1.003417222280894,group1.xlsx,acetone_50_n-heptane_50
group1,acetone_50_n-heptane_50,acetone 50% / n-heptane 50%,7.5,0.7018574638024376,group1.xlsx,acetone_50_n-heptane_50
group1,acetone_50_n-heptane_50,acetone 50% / n-heptane 50%,7.6,0.7762429617258371,group1.xlsx,acetone_50_n-heptane_50
group1,acetone_50_n-heptane_50,acetone 50% / n-heptane 50%,7.7,0.6794545705213895,group1.xlsx,acetone_50_n-heptane_50
group1,acetone_50_n-heptane_50,acetone 50% / n-heptane 50%,7.8,0.532727722502914,group1.xlsx,acetone_50_n-heptane_50
group1,acetone_50_n-heptane_50,acetone 50% / n-heptane 50%,7.9,1.29502625098061,group1.xlsx,acetone_50_n-heptane_50
group1,acetone_50_n-heptane_50,acetone 50% / n-heptane 50%,8.0,1.160634681342005,group1.xlsx,acetone_50_n-heptane_50
group1,acetone_50_n-heptane_50,acetone 50% / n-heptane 50%,8.1,1.465542051094324,group1.xlsx,acetone_50_n-heptane_50
group1,acetone_50_n-heptane_50,acetone 50% / n-heptane 50%,8.2,1.654806281623549,group1.xlsx,acetone_50_n-heptane_50
group1,acetone_50_n-heptane_50,acetone 50% / n-heptane 50%,8.3,1.082217570975919,group1.xlsx,acetone_50_n-heptane_50
group1,acetone_50_n-heptane_50,acetone 50% / n-heptane 50%,8.4,0.9754221780872804,group1.xlsx,acetone_50_n-heptane_50
group1,acetone_50_n-heptane_50,acetone 50% / n-heptane 50%,8.5,0.7039351227423175,group1.xlsx,acetone_50_n-heptane_50
group1,acetone_50_n-heptane_50,acetone 50% / n-heptane 50%,8.6,0.7725746860420891,group1.xlsx,acetone_50_n-heptane_50
group1,acetone_50_n-heptane_50,acetone 50% / n-heptane 50%,8.7,0.8868242166916495,group1.xlsx,acetone_50_n-heptane_50
group1,acetone_50_n-heptane_50,acetone 50% / n-heptane 50%,8.8,0.6006712473471791,group1.xlsx,acetone_50_n-heptane_50
group1,acetone_50_n-heptane_50,acetone 50% / n-heptane 50%,8.9,1.171636893899128,group1.xlsx,acetone_50_n-heptane_50
group1,acetone_50_n-heptane_50,acetone 50% / n-heptane 50%,9.0,0.7552296558640008,group1.xlsx,acetone_50_n-heptane_50
group1,acetone_50_n-heptane_50,acetone 50% / n-heptane 50%,9.1,0.7111430704809669,group1.xlsx,acetone_50_n-heptane_50
group1,acetone_50_n-heptane_50,acetone 50% / n-heptane 50%,9.2,0.659478958333102,group1.xlsx,acetone_50_n-heptane_50
group1,acetone_50_n-heptane_50,acetone 50% / n-heptane 50%,9.3,0.1472807688127663,group1.xlsx,acetone_50_n-heptane_50
group1,acetone_50_n-heptane_50,acetone 50% / n-heptane 50%,9.4,0.59246846300857,group1.xlsx,acetone_50_n-heptane_50
group1,acetone_50_n-heptane_50,acetone 50% / n-heptane 50%,9.5,0.3810009392904032,group1.xlsx,acetone_50_n-heptane_50
group1,acetone_50_n-heptane_50,acetone 50% / n-heptane 50%,9.6,0.5980756620791081,group1.xlsx,acetone_50_n-heptane_50
group1,acetone_50_n-heptane_50,acetone 50% / n-heptane 50%,9.7,0.9675263858041697,group1.xlsx,acetone_50_n-heptane_50
group1,acetone_50_n-heptane_50,acetone 50% / n-heptane 50%,9.8,1.144968646138369,group1.xlsx,acetone_50_n-heptane_50
group1,acetone_50_n-heptane_50,acetone 50% / n-heptane 50%,9.9,0.9363109701065224,group1.xlsx,acetone_50_n-heptane_50
group1,acetone_50_n-heptane_50,acetone 50% / n-heptane 50%,10.0,1.420512658486554,group1.xlsx,acetone_50_n-heptane_50
group2,acetone,acetone,0.0,0.0,group2.xlsx,acetone
group2,acetone,acetone,0.1,0.8157104639865743,group2.xlsx,acetone
group2,acetone,acetone,0.2,0.622015601025942,group2.xlsx,acetone
group2,acetone,acetone,0.3,0.8251398246699327,group2.xlsx,acetone
group2,acetone,acetone,0.4,0.9656720931845247,group2.xlsx,acetone
group2,acetone,acetone,0.5,1.176160848028902,group2.xlsx,acetone
group2,acetone,acetone,0.6,1.606469281952495,group2.xlsx,acetone
group2,acetone,acetone,0.7,1.959592595818071,group2.xlsx,acetone
group2,acetone,acetone,0.8,2.022343404416706,group2.xlsx,acetone
group2,acetone,acetone,0.9,2.245960051282877,group2.xlsx,acetone
group2,acetone,acetone,1.0,2.435725871457127,group2.xlsx,acetone
group2,acetone,acetone,1.1,2.280694562497632,group2.xlsx,acetone
group2,acetone,acetone,1.2,1.989103798277626,group2.xlsx,acetone
group2,acetone,acetone,1.3,1.918326277671776,group2.xlsx,acetone
group2,acetone,acetone,1.4,2.305765336381456,group2.xlsx,acetone
group2,acetone,acetone,1.5,2.026796514081933,group2.xlsx,acetone
group2,acetone,acetone,1.6,2.136211100647093,group2.xlsx,acetone
group2,acetone,acetone,1.7,2.21605312981186,group2.xlsx,acetone
group2,acetone,acetone,1.8,1.860633099105362,group2.xlsx,acetone
group2,acetone,acetone,1.9,2.162313907382362,group2.xlsx,acetone
group2,acetone,acetone,2.0,2.138384149116506,group2.xlsx,acetone
group2,acetone,acetone,2.1,2.179067277495875,group2.xlsx,acetone
group2,acetone,acetone,2.2,2.343732925620851,group2.xlsx,acetone
group2,acetone,acetone,2.3,2.483780611073369,group2.xlsx,acetone
group2,acetone,acetone,2.4,2.027327769149246,group2.xlsx,acetone
group2,acetone,acetone,2.5,2.778272490568048,group2.xlsx,acetone
group2,acetone,acetone,2.6,2.434364801632967,group2.xlsx,acetone
group2,acetone,acetone,2.7,2.635538053562779,group2.xlsx,acetone
group2,acetone,acetone,2.8,2.833253040388993,group2.xlsx,acetone
group2,acetone,acetone,2.9,2.846399240006503,group2.xlsx,acetone
group2,acetone,acetone,3.0,3.135445914285433,group2.xlsx,acetone
group2,acetone,acetone,3.1,2.721410239366463,group2.xlsx,acetone
group2,acetone,acetone,3.2,3.21407165206558,group2.xlsx,acetone
group2,acetone,acetone,3.3,3.601016563078441,group2.xlsx,acetone
group2,acetone,acetone,3.4,3.603909074303655,group2.xlsx,acetone
group2,acetone,acetone,3.5,3.595851205850659,group2.xlsx,acetone
group2,acetone,acetone,3.6,3.130159545674553,group2.xlsx,acetone
group2,acetone,acetone,3.7,3.416414714075935,group2.xlsx,acetone
group2,acetone,acetone,3.8,3.601663726240653,group2.xlsx,acetone
group2,acetone,acetone,3.9,4.062544780020223,group2.xlsx,acetone
group2,acetone,acetone,4.0,4.290585129036463,group2.xlsx,acetone
group2,acetone,acetone,4.1,4.068173720140756,group2.xlsx,acetone
group2,acetone,acetone,4.2,4.351394077786993,group2.xlsx,acetone
group2,acetone,acetone,4.3,3.800338081379258,group2.xlsx,acetone
group2,acetone,acetone,4.4,3.861133854268308,group2.xlsx,acetone
group2,acetone,acetone,4.5,3.967848064383595,group2.xlsx,acetone
group2,acetone,acetone,4.6,4.093553917089594,group2.xlsx,acetone
group2,acetone,acetone,4.7,3.712017754575256,group2.xlsx,acetone
group2,acetone,acetone,4.8,3.725143173123341,group2.xlsx,acetone
group2,acetone,acetone,4.9,3.534311762482095,group2.xlsx,acetone
group2,acetone,acetone,5.0,3.637297936980333,group2.xlsx,acetone
group2,acetone,acetone,5.1,3.713011371202251,group2.xlsx,acetone
group2,acetone,acetone,5.2,3.307126790287317,group2.xlsx,acetone
group2,acetone,acetone,5.3,3.179540879880044,group2.xlsx,acetone
group2,acetone,acetone,5.4,3.034459702214185,group2.xlsx,acetone
group2,acetone,acetone,5.5,3.247072976180244,group2.xlsx,acetone
group2,acetone,acetone,5.6,3.024673314332685,group2.xlsx,acetone
group2,acetone,acetone,5.7,2.829922920369459,group2.xlsx,acetone
group2,acetone,acetone,5.8,2.40798625585643,group2.xlsx,acetone
group2,acetone,acetone,5.9,2.822463131550141,group2.xlsx,acetone
group2,acetone,acetone,6.0,3.362921035497795,group2.xlsx,acetone
group2,acetone,acetone,6.1,3.754778443852243,group2.xlsx,acetone
group2,acetone,acetone,6.2,3.786090182445727,group2.xlsx,acetone
group2,acetone,acetone,6.3,3.871717260506751,group2.xlsx,acetone
group2,acetone,acetone,6.4,3.799345670154614,group2.xlsx,acetone
group2,acetone,acetone,6.5,3.967159517398154,group2.xlsx,acetone
group2,acetone,acetone,6.6,4.203114721455249,group2.xlsx,acetone
group2,acetone,acetone,6.7,4.091714155131825,group2.xlsx,acetone
group2,acetone,acetone,6.8,3.908233317999715,group2.xlsx,acetone
group2,acetone,acetone,6.9,3.48116709310089,group2.xlsx,acetone
group2,acetone,acetone,7.0,3.435103595152371,group2.xlsx,acetone
group2,acetone,acetone,7.1,3.744958089923487,group2.xlsx,acetone
group2,acetone,acetone,7.2,3.706252304466916,group2.xlsx,acetone
group2,acetone,acetone,7.3,3.818585511342348,group2.xlsx,acetone
group2,acetone,acetone,7.4,3.868921905209563,group2.xlsx,acetone
group2,acetone,acetone,7.5,3.811775906483602,group2.xlsx,acetone
group2,acetone,acetone,7.6,3.993473905862244,group2.xlsx,acetone
group2,acetone,acetone,7.7,3.689338678913825,group2.xlsx,acetone
group2,acetone,acetone,7.8,3.564079335064953,group2.xlsx,acetone
group2,acetone,acetone,7.9,3.52700351578215,group2.xlsx,acetone
group2,acetone,acetone,8.0,3.247392529309382,group2.xlsx,acetone
group2,acetone,acetone,8.1,3.179712448779231,group2.xlsx,acetone
group2,acetone,acetone,8.2,3.313624936807469,group2.xlsx,acetone
group2,acetone,acetone,8.3,3.492326541690147,group2.xlsx,acetone
group2,acetone,acetone,8.4,3.859697319059479,group2.xlsx,acetone
group2,acetone,acetone,8.5,3.985348116702674,group2.xlsx,acetone
group2,acetone,acetone,8.6,4.145602411174946,group2.xlsx,acetone
group2,acetone,acetone,8.7,4.074024930167454,group2.xlsx,acetone
group2,acetone,acetone,8.8,4.085479590420804,group2.xlsx,acetone
group2,acetone,acetone,8.9,4.274892794374656,group2.xlsx,acetone
group2,acetone,acetone,9.0,4.099141774088748,group2.xlsx,acetone
group2,acetone,acetone,9.1,4.325354544157526,group2.xlsx,acetone
group2,acetone,acetone,9.2,3.992804395758145,group2.xlsx,acetone
group2,acetone,acetone,9.3,3.893154717575445,group2.xlsx,acetone
group2,acetone,acetone,9.4,3.617612076940362,group2.xlsx,acetone
group2,acetone,acetone,9.5,3.493525298626304,group2.xlsx,acetone
group2,acetone,acetone,9.6,3.891063048001114,group2.xlsx,acetone
group2,acetone,acetone,9.7,3.787509120674473,group2.xlsx,acetone
group2,acetone,acetone,9.8,3.482501593809452,group2.xlsx,acetone
group2,acetone,acetone,9.9,3.349769841853417,group2.xlsx,acetone
group2,acetone,acetone,10.0,3.015136878788349,group2.xlsx,acetone
group2,acetonitrile,acetonitrile,0.0,0.0,group2.xlsx,acetonitrile
group2,acetonitrile,acetonitrile,0.1,0.8192000599317503,group2.xlsx,acetonitrile
group2,acetonitrile,acetonitrile,0.2,1.11977728052058,group2.xlsx,acetonitrile
group2,acetonitrile,acetonitrile,0.3,1.297480945700365,group2.xlsx,acetonitrile
group2,acetonitrile,acetonitrile,0.4,1.058627622302622,group2.xlsx,acetonitrile
group2,acetonitrile,acetonitrile,0.5,0.9993756442229486,group2.xlsx,acetonitrile
group2,acetonitrile,acetonitrile,0.6,1.11641883288037,group2.xlsx,acetonitrile
group2,acetonitrile,acetonitrile,0.7,1.360203378551275,group2.xlsx,acetonitrile
group2,acetonitrile,acetonitrile,0.8,1.134365858313461,group2.xlsx,acetonitrile
group2,acetonitrile,acetonitrile,0.9,1.338300867442086,group2.xlsx,acetonitrile
group2,acetonitrile,acetonitrile,1.0,1.480675698969604,group2.xlsx,acetonitrile
group2,acetonitrile,acetonitrile,1.1,1.772778009518002,group2.xlsx,acetonitrile
group2,acetonitrile,acetonitrile,1.2,1.311519354596637,group2.xlsx,acetonitrile
group2,acetonitrile,acetonitrile,1.3,1.163206764757972,group2.xlsx,acetonitrile
group2,acetonitrile,acetonitrile,1.4,1.086377794195763,group2.xlsx,acetonitrile
group2,acetonitrile,acetonitrile,1.5,1.174555715358145,group2.xlsx,acetonitrile
group2,acetonitrile,acetonitrile,1.6,0.7503177725212613,group2.xlsx,acetonitrile
group2,acetonitrile,acetonitrile,1.7,1.013033340535755,group2.xlsx,acetonitrile
group2,acetonitrile,acetonitrile,1.8,0.8171078126167168,group2.xlsx,acetonitrile
group2,acetonitrile,acetonitrile,1.9,0.5795146990310204,group2.xlsx,acetonitrile
group2,acetonitrile,acetonitrile,2.0,1.185383806104585,group2.xlsx,acetonitrile
group2,acetonitrile,acetonitrile,2.1,1.669519605262685,group2.xlsx,acetonitrile
group2,acetonitrile,acetonitrile,2.2,1.844405046246681,group2.xlsx,acetonitrile
group2,acetonitrile,acetonitrile,2.3,2.010431949652842,group2.xlsx,acetonitrile
group2,acetonitrile,acetonitrile,2.4,2.207683745820908,group2.xlsx,acetonitrile
group2,acetonitrile,acetonitrile,2.5,1.908625848289946,group2.xlsx,acetonitrile
group2,acetonitrile,acetonitrile,2.6,2.109926008183774,group2.xlsx,acetonitrile
group2,acetonitrile,acetonitrile,2.7,2.238663090262392,group2.xlsx,acetonitrile
group2,acetonitrile,acetonitrile,2.8,2.381836608448879,group2.xlsx,acetonitrile
group2,acetonitrile,acetonitrile,2.9,2.205344357092026,group2.xlsx,acetonitrile
group2,acetonitrile,acetonitrile,3.0,2.115252553056203,group2.xlsx,acetonitrile
group2,acetonitrile,acetonitrile,3.1,2.462530931324087,group2.xlsx,acetonitrile
group2,acetonitrile,acetonitrile,3.2,2.783517225707262,group2.xlsx,acetonitrile
group2,acetonitrile,acetonitrile,3.3,2.411768758448495,group2.xlsx,acetonitrile
group2,acetonitrile,acetonitrile,3.4,2.719259851341111,group2.xlsx,acetonitrile
group2,acetonitrile,acetonitrile,3.5,2.741717827945306,group2.xlsx,acetonitrile
group2,acetonitrile,acetonitrile,3.6,2.58635416386965,group2.xlsx,acetonitrile
group2,acetonitrile,acetonitrile,3.7,2.257554722104381,group2.xlsx,acetonitrile
group2,acetonitrile,acetonitrile,3.8,2.738870733871027,group2.xlsx,acetonitrile
group2,acetonitrile,acetonitrile,3.9,2.551371522742302,group2.xlsx,acetonitrile
group2,acetonitrile,acetonitrile,4.0,2.512666189437022,group2.xlsx,acetonitrile
group2,acetonitrile,acetonitrile,4.1,2.326152146223964,group2.xlsx,acetonitrile
group2,acetonitrile,acetonitrile,4.2,2.195769759511444,group2.xlsx,acetonitrile
group2,acetonitrile,acetonitrile,4.3,2.279070317512324,group2.xlsx,acetonitrile
group2,acetonitrile,acetonitrile,4.4,2.378028196199382,group2.xlsx,acetonitrile
group2,acetonitrile,acetonitrile,4.5,2.569002659949212,group2.xlsx,acetonitrile
group2,acetonitrile,acetonitrile,4.6,2.844513322601201,group2.xlsx,acetonitrile
group2,acetonitrile,acetonitrile,4.7,2.758992960447074,group2.xlsx,acetonitrile
group2,acetonitrile,acetonitrile,4.8,3.037157238159449,group2.xlsx,acetonitrile
group2,acetonitrile,acetonitrile,4.9,3.031519872803866,group2.xlsx,acetonitrile
group2,acetonitrile,acetonitrile,5.0,3.205840718402938,group2.xlsx,acetonitrile
group2,acetonitrile,acetonitrile,5.1,3.374697767064744,group2.xlsx,acetonitrile
group2,acetonitrile,acetonitrile,5.2,3.289488918836595,group2.xlsx,acetonitrile
group2,acetonitrile,acetonitrile,5.3,3.329752502007301,group2.xlsx,acetonitrile
group2,acetonitrile,acetonitrile,5.4,2.900692282335373,group2.xlsx,acetonitrile
group2,acetonitrile,acetonitrile,5.5,2.899464654018493,group2.xlsx,acetonitrile
group2,acetonitrile,acetonitrile,5.6,3.215503110857115,group2.xlsx,acetonitrile
group2,acetonitrile,acetonitrile,5.7,3.145206848402649,group2.xlsx,acetonitrile
group2,acetonitrile,acetonitrile,5.8,3.315199209226146,group2.xlsx,acetonitrile
group2,acetonitrile,acetonitrile,5.9,3.050943871479025,group2.xlsx,acetonitrile
group2,acetonitrile,acetonitrile,6.0,3.040656144166311,group2.xlsx,acetonitrile
group2,acetonitrile,acetonitrile,6.1,2.990627898011568,group2.xlsx,acetonitrile
group2,acetonitrile,acetonitrile,6.2,2.973350224588641,group2.xlsx,acetonitrile
group2,acetonitrile,acetonitrile,6.3,3.08128540138238,group2.xlsx,acetonitrile
group2,acetonitrile,acetonitrile,6.4,3.322871356026619,group2.xlsx,acetonitrile
group2,acetonitrile,acetonitrile,6.5,3.544587041431357,group2.xlsx,acetonitrile
group2,acetonitrile,acetonitrile,6.6,3.150900135972413,group2.xlsx,acetonitrile
group2,acetonitrile,acetonitrile,6.7,3.047679197816397,group2.xlsx,acetonitrile
group2,acetonitrile,acetonitrile,6.8,2.915125442711707,group2.xlsx,acetonitrile
group2,acetonitrile,acetonitrile,6.9,2.838956509496518,group2.xlsx,acetonitrile
group2,acetonitrile,acetonitrile,7.0,3.10693049378771,group2.xlsx,acetonitrile
group2,acetonitrile,acetonitrile,7.1,3.217697921313361,group2.xlsx,acetonitrile
group2,acetonitrile,acetonitrile,7.2,3.534541139485139,group2.xlsx,acetonitrile
group2,acetonitrile,acetonitrile,7.3,3.778569244864682,group2.xlsx,acetonitrile
group2,acetonitrile,acetonitrile,7.4,3.327437499046536,group2.xlsx,acetonitrile
group2,acetonitrile,acetonitrile,7.5,3.185260062929283,group2.xlsx,acetonitrile
group2,acetonitrile,acetonitrile,7.6,3.320406706995048,group2.xlsx,acetonitrile
group2,acetonitrile,acetonitrile,7.7,3.052175959552118,group2.xlsx,acetonitrile
group2,acetonitrile,acetonitrile,7.8,3.181160586169788,group2.xlsx,acetonitrile
group2,acetonitrile,acetonitrile,7.9,3.067216167732662,group2.xlsx,acetonitrile
group2,acetonitrile,acetonitrile,8.0,3.166991125515593,group2.xlsx,acetonitrile
group2,acetonitrile,acetonitrile,8.1,3.106485203032457,group2.xlsx,acetonitrile
group2,acetonitrile,acetonitrile,8.2,3.406951226858783,group2.xlsx,acetonitrile
group2,acetonitrile,acetonitrile,8.3,3.262551158247077,group2.xlsx,acetonitrile
group2,acetonitrile,acetonitrile,8.4,3.188764900782844,group2.xlsx,acetonitrile
group2,acetonitrile,acetonitrile,8.5,3.571755036371072,group2.xlsx,acetonitrile
group2,acetonitrile,acetonitrile,8.6,3.192639528657694,group2.xlsx,acetonitrile
group2,acetonitrile,acetonitrile,8.7,3.661093461523096,group2.xlsx,acetonitrile
group2,acetonitrile,acetonitrile,8.8,3.641921495615617,group2.xlsx,acetonitrile
group2,acetonitrile,acetonitrile,8.9,3.312587864811135,group2.xlsx,acetonitrile
group2,acetonitrile,acetonitrile,9.0,3.066823610431704,group2.xlsx,acetonitrile
group2,acetonitrile,acetonitrile,9.1,3.047017750290212,group2.xlsx,acetonitrile
group2,acetonitrile,acetonitrile,9.2,2.786765944491624,group2.xlsx,acetonitrile
group2,acetonitrile,acetonitrile,9.3,2.684941975058683,group2.xlsx,acetonitrile
group2,acetonitrile,acetonitrile,9.4,2.447184497807429,group2.xlsx,acetonitrile
group2,acetonitrile,acetonitrile,9.5,2.729194100643798,group2.xlsx,acetonitrile
group2,acetonitrile,acetonitrile,9.6,2.677691889969699,group2.xlsx,acetonitrile
group2,acetonitrile,acetonitrile,9.7,2.71715131249083,group2.xlsx,acetonitrile
group2,acetonitrile,acetonitrile,9.8,2.220764387718051,group2.xlsx,acetonitrile
group2,acetonitrile,acetonitrile,9.9,2.312745497396148,group2.xlsx,acetonitrile
group2,acetonitrile,acetonitrile,10.0,2.626714000548509,group2.xlsx,acetonitrile
group2,CPME,CPME,0.0,0.0,group2.xlsx,CPME
group2,CPME,CPME,0.1,0.1484718911406467,group2.xlsx,CPME
group2,CPME,CPME,0.2,0.3814938863556455,group2.xlsx,CPME
group2,CPME,CPME,0.3,1.23520337279316,group2.xlsx,CPME
group2,CPME,CPME,0.4,0.991842469564812,group2.xlsx,CPME
group2,CPME,CPME,0.5,1.066961479030747,group2.xlsx,CPME
group2,CPME,CPME,0.6,1.753041259917823,group2.xlsx,CPME
group2,CPME,CPME,0.7,1.695511808968953,group2.xlsx,CPME
group2,CPME,CPME,0.8,1.473534706328545,group2.xlsx,CPME
group2,CPME,CPME,0.9,1.524125566756866,group2.xlsx,CPME
group2,CPME,CPME,1.0,1.505844150690294,group2.xlsx,CPME
group2,CPME,CPME,1.1,1.14763750115801,group2.xlsx,CPME
group2,CPME,CPME,1.2,1.169748804069914,group2.xlsx,CPME
group2,CPME,CPME,1.3,1.148491435168568,group2.xlsx,CPME
group2,CPME,CPME,1.4,0.7283141910464638,group2.xlsx,CPME
group2,CPME,CPME,1.5,0.8495825033552998,group2.xlsx,CPME
group2,CPME,CPME,1.6,1.055726885485793,group2.xlsx,CPME
group2,CPME,CPME,1.7,1.154334310275053,group2.xlsx,CPME
group2,CPME,CPME,1.8,1.101835342322329,group2.xlsx,CPME
group2,CPME,CPME,1.9,1.088215604904145,group2.xlsx,CPME
group2,CPME,CPME,2.0,1.329391537622091,group2.xlsx,CPME
group2,CPME,CPME,2.1,1.49143476386118,group2.xlsx,CPME
group2,CPME,CPME,2.2,1.691985634938155,group2.xlsx,CPME
group2,CPME,CPME,2.3,1.83111919692838,group2.xlsx,CPME
group2,CPME,CPME,2.4,1.962510218178078,group2.xlsx,CPME
group2,CPME,CPME,2.5,1.761018237596626,group2.xlsx,CPME
group2,CPME,CPME,2.6,1.600014103858358,group2.xlsx,CPME
group2,CPME,CPME,2.7,1.79518452683669,group2.xlsx,CPME
group2,CPME,CPME,2.8,1.787995074228779,group2.xlsx,CPME
group2,CPME,CPME,2.9,1.551567085596168,group2.xlsx,CPME
group2,CPME,CPME,3.0,1.590413965022469,group2.xlsx,CPME
group2,CPME,CPME,3.1,1.628517820737961,group2.xlsx,CPME
group2,CPME,CPME,3.2,2.108343693430097,group2.xlsx,CPME
group2,CPME,CPME,3.3,2.293947687448928,group2.xlsx,CPME
group2,CPME,CPME,3.4,1.763559172636471,group2.xlsx,CPME
group2,CPME,CPME,3.5,1.555914549981069,group2.xlsx,CPME
group2,CPME,CPME,3.6,1.846384935515864,group2.xlsx,CPME
group2,CPME,CPME,3.7,2.016831600701936,group2.xlsx,CPME
group2,CPME,CPME,3.8,2.34068420536314,group2.xlsx,CPME
group2,CPME,CPME,3.9,2.105636709066931,group2.xlsx,CPME
group2,CPME,CPME,4.0,2.310892631895284,group2.xlsx,CPME
group2,CPME,CPME,4.1,2.346770249842036,group2.xlsx,CPME
group2,CPME,CPME,4.2,2.64266751640315,group2.xlsx,CPME
group2,CPME,CPME,4.3,2.843416160427797,group2.xlsx,CPME
group2,CPME,CPME,4.4,3.06063491287551,group2.xlsx,CPME
group2,CPME,CPME,4.5,2.747909494832374,group2.xlsx,CPME
group2,CPME,CPME,4.6,2.921534445132639,group2.xlsx,CPME
group2,CPME,CPME,4.7,3.14802474069662,group2.xlsx,CPME
group2,CPME,CPME,4.8,3.452648604196857,group2.xlsx,CPME
group2,CPME,CPME,4.9,3.772099738347976,group2.xlsx,CPME
group2,CPME,CPME,5.0,3.616340487835615,group2.xlsx,CPME
group2,CPME,CPME,5.1,3.927013324861126,group2.xlsx,CPME
group2,CPME,CPME,5.2,3.998316569763251,group2.xlsx,CPME
group2,CPME,CPME,5.3,4.455108281355628,group2.xlsx,CPME
group2,CPME,CPME,5.4,4.413005746970312,group2.xlsx,CPME
group2,CPME,CPME,5.5,4.305883603203794,group2.xlsx,CPME
group2,CPME,CPME,5.6,4.566462081839335,group2.xlsx,CPME
group2,CPME,CPME,5.7,4.260650760695397,group2.xlsx,CPME
group2,CPME,CPME,5.8,4.278417287580599,group2.xlsx,CPME
group2,CPME,CPME,5.9,4.243609357072155,group2.xlsx,CPME
group2,CPME,CPME,6.0,4.282145882444111,group2.xlsx,CPME
group2,CPME,CPME,6.1,4.408893801084998,group2.xlsx,CPME
group2,CPME,CPME,6.2,4.451495153076101,group2.xlsx,CPME
group2,CPME,CPME,6.3,4.580417226910033,group2.xlsx,CPME
group2,CPME,CPME,6.4,4.618932498469721,group2.xlsx,CPME
group2,CPME,CPME,6.5,4.931374588545951,group2.xlsx,CPME
group2,CPME,CPME,6.6,4.428943180429829,group2.xlsx,CPME
group2,CPME,CPME,6.7,4.410942388812263,group2.xlsx,CPME
group2,CPME,CPME,6.8,4.221065974054705,group2.xlsx,CPME
group2,CPME,CPME,6.9,4.170780917508556,group2.xlsx,CPME
group2,CPME,CPME,7.0,3.97500084899655,group2.xlsx,CPME
group2,CPME,CPME,7.1,3.746410308943946,group2.xlsx,CPME
group2,CPME,CPME,7.2,3.805324505102787,group2.xlsx,CPME
group2,CPME,CPME,7.3,3.880912205082928,group2.xlsx,CPME
group2,CPME,CPME,7.4,3.63467413052691,group2.xlsx,CPME
group2,CPME,CPME,7.5,3.569042499005378,group2.xlsx,CPME
group2,CPME,CPME,7.6,3.737919148643636,group2.xlsx,CPME
group2,CPME,CPME,7.7,3.968549640513211,group2.xlsx,CPME
group2,CPME,CPME,7.8,4.02842831164313,group2.xlsx,CPME
group2,CPME,CPME,7.9,4.049849955925867,group2.xlsx,CPME
group2,CPME,CPME,8.0,4.218742731760288,group2.xlsx,CPME
group2,CPME,CPME,8.1,4.069263754201816,group2.xlsx,CPME
group2,CPME,CPME,8.2,3.917479006085753,group2.xlsx,CPME
group2,CPME,CPME,8.3,4.48187944544774,group2.xlsx,CPME
group2,CPME,CPME,8.4,4.313375490022454,group2.xlsx,CPME
group2,CPME,CPME,8.5,4.236707466577336,group2.xlsx,CPME
group2,CPME,CPME,8.6,4.617534699835888,group2.xlsx,CPME
group2,CPME,CPME,8.7,4.73414228840188,group2.xlsx,CPME
group2,CPME,CPME,8.8,4.684594006821836,group2.xlsx,CPME
group2,CPME,CPME,8.9,4.966504581248684,group2.xlsx,CPME
group2,CPME,CPME,9.0,5.075232931554171,group2.xlsx,CPME
group2,CPME,CPME,9.1,4.877654073969883,group2.xlsx,CPME
group2,CPME,CPME,9.2,5.157328001955016,group2.xlsx,CPME
group2,CPME,CPME,9.3,5.078816146922455,group2.xlsx,CPME
group2,CPME,CPME,9.4,5.295745055403115,group2.xlsx,CPME
group2,CPME,CPME,9.5,5.146162597693559,group2.xlsx,CPME
group2,CPME,CPME,9.6,4.898510475317721,group2.xlsx,CPME
group2,CPME,CPME,9.7,5.349184294070722,group2.xlsx,CPME
group2,CPME,CPME,9.8,5.340263494170032,group2.xlsx,CPME
group2,CPME,CPME,9.9,5.042957793236937,group2.xlsx,CPME
group2,CPME,CPME,10.0,4.89433444037442,group2.xlsx,CPME
group2,cyclohexane,cyclohexane,0.0,0.0,group2.xlsx,cyclohexane
group2,cyclohexane,cyclohexane,0.1,0.5049693650910412,group2.xlsx,cyclohexane
group2,cyclohexane,cyclohexane,0.2,0.4353144892799548,group2.xlsx,cyclohexane
group2,cyclohexane,cyclohexane,0.3,0.6064436752434325,group2.xlsx,cyclohexane
group2,cyclohexane,cyclohexane,0.4,0.9344068112272128,group2.xlsx,cyclohexane
group2,cyclohexane,cyclohexane,0.5,0.5981513678271428,group2.xlsx,cyclohexane
group2,cyclohexane,cyclohexane,0.6,0.7688895858569106,group2.xlsx,cyclohexane
group2,cyclohexane,cyclohexane,0.7,0.651966482927375,group2.xlsx,cyclohexane
group2,cyclohexane,cyclohexane,0.8,0.8885331408255438,group2.xlsx,cyclohexane
group2,cyclohexane,cyclohexane,0.9,0.9876198285775417,group2.xlsx,cyclohexane
group2,cyclohexane,cyclohexane,1.0,0.6700911953363958,group2.xlsx,cyclohexane
group2,cyclohexane,cyclohexane,1.1,0.8301073482504454,group2.xlsx,cyclohexane
group2,cyclohexane,cyclohexane,1.2,0.9507344730394354,group2.xlsx,cyclohexane
group2,cyclohexane,cyclohexane,1.3,0.7587644412455308,group2.xlsx,cyclohexane
group2,cyclohexane,cyclohexane,1.4,0.614973090385882,group2.xlsx,cyclohexane
group2,cyclohexane,cyclohexane,1.5,0.7822620222805503,group2.xlsx,cyclohexane
group2,cyclohexane,cyclohexane,1.6,0.62539923581829,group2.xlsx,cyclohexane
group2,cyclohexane,cyclohexane,1.7,0.884704770569911,group2.xlsx,cyclohexane
group2,cyclohexane,cyclohexane,1.8,0.6608243131621733,group2.xlsx,cyclohexane
group2,cyclohexane,cyclohexane,1.9,0.6202791859387906,group2.xlsx,cyclohexane
group2,cyclohexane,cyclohexane,2.0,0.552087582620181,group2.xlsx,cyclohexane
group2,cyclohexane,cyclohexane,2.1,0.4861144289609436,group2.xlsx,cyclohexane
group2,cyclohexane,cyclohexane,2.2,0.7348453263966039,group2.xlsx,cyclohexane
group2,cyclohexane,cyclohexane,2.3,0.8707502448161916,group2.xlsx,cyclohexane
group2,cyclohexane,cyclohexane,2.4,0.7253195157584008,group2.xlsx,cyclohexane
group2,cyclohexane,cyclohexane,2.5,1.142541624624035,group2.xlsx,cyclohexane
group2,cyclohexane,cyclohexane,2.6,0.9514469648045836,group2.xlsx,cyclohexane
group2,cyclohexane,cyclohexane,2.7,0.8655648802855526,group2.xlsx,cyclohexane
group2,cyclohexane,cyclohexane,2.8,1.284342013926543,group2.xlsx,cyclohexane
group2,cyclohexane,cyclohexane,2.9,1.289711576082581,group2.xlsx,cyclohexane
group2,cyclohexane,cyclohexane,3.0,1.679386046333136,group2.xlsx,cyclohexane
group2,cyclohexane,cyclohexane,3.1,1.531530980538222,group2.xlsx,cyclohexane
group2,cyclohexane,cyclohexane,3.2,1.759158228885242,group2.xlsx,cyclohexane
group2,cyclohexane,cyclohexane,3.3,1.662635849194497,group2.xlsx,cyclohexane
group2,cyclohexane,cyclohexane,3.4,1.233479635468937,group2.xlsx,cyclohexane
group2,cyclohexane,cyclohexane,3.5,1.075396445718682,group2.xlsx,cyclohexane
group2,cyclohexane,cyclohexane,3.6,1.258826189625002,group2.xlsx,cyclohexane
group2,cyclohexane,cyclohexane,3.7,1.33469673812866,group2.xlsx,cyclohexane
group2,cyclohexane,cyclohexane,3.8,1.129197819959357,group2.xlsx,cyclohexane
group2,cyclohexane,cyclohexane,3.9,0.9932181227757131,group2.xlsx,cyclohexane
group2,cyclohexane,cyclohexane,4.0,1.310631710296656,group2.xlsx,cyclohexane
group2,cyclohexane,cyclohexane,4.1,1.205418181692881,group2.xlsx,cyclohexane
group2,cyclohexane,cyclohexane,4.2,1.078504472533616,group2.xlsx,cyclohexane
group2,cyclohexane,cyclohexane,4.3,1.08083518639483,group2.xlsx,cyclohexane
group2,cyclohexane,cyclohexane,4.4,1.304418924950336,group2.xlsx,cyclohexane
group2,cyclohexane,cyclohexane,4.5,1.854030486287961,group2.xlsx,cyclohexane
group2,cyclohexane,cyclohexane,4.6,1.933374362462613,group2.xlsx,cyclohexane
group2,cyclohexane,cyclohexane,4.7,2.23396976109141,group2.xlsx,cyclohexane
group2,cyclohexane,cyclohexane,4.8,2.068160834780509,group2.xlsx,cyclohexane
group2,cyclohexane,cyclohexane,4.9,2.631498651482704,group2.xlsx,cyclohexane
group2,cyclohexane,cyclohexane,5.0,2.694372852534677,group2.xlsx,cyclohexane
group2,cyclohexane,cyclohexane,5.1,2.649229453474751,group2.xlsx,cyclohexane
group2,cyclohexane,cyclohexane,5.2,2.854874657597128,group2.xlsx,cyclohexane
group2,cyclohexane,cyclohexane,5.3,2.61458413349218,group2.xlsx,cyclohexane
group2,cyclohexane,cyclohexane,5.4,2.59869131810196,group2.xlsx,cyclohexane
group2,cyclohexane,cyclohexane,5.5,2.109511589557414,group2.xlsx,cyclohexane
group2,cyclohexane,cyclohexane,5.6,2.146121285325638,group2.xlsx,cyclohexane
group2,cyclohexane,cyclohexane,5.7,2.182559614313746,group2.xlsx,cyclohexane
group2,cyclohexane,cyclohexane,5.8,2.212248270363574,group2.xlsx,cyclohexane
group2,cyclohexane,cyclohexane,5.9,2.228168569668143,group2.xlsx,cyclohexane
group2,cyclohexane,cyclohexane,6.0,1.99014176554374,group2.xlsx,cyclohexane
group2,cyclohexane,cyclohexane,6.1,2.269391646938607,group2.xlsx,cyclohexane
group2,cyclohexane,cyclohexane,6.2,2.198922643984856,group2.xlsx,cyclohexane
group2,cyclohexane,cyclohexane,6.3,2.319433853996221,group2.xlsx,cyclohexane
group2,cyclohexane,cyclohexane,6.4,2.292916078744445,group2.xlsx,cyclohexane
group2,cyclohexane,cyclohexane,6.5,1.888192331174431,group2.xlsx,cyclohexane
group2,cyclohexane,cyclohexane,6.6,1.626072372928527,group2.xlsx,cyclohexane
group2,cyclohexane,cyclohexane,6.7,1.476539144368285,group2.xlsx,cyclohexane
group2,cyclohexane,cyclohexane,6.8,1.732395205351262,group2.xlsx,cyclohexane
group2,cyclohexane,cyclohexane,6.9,1.263442073159888,group2.xlsx,cyclohexane
group2,cyclohexane,cyclohexane,7.0,1.215553086831445,group2.xlsx,cyclohexane
group2,cyclohexane,cyclohexane,7.1,1.359048875451861,group2.xlsx,cyclohexane
group2,cyclohexane,cyclohexane,7.2,1.268336605709133,group2.xlsx,cyclohexane
group2,cyclohexane,cyclohexane,7.3,1.428991995368788,group2.xlsx,cyclohexane
group2,cyclohexane,cyclohexane,7.4,1.777923596425353,group2.xlsx,cyclohexane
group2,cyclohexane,cyclohexane,7.5,1.697760514573647,group2.xlsx,cyclohexane
group2,cyclohexane,cyclohexane,7.6,1.957874109230398,group2.xlsx,cyclohexane
group2,cyclohexane,cyclohexane,7.7,2.272828866982274,group2.xlsx,cyclohexane
group2,cyclohexane,cyclohexane,7.8,2.216227467014753,group2.xlsx,cyclohexane
group2,cyclohexane,cyclohexane,7.9,2.277563492695686,group2.xlsx,cyclohexane
group2,cyclohexane,cyclohexane,8.0,2.113072194328292,group2.xlsx,cyclohexane
group2,cyclohexane,cyclohexane,8.1,2.014836883808468,group2.xlsx,cyclohexane
group2,cyclohexane,cyclohexane,8.2,1.858841161906657,group2.xlsx,cyclohexane
group2,cyclohexane,cyclohexane,8.3,1.954409876190707,group2.xlsx,cyclohexane
group2,cyclohexane,cyclohexane,8.4,2.210199703465384,group2.xlsx,cyclohexane
group2,cyclohexane,cyclohexane,8.5,2.281830493201792,group2.xlsx,cyclohexane
group2,cyclohexane,cyclohexane,8.6,1.909321843029678,group2.xlsx,cyclohexane
group2,cyclohexane,cyclohexane,8.7,2.238463643891612,group2.xlsx,cyclohexane
group2,cyclohexane,cyclohexane,8.8,2.193560161313136,group2.xlsx,cyclohexane
group2,cyclohexane,cyclohexane,8.9,1.65082679725602,group2.xlsx,cyclohexane
group2,cyclohexane,cyclohexane,9.0,1.401040886342164,group2.xlsx,cyclohexane
group2,cyclohexane,cyclohexane,9.1,1.659435230483029,group2.xlsx,cyclohexane
group2,cyclohexane,cyclohexane,9.2,1.471310245735498,group2.xlsx,cyclohexane
group2,cyclohexane,cyclohexane,9.3,1.504306106871734,group2.xlsx,cyclohexane
group2,cyclohexane,cyclohexane,9.4,1.570540292550707,group2.xlsx,cyclohexane
group2,cyclohexane,cyclohexane,9.5,1.293931865984989,group2.xlsx,cyclohexane
group2,cyclohexane,cyclohexane,9.6,1.597617226858138,group2.xlsx,cyclohexane
group2,cyclohexane,cyclohexane,9.7,1.209465275803153,group2.xlsx,cyclohexane
group2,cyclohexane,cyclohexane,9.8,1.2490273104196,group2.xlsx,cyclohexane
group2,cyclohexane,cyclohexane,9.9,1.307547545738838,group2.xlsx,cyclohexane
group2,cyclohexane,cyclohexane,10.0,1.520775067159629,group2.xlsx,cyclohexane
group2,DMC,DMC,0.0,0.0,group2.xlsx,DMC
group2,DMC,DMC,0.1,0.1683008794715926,group2.xlsx,DMC
group2,DMC,DMC,0.2,0.534698001106623,group2.xlsx,DMC
group2,DMC,DMC,0.3,0.3362489718606339,group2.xlsx,DMC
group2,DMC,DMC,0.4,0.6356609686472442,group2.xlsx,DMC
group2,DMC,DMC,0.5,0.7168234823037082,group2.xlsx,DMC
group2,DMC,DMC,0.6,1.485923055903932,group2.xlsx,DMC
group2,DMC,DMC,0.7,1.73084682452848,group2.xlsx,DMC
group2,DMC,DMC,0.8,2.000688723775864,group2.xlsx,DMC
group2,DMC,DMC,0.9,2.12723634746366,group2.xlsx,DMC
group2,DMC,DMC,1.0,1.868441002208013,group2.xlsx,DMC
group2,DMC,DMC,1.1,2.173346522068406,group2.xlsx,DMC
group2,DMC,DMC,1.2,2.182800481459332,group2.xlsx,DMC
group2,DMC,DMC,1.3,2.468100281760308,group2.xlsx,DMC
group2,DMC,DMC,1.4,2.090882832082888,group2.xlsx,DMC
group2,DMC,DMC,1.5,2.457263903232795,group2.xlsx,DMC
group2,DMC,DMC,1.6,2.216362232625305,group2.xlsx,DMC
group2,DMC,DMC,1.7,2.440005327306165,group2.xlsx,DMC
group2,DMC,DMC,1.8,2.35088531123718,group2.xlsx,DMC
group2,DMC,DMC,1.9,2.125372039197117,group2.xlsx,DMC
group2,DMC,DMC,2.0,2.039413999052609,group2.xlsx,DMC
group2,DMC,DMC,2.1,2.015593569376305,group2.xlsx,DMC
group2,DMC,DMC,2.2,2.535251427275464,group2.xlsx,DMC
group2,DMC,DMC,2.3,2.341526711417202,group2.xlsx,DMC
group2,DMC,DMC,2.4,2.350418254990214,group2.xlsx,DMC
group2,DMC,DMC,2.5,2.280026604113441,group2.xlsx,DMC
group2,DMC,DMC,2.6,1.875918310025728,group2.xlsx,DMC
group2,DMC,DMC,2.7,1.702554372673502,group2.xlsx,DMC
group2,DMC,DMC,2.8,1.83833785631173,group2.xlsx,DMC
group2,DMC,DMC,2.9,2.027141431316568,group2.xlsx,DMC
group2,DMC,DMC,3.0,1.880137491067588,group2.xlsx,DMC
group2,DMC,DMC,3.1,2.143146642943998,group2.xlsx,DMC
group2,DMC,DMC,3.2,2.215381429931054,group2.xlsx,DMC
group2,DMC,DMC,3.3,2.08861690849699,group2.xlsx,DMC
group2,DMC,DMC,3.4,2.165390271821972,group2.xlsx,DMC
group2,DMC,DMC,3.5,2.337710978823006,group2.xlsx,DMC
group2,DMC,DMC,3.6,2.604084067342233,group2.xlsx,DMC
group2,DMC,DMC,3.7,2.436144217935883,group2.xlsx,DMC
group2,DMC,DMC,3.8,2.405302881483887,group2.xlsx,DMC
group2,DMC,DMC,3.9,2.644540549377505,group2.xlsx,DMC
group2,DMC,DMC,4.0,2.396746632348121,group2.xlsx,DMC
group2,DMC,DMC,4.1,2.160843415156061,group2.xlsx,DMC
group2,DMC,DMC,4.2,2.600032485892803,group2.xlsx,DMC
group2,DMC,DMC,4.3,2.614842591032661,group2.xlsx,DMC
group2,DMC,DMC,4.4,2.568051250168093,group2.xlsx,DMC
group2,DMC,DMC,4.5,2.722514035699048,group2.xlsx,DMC
group2,DMC,DMC,4.6,2.696267773344723,group2.xlsx,DMC
group2,DMC,DMC,4.7,2.812339982227565,group2.xlsx,DMC
group2,DMC,DMC,4.8,3.224619361456801,group2.xlsx,DMC
group2,DMC,DMC,4.9,3.742458915143438,group2.xlsx,DMC
group2,DMC,DMC,5.0,3.774278185558808,group2.xlsx,DMC
group2,DMC,DMC,5.1,3.515550904885615,group2.xlsx,DMC
group2,DMC,DMC,5.2,3.517526764705494,group2.xlsx,DMC
group2,DMC,DMC,5.3,3.615283888736559,group2.xlsx,DMC
group2,DMC,DMC,5.4,3.700140875291118,group2.xlsx,DMC
group2,DMC,DMC,5.5,3.719740939585818,group2.xlsx,DMC
group2,DMC,DMC,5.6,3.623490661032948,group2.xlsx,DMC
group2,DMC,DMC,5.7,3.98270656163931,group2.xlsx,DMC
group2,DMC,DMC,5.8,4.251395999094334,group2.xlsx,DMC
group2,DMC,DMC,5.9,4.25804160600947,group2.xlsx,DMC
group2,DMC,DMC,6.0,4.284020596128254,group2.xlsx,DMC
group2,DMC,DMC,6.1,4.842356181404367,group2.xlsx,DMC
group2,DMC,DMC,6.2,4.859448654728107,group2.xlsx,DMC
group2,DMC,DMC,6.3,5.122724016650266,group2.xlsx,DMC
group2,DMC,DMC,6.4,5.206874602240717,group2.xlsx,DMC
group2,DMC,DMC,6.5,5.020077360393239,group2.xlsx,DMC
group2,DMC,DMC,6.6,5.121047924902371,group2.xlsx,DMC
group2,DMC,DMC,6.7,4.928573627702007,group2.xlsx,DMC
group2,DMC,DMC,6.8,4.979133233541043,group2.xlsx,DMC
group2,DMC,DMC,6.9,4.743057359449201,group2.xlsx,DMC
group2,DMC,DMC,7.0,4.627437512333779,group2.xlsx,DMC
group2,DMC,DMC,7.1,4.64138131665253,group2.xlsx,DMC
group2,DMC,DMC,7.2,4.715306135547991,group2.xlsx,DMC
group2,DMC,DMC,7.3,4.743801796922295,group2.xlsx,DMC
group2,DMC,DMC,7.4,4.829295562001583,group2.xlsx,DMC
group2,DMC,DMC,7.5,4.309233053471075,group2.xlsx,DMC
group2,DMC,DMC,7.6,4.422798269340228,group2.xlsx,DMC
group2,DMC,DMC,7.7,4.384848841356545,group2.xlsx,DMC
group2,DMC,DMC,7.8,4.685657092745764,group2.xlsx,DMC
group2,DMC,DMC,7.9,4.431205646376376,group2.xlsx,DMC
group2,DMC,DMC,8.0,4.651292187468572,group2.xlsx,DMC
group2,DMC,DMC,8.1,4.26200663205174,group2.xlsx,DMC
group2,DMC,DMC,8.2,4.659199855402801,group2.xlsx,DMC
group2,DMC,DMC,8.3,5.074470593639555,group2.xlsx,DMC
group2,DMC,DMC,8.4,4.81235813228801,group2.xlsx,DMC
group2,DMC,DMC,8.5,4.252639449195105,group2.xlsx,DMC
group2,DMC,DMC,8.6,4.657907367490986,group2.xlsx,DMC
group2,DMC,DMC,8.7,4.88834222083173,group2.xlsx,DMC
group2,DMC,DMC,8.8,4.452824937096975,group2.xlsx,DMC
group2,DMC,DMC,8.9,4.594403737508215,group2.xlsx,DMC
group2,DMC,DMC,9.0,4.543626095608514,group2.xlsx,DMC
group2,DMC,DMC,9.1,4.704922784890872,group2.xlsx,DMC
group2,DMC,DMC,9.2,5.265582035978024,group2.xlsx,DMC
group2,DMC,DMC,9.3,5.306819378026463,group2.xlsx,DMC
group2,DMC,DMC,9.4,5.035252687461091,group2.xlsx,DMC
group2,DMC,DMC,9.5,4.784623499405008,group2.xlsx,DMC
group2,DMC,DMC,9.6,5.067092155583707,group2.xlsx,DMC
group2,DMC,DMC,9.7,4.937629234813235,group2.xlsx,DMC
group2,DMC,DMC,9.8,4.720906455207605,group2.xlsx,DMC
group2,DMC,DMC,9.9,5.227749638585014,group2.xlsx,DMC
group2,DMC,DMC,10.0,5.044415296754916,group2.xlsx,DMC
group2,ethanol,ethanol,0.0,0.0,group2.xlsx,ethanol
group2,ethanol,ethanol,0.1,0.2050374748416295,group2.xlsx,ethanol
group2,ethanol,ethanol,0.2,0.7368076697327788,group2.xlsx,ethanol
group2,ethanol,ethanol,0.3,0.8394210502363019,group2.xlsx,ethanol
group2,ethanol,ethanol,0.4,0.8679362187177267,group2.xlsx,ethanol
group2,ethanol,ethanol,0.5,0.582060753046695,group2.xlsx,ethanol
group2,ethanol,ethanol,0.6,0.7006117006320528,group2.xlsx,ethanol
group2,ethanol,ethanol,0.7,1.168365370724799,group2.xlsx,ethanol
group2,ethanol,ethanol,0.8,1.180288113569229,group2.xlsx,ethanol
group2,ethanol,ethanol,0.9,0.9886827160731166,group2.xlsx,ethanol
group2,ethanol,ethanol,1.0,1.031539648097837,group2.xlsx,ethanol
group2,ethanol,ethanol,1.1,0.7644254874622971,group2.xlsx,ethanol
group2,ethanol,ethanol,1.2,0.9933343125354762,group2.xlsx,ethanol
group2,ethanol,ethanol,1.3,0.849115316845392,group2.xlsx,ethanol
group2,ethanol,ethanol,1.4,0.9269801918552661,group2.xlsx,ethanol
group2,ethanol,ethanol,1.5,1.054370337233807,group2.xlsx,ethanol
group2,ethanol,ethanol,1.6,0.9937434823338972,group2.xlsx,ethanol
group2,ethanol,ethanol,1.7,0.7318766712047442,group2.xlsx,ethanol
group2,ethanol,ethanol,1.8,0.8963782125596687,group2.xlsx,ethanol
group2,ethanol,ethanol,1.9,0.5344956282129208,group2.xlsx,ethanol
group2,ethanol,ethanol,2.0,0.1954232969562107,group2.xlsx,ethanol
group2,ethanol,ethanol,2.1,0.2076602474013073,group2.xlsx,ethanol
group2,ethanol,ethanol,2.2,0.4268895870840716,group2.xlsx,ethanol
group2,ethanol,ethanol,2.3,0.2940362786807484,group2.xlsx,ethanol
group2,ethanol,ethanol,2.4,0.5627618892023455,group2.xlsx,ethanol
group2,ethanol,ethanol,2.5,0.3428061164216158,group2.xlsx,ethanol
group2,ethanol,ethanol,2.6,1.07464336315011,group2.xlsx,ethanol
group2,ethanol,ethanol,2.7,0.9310038484798359,group2.xlsx,ethanol
group2,ethanol,ethanol,2.8,0.7232549807771208,group2.xlsx,ethanol
group2,ethanol,ethanol,2.9,0.6964374110615745,group2.xlsx,ethanol
group2,ethanol,ethanol,3.0,1.297799265791169,group2.xlsx,ethanol
group2,ethanol,ethanol,3.1,1.418493393888922,group2.xlsx,ethanol
group2,ethanol,ethanol,3.2,1.248085408961644,group2.xlsx,ethanol
group2,ethanol,ethanol,3.3,1.270015361344521,group2.xlsx,ethanol
group2,ethanol,ethanol,3.4,1.393601429133615,group2.xlsx,ethanol
group2,ethanol,ethanol,3.5,1.18561937186747,group2.xlsx,ethanol
group2,ethanol,ethanol,3.6,0.8744616759531072,group2.xlsx,ethanol
group2,ethanol,ethanol,3.7,0.9200693630734952,group2.xlsx,ethanol
group2,ethanol,ethanol,3.8,0.844057393242467,group2.xlsx,ethanol
group2,ethanol,ethanol,3.9,0.878384822387253,group2.xlsx,ethanol
group2,ethanol,ethanol,4.0,1.169743775262303,group2.xlsx,ethanol
group2,ethanol,ethanol,4.1,1.190078030741296,group2.xlsx,ethanol
group2,ethanol,ethanol,4.2,0.7320666143305882,group2.xlsx,ethanol
group2,ethanol,ethanol,4.3,0.6837619522788138,group2.xlsx,ethanol
group2,ethanol,ethanol,4.4,1.149246391706453,group2.xlsx,ethanol
group2,ethanol,ethanol,4.5,1.051197806527872,group2.xlsx,ethanol
group2,ethanol,ethanol,4.6,1.154198050373285,group2.xlsx,ethanol
group2,ethanol,ethanol,4.7,1.395315629391273,group2.xlsx,ethanol
group2,ethanol,ethanol,4.8,1.40940624620481,group2.xlsx,ethanol
group2,ethanol,ethanol,4.9,1.901947906739036,group2.xlsx,ethanol
group2,ethanol,ethanol,5.0,2.232172217165493,group2.xlsx,ethanol
group2,ethanol,ethanol,5.1,1.484240372262048,group2.xlsx,ethanol
group2,ethanol,ethanol,5.2,1.731993569470712,group2.xlsx,ethanol
group2,ethanol,ethanol,5.3,1.11760980966517,group2.xlsx,ethanol
group2,ethanol,ethanol,5.4,1.261877317015129,group2.xlsx,ethanol
group2,ethanol,ethanol,5.5,1.205784640001519,group2.xlsx,ethanol
group2,ethanol,ethanol,5.6,1.251309285529991,group2.xlsx,ethanol
group2,ethanol,ethanol,5.7,1.351473447319175,group2.xlsx,ethanol
group2,ethanol,ethanol,5.8,1.734068525549123,group2.xlsx,ethanol
group2,ethanol,ethanol,5.9,1.622231249680195,group2.xlsx,ethanol
group2,ethanol,ethanol,6.0,1.859436552837603,group2.xlsx,ethanol
group2,ethanol,ethanol,6.1,2.081799680118825,group2.xlsx,ethanol
group2,ethanol,ethanol,6.2,2.140959372790441,group2.xlsx,ethanol
group2,ethanol,ethanol,6.3,2.160727646856266,group2.xlsx,ethanol
group2,ethanol,ethanol,6.4,2.018798815114131,group2.xlsx,ethanol
group2,ethanol,ethanol,6.5,2.216586284367678,group2.xlsx,ethanol
group2,ethanol,ethanol,6.6,2.336083648652526,group2.xlsx,ethanol
group2,ethanol,ethanol,6.7,2.1032693206239,group2.xlsx,ethanol
group2,ethanol,ethanol,6.8,2.220880201734822,group2.xlsx,ethanol
group2,ethanol,ethanol,6.9,2.180659799479037,group2.xlsx,ethanol
group2,ethanol,ethanol,7.0,2.338685039208626,group2.xlsx,ethanol
group2,ethanol,ethanol,7.1,2.200405023306848,group2.xlsx,ethanol
group2,ethanol,ethanol,7.2,2.068788243865609,group2.xlsx,ethanol
group2,ethanol,ethanol,7.3,2.241646110046922,group2.xlsx,ethanol
group2,ethanol,ethanol,7.4,2.744842886295485,group2.xlsx,ethanol
group2,ethanol,ethanol,7.5,2.468723280667743,group2.xlsx,ethanol
group2,ethanol,ethanol,7.6,1.892406543842433,group2.xlsx,ethanol
group2,ethanol,ethanol,7.7,2.000384408484813,group2.xlsx,ethanol
group2,ethanol,ethanol,7.8,2.317329410577786,group2.xlsx,ethanol
group2,ethanol,ethanol,7.9,2.281626845304332,group2.xlsx,ethanol
group2,ethanol,ethanol,8.0,2.358715139111517,group2.xlsx,ethanol
group2,ethanol,ethanol,8.1,2.653518563051275,group2.xlsx,ethanol
group2,ethanol,ethanol,8.2,2.882335542677218,group2.xlsx,ethanol
group2,ethanol,ethanol,8.3,3.698906019191003,group2.xlsx,ethanol
group2,ethanol,ethanol,8.4,3.716642856292872,group2.xlsx,ethanol
group2,ethanol,ethanol,8.5,3.123420103768658,group2.xlsx,ethanol
group2,ethanol,ethanol,8.6,3.355876123914779,group2.xlsx,ethanol
group2,ethanol,ethanol,8.7,2.989234582627343,group2.xlsx,ethanol
group2,ethanol,ethanol,8.8,2.813287883328877,group2.xlsx,ethanol
group2,ethanol,ethanol,8.9,2.618722672917091,group2.xlsx,ethanol
group2,ethanol,ethanol,9.0,2.952236757704979,group2.xlsx,ethanol
group2,ethanol,ethanol,9.1,2.677613154240857,group2.xlsx,ethanol
group2,ethanol,ethanol,9.2,2.348801944416513,group2.xlsx,ethanol
group2,ethanol,ethanol,9.3,2.348592367724368,group2.xlsx,ethanol
group2,ethanol,ethanol,9.4,2.662553107903221,group2.xlsx,ethanol
group2,ethanol,ethanol,9.5,2.879720990427582,group2.xlsx,ethanol
group2,ethanol,ethanol,9.6,3.248319152738583,group2.xlsx,ethanol
group2,ethanol,ethanol,9.7,3.186151669393981,group2.xlsx,ethanol
group2,ethanol,ethanol,9.8,3.143468900651651,group2.xlsx,ethanol
group2,ethanol,ethanol,9.9,3.066763448985976,group2.xlsx,ethanol
group2,ethanol,ethanol,10.0,2.924078848151761,group2.xlsx,ethanol
group2,ethyl_acetate,ethyl acetate,0.0,0.0,group2.xlsx,ethyl_acetate
group2,ethyl_acetate,ethyl acetate,0.1,0.4209499252137046,group2.xlsx,ethyl_acetate
group2,ethyl_acetate,ethyl acetate,0.2,0.8005081373248181,group2.xlsx,ethyl_acetate
group2,ethyl_acetate,ethyl acetate,0.3,0.9338328028025874,group2.xlsx,ethyl_acetate
group2,ethyl_acetate,ethyl acetate,0.4,0.8223292186624945,group2.xlsx,ethyl_acetate
group2,ethyl_acetate,ethyl acetate,0.5,0.8152057974164926,group2.xlsx,ethyl_acetate
group2,ethyl_acetate,ethyl acetate,0.6,0.5518738993593206,group2.xlsx,ethyl_acetate
group2,ethyl_acetate,ethyl acetate,0.7,0.589056812144416,group2.xlsx,ethyl_acetate
group2,ethyl_acetate,ethyl acetate,0.8,0.657704879840886,group2.xlsx,ethyl_acetate
group2,ethyl_acetate,ethyl acetate,0.9,0.5263401995626592,group2.xlsx,ethyl_acetate
group2,ethyl_acetate,ethyl acetate,1.0,0.4064059666154273,group2.xlsx,ethyl_acetate
group2,ethyl_acetate,ethyl acetate,1.1,0.4267513254691609,group2.xlsx,ethyl_acetate
group2,ethyl_acetate,ethyl acetate,1.2,0.5836188707219567,group2.xlsx,ethyl_acetate
group2,ethyl_acetate,ethyl acetate,1.3,0.7885491895585443,group2.xlsx,ethyl_acetate
group2,ethyl_acetate,ethyl acetate,1.4,0.4335845461521075,group2.xlsx,ethyl_acetate
group2,ethyl_acetate,ethyl acetate,1.5,0.3769513313211437,group2.xlsx,ethyl_acetate
group2,ethyl_acetate,ethyl acetate,1.6,0.6361485100046289,group2.xlsx,ethyl_acetate
group2,ethyl_acetate,ethyl acetate,1.7,0.2682610381460067,group2.xlsx,ethyl_acetate
group2,ethyl_acetate,ethyl acetate,1.8,0.1465713212444926,group2.xlsx,ethyl_acetate
group2,ethyl_acetate,ethyl acetate,1.9,0.5952077268600211,group2.xlsx,ethyl_acetate
group2,ethyl_acetate,ethyl acetate,2.0,0.5982636843265902,group2.xlsx,ethyl_acetate
group2,ethyl_acetate,ethyl acetate,2.1,0.6844917476677832,group2.xlsx,ethyl_acetate
group2,ethyl_acetate,ethyl acetate,2.2,0.9202678690105547,group2.xlsx,ethyl_acetate
group2,ethyl_acetate,ethyl acetate,2.3,0.6373717729961565,group2.xlsx,ethyl_acetate
group2,ethyl_acetate,ethyl acetate,2.4,0.8301657636103651,group2.xlsx,ethyl_acetate
group2,ethyl_acetate,ethyl acetate,2.5,1.070457263636443,group2.xlsx,ethyl_acetate
group2,ethyl_acetate,ethyl acetate,2.6,1.114456170150971,group2.xlsx,ethyl_acetate
group2,ethyl_acetate,ethyl acetate,2.7,0.9101706986377931,group2.xlsx,ethyl_acetate
group2,ethyl_acetate,ethyl acetate,2.8,0.5705891452993548,group2.xlsx,ethyl_acetate
group2,ethyl_acetate,ethyl acetate,2.9,0.5976926297760968,group2.xlsx,ethyl_acetate
group2,ethyl_acetate,ethyl acetate,3.0,0.2817315714154225,group2.xlsx,ethyl_acetate
group2,ethyl_acetate,ethyl acetate,3.1,0.1576560356652158,group2.xlsx,ethyl_acetate
group2,ethyl_acetate,ethyl acetate,3.2,0.4613779578438764,group2.xlsx,ethyl_acetate
group2,ethyl_acetate,ethyl acetate,3.3,0.7773223737677323,group2.xlsx,ethyl_acetate
group2,ethyl_acetate,ethyl acetate,3.4,0.9662829209638076,group2.xlsx,ethyl_acetate
group2,ethyl_acetate,ethyl acetate,3.5,0.8088131833028964,group2.xlsx,ethyl_acetate
group2,ethyl_acetate,ethyl acetate,3.6,0.9780747571247163,group2.xlsx,ethyl_acetate
group2,ethyl_acetate,ethyl acetate,3.7,0.8945913080701754,group2.xlsx,ethyl_acetate
group2,ethyl_acetate,ethyl acetate,3.8,0.1033868123863798,group2.xlsx,ethyl_acetate
group2,ethyl_acetate,ethyl acetate,3.9,0.2619729788018951,group2.xlsx,ethyl_acetate
group2,ethyl_acetate,ethyl acetate,4.0,0.7251340421368263,group2.xlsx,ethyl_acetate
group2,ethyl_acetate,ethyl acetate,4.1,1.334468308833461,group2.xlsx,ethyl_acetate
group2,ethyl_acetate,ethyl acetate,4.2,1.224059830111475,group2.xlsx,ethyl_acetate
group2,ethyl_acetate,ethyl acetate,4.3,0.8245814141184075,group2.xlsx,ethyl_acetate
group2,ethyl_acetate,ethyl acetate,4.4,0.7105429417605188,group2.xlsx,ethyl_acetate
group2,ethyl_acetate,ethyl acetate,4.5,0.963316682750489,group2.xlsx,ethyl_acetate
group2,ethyl_acetate,ethyl acetate,4.6,0.9686184282538596,group2.xlsx,ethyl_acetate
group2,ethyl_acetate,ethyl acetate,4.7,1.164507070577928,group2.xlsx,ethyl_acetate
group2,ethyl_acetate,ethyl acetate,4.8,0.9809779755854094,group2.xlsx,ethyl_acetate
group2,ethyl_acetate,ethyl acetate,4.9,0.9287955879146644,group2.xlsx,ethyl_acetate
group2,ethyl_acetate,ethyl acetate,5.0,1.019474233256227,group2.xlsx,ethyl_acetate
group2,ethyl_acetate,ethyl acetate,5.1,1.136107155883323,group2.xlsx,ethyl_acetate
group2,ethyl_acetate,ethyl acetate,5.2,1.175582741079138,group2.xlsx,ethyl_acetate
group2,ethyl_acetate,ethyl acetate,5.3,1.228357316146756,group2.xlsx,ethyl_acetate
group2,ethyl_acetate,ethyl acetate,5.4,1.378852337476725,group2.xlsx,ethyl_acetate
group2,ethyl_acetate,ethyl acetate,5.5,1.287228029924745,group2.xlsx,ethyl_acetate
group2,ethyl_acetate,ethyl acetate,5.6,1.440666160188374,group2.xlsx,ethyl_acetate
group2,ethyl_acetate,ethyl acetate,5.7,1.116937856551448,group2.xlsx,ethyl_acetate
group2,ethyl_acetate,ethyl acetate,5.8,1.138731434220161,group2.xlsx,ethyl_acetate
group2,ethyl_acetate,ethyl acetate,5.9,1.40329191067571,group2.xlsx,ethyl_acetate
group2,ethyl_acetate,ethyl acetate,6.0,1.487335384719429,group2.xlsx,ethyl_acetate
group2,ethyl_acetate,ethyl acetate,6.1,1.417964576415715,group2.xlsx,ethyl_acetate
group2,ethyl_acetate,ethyl acetate,6.2,1.324543582984318,group2.xlsx,ethyl_acetate
group2,ethyl_acetate,ethyl acetate,6.3,1.145265981494066,group2.xlsx,ethyl_acetate
group2,ethyl_acetate,ethyl acetate,6.4,0.9492978548296899,group2.xlsx,ethyl_acetate
group2,ethyl_acetate,ethyl acetate,6.5,1.428263015228685,group2.xlsx,ethyl_acetate
group2,ethyl_acetate,ethyl acetate,6.6,1.479726080115646,group2.xlsx,ethyl_acetate
group2,ethyl_acetate,ethyl acetate,6.7,1.436372670841122,group2.xlsx,ethyl_acetate
group2,ethyl_acetate,ethyl acetate,6.8,1.374227055040983,group2.xlsx,ethyl_acetate
group2,ethyl_acetate,ethyl acetate,6.9,1.137743827877959,group2.xlsx,ethyl_acetate
group2,ethyl_acetate,ethyl acetate,7.0,1.097209400245412,group2.xlsx,ethyl_acetate
group2,ethyl_acetate,ethyl acetate,7.1,1.330469036039476,group2.xlsx,ethyl_acetate
group2,ethyl_acetate,ethyl acetate,7.2,1.434994900326045,group2.xlsx,ethyl_acetate
group2,ethyl_acetate,ethyl acetate,7.3,1.175840509760236,group2.xlsx,ethyl_acetate
group2,ethyl_acetate,ethyl acetate,7.4,1.603690556060722,group2.xlsx,ethyl_acetate
group2,ethyl_acetate,ethyl acetate,7.5,1.5706759736949,group2.xlsx,ethyl_acetate
group2,ethyl_acetate,ethyl acetate,7.6,1.710482670089134,group2.xlsx,ethyl_acetate
group2,ethyl_acetate,ethyl acetate,7.7,2.226123058219389,group2.xlsx,ethyl_acetate
group2,ethyl_acetate,ethyl acetate,7.8,1.812453959701454,group2.xlsx,ethyl_acetate
group2,ethyl_acetate,ethyl acetate,7.9,1.780950739062605,group2.xlsx,ethyl_acetate
group2,ethyl_acetate,ethyl acetate,8.0,2.053230260924054,group2.xlsx,ethyl_acetate
group2,ethyl_acetate,ethyl acetate,8.1,2.171855088003198,group2.xlsx,ethyl_acetate
group2,ethyl_acetate,ethyl acetate,8.2,1.971077067412668,group2.xlsx,ethyl_acetate
group2,ethyl_acetate,ethyl acetate,8.3,1.820740326124884,group2.xlsx,ethyl_acetate
group2,ethyl_acetate,ethyl acetate,8.4,1.215458056315672,group2.xlsx,ethyl_acetate
group2,ethyl_acetate,ethyl acetate,8.5,1.442174094987076,group2.xlsx,ethyl_acetate
group2,ethyl_acetate,ethyl acetate,8.6,1.325665241806803,group2.xlsx,ethyl_acetate
group2,ethyl_acetate,ethyl acetate,8.7,1.265476839221205,group2.xlsx,ethyl_acetate
group2,ethyl_acetate,ethyl acetate,8.8,1.682940968170421,group2.xlsx,ethyl_acetate
group2,ethyl_acetate,ethyl acetate,8.9,1.558281711795935,group2.xlsx,ethyl_acetate
group2,ethyl_acetate,ethyl acetate,9.0,1.572378896313154,group2.xlsx,ethyl_acetate
group2,ethyl_acetate,ethyl acetate,9.1,1.767150609151813,group2.xlsx,ethyl_acetate
group2,ethyl_acetate,ethyl acetate,9.2,1.658760088867934,group2.xlsx,ethyl_acetate
group2,ethyl_acetate,ethyl acetate,9.3,1.740502356440903,group2.xlsx,ethyl_acetate
group2,ethyl_acetate,ethyl acetate,9.4,1.847217283428162,group2.xlsx,ethyl_acetate
group2,ethyl_acetate,ethyl acetate,9.5,2.203180885388467,group2.xlsx,ethyl_acetate
group2,ethyl_acetate,ethyl acetate,9.6,1.965754397375142,group2.xlsx,ethyl_acetate
group2,ethyl_acetate,ethyl acetate,9.7,2.12134654380065,group2.xlsx,ethyl_acetate
group2,ethyl_acetate,ethyl acetate,9.8,2.186168250949746,group2.xlsx,ethyl_acetate
group2,ethyl_acetate,ethyl acetate,9.9,2.242025400971561,group2.xlsx,ethyl_acetate
group2,ethyl_acetate,ethyl acetate,10.0,2.34936848637441,group2.xlsx,ethyl_acetate
group2,isopropanol,isopropanol,0.0,0.0,group2.xlsx,isopropanol
group2,isopropanol,isopropanol,0.1,0.540095009171644,group2.xlsx,isopropanol
group2,isopropanol,isopropanol,0.2,0.4112791378986435,group2.xlsx,isopropanol
group2,isopropanol,isopropanol,0.3,0.4066730682671082,group2.xlsx,isopropanol
group2,isopropanol,isopropanol,0.4,0.6158804502574471,group2.xlsx,isopropanol
group2,isopropanol,isopropanol,0.5,0.4000097826661082,group2.xlsx,isopropanol
group2,isopropanol,isopropanol,0.6,0.633203944328087,group2.xlsx,isopropanol
group2,isopropanol,isopropanol,0.7,0.8574541196287494,group2.xlsx,isopropanol
group2,isopropanol,isopropanol,0.8,1.351943140111066,group2.xlsx,isopropanol
group2,isopropanol,isopropanol,0.9,1.508913753407287,group2.xlsx,isopropanol
group2,isopropanol,isopropanol,1.0,1.314999957597722,group2.xlsx,isopropanol
group2,isopropanol,isopropanol,1.1,1.361562161471748,group2.xlsx,isopropanol
group2,isopropanol,isopropanol,1.2,1.654110610075509,group2.xlsx,isopropanol
group2,isopropanol,isopropanol,1.3,1.595016515856396,group2.xlsx,isopropanol
group2,isopropanol,isopropanol,1.4,2.032374940996248,group2.xlsx,isopropanol
group2,isopropanol,isopropanol,1.5,1.904411971073873,group2.xlsx,isopropanol
group2,isopropanol,isopropanol,1.6,2.262472929684014,group2.xlsx,isopropanol
group2,isopropanol,isopropanol,1.7,2.5900573909705,group2.xlsx,isopropanol
group2,isopropanol,isopropanol,1.8,1.959296693625057,group2.xlsx,isopropanol
group2,isopropanol,isopropanol,1.9,1.764960429772682,group2.xlsx,isopropanol
group2,isopropanol,isopropanol,2.0,1.565328530654117,group2.xlsx,isopropanol
group2,isopropanol,isopropanol,2.1,1.489342865951152,group2.xlsx,isopropanol
group2,isopropanol,isopropanol,2.2,1.874800287546545,group2.xlsx,isopropanol
group2,isopropanol,isopropanol,2.3,2.057679741679219,group2.xlsx,isopropanol
group2,isopropanol,isopropanol,2.4,1.678736611388762,group2.xlsx,isopropanol
group2,isopropanol,isopropanol,2.5,1.74071640772913,group2.xlsx,isopropanol
group2,isopropanol,isopropanol,2.6,1.882298672795977,group2.xlsx,isopropanol
group2,isopropanol,isopropanol,2.7,1.565361529723223,group2.xlsx,isopropanol
group2,isopropanol,isopropanol,2.8,1.364222773963693,group2.xlsx,isopropanol
group2,isopropanol,isopropanol,2.9,1.509702355271718,group2.xlsx,isopropanol
group2,isopropanol,isopropanol,3.0,1.934459688916574,group2.xlsx,isopropanol
group2,isopropanol,isopropanol,3.1,2.335807014799384,group2.xlsx,isopropanol
group2,isopropanol,isopropanol,3.2,2.534818448871854,group2.xlsx,isopropanol
group2,isopropanol,isopropanol,3.3,2.369640484348036,group2.xlsx,isopropanol
group2,isopropanol,isopropanol,3.4,1.745939407787088,group2.xlsx,isopropanol
group2,isopropanol,isopropanol,3.5,1.538251823187319,group2.xlsx,isopropanol
group2,isopropanol,isopropanol,3.6,1.653784483268999,group2.xlsx,isopropanol
group2,isopropanol,isopropanol,3.7,1.730712451449597,group2.xlsx,isopropanol
group2,isopropanol,isopropanol,3.8,1.583622700339935,group2.xlsx,isopropanol
group2,isopropanol,isopropanol,3.9,1.791710684360832,group2.xlsx,isopropanol
group2,isopropanol,isopropanol,4.0,1.886987411521712,group2.xlsx,isopropanol
group2,isopropanol,isopropanol,4.1,2.101149350476765,group2.xlsx,isopropanol
group2,isopropanol,isopropanol,4.2,2.131608734347723,group2.xlsx,isopropanol
group2,isopropanol,isopropanol,4.3,1.897429163163158,group2.xlsx,isopropanol
group2,isopropanol,isopropanol,4.4,1.818476427953463,group2.xlsx,isopropanol
group2,isopropanol,isopropanol,4.5,1.935361924089123,group2.xlsx,isopropanol
group2,isopropanol,isopropanol,4.6,2.051749074173895,group2.xlsx,isopropanol
group2,isopropanol,isopropanol,4.7,2.077446377073232,group2.xlsx,isopropanol
group2,isopropanol,isopropanol,4.8,1.621018096019335,group2.xlsx,isopropanol
group2,isopropanol,isopropanol,4.9,1.448296857996736,group2.xlsx,isopropanol
group2,isopropanol,isopropanol,5.0,1.52230301529291,group2.xlsx,isopropanol
group2,isopropanol,isopropanol,5.1,1.694914787621285,group2.xlsx,isopropanol
group2,isopropanol,isopropanol,5.2,1.881335774498493,group2.xlsx,isopropanol
group2,isopropanol,isopropanol,5.3,2.246034688270067,group2.xlsx,isopropanol
group2,isopropanol,isopropanol,5.4,1.651751463538673,group2.xlsx,isopropanol
group2,isopropanol,isopropanol,5.5,2.099169047300419,group2.xlsx,isopropanol
group2,isopropanol,isopropanol,5.6,2.220961170909617,group2.xlsx,isopropanol
group2,isopropanol,isopropanol,5.7,1.971205510439812,group2.xlsx,isopropanol
group2,isopropanol,isopropanol,5.8,1.541576965697718,group2.xlsx,isopropanol
group2,isopropanol,isopropanol,5.9,1.118498892642382,group2.xlsx,isopropanol
group2,isopropanol,isopropanol,6.0,0.7900453352712831,group2.xlsx,isopropanol
group2,isopropanol,isopropanol,6.1,1.037549634952191,group2.xlsx,isopropanol
group2,isopropanol,isopropanol,6.2,1.127201799306724,group2.xlsx,isopropanol
group2,isopropanol,isopropanol,6.3,0.8684378219154487,group2.xlsx,isopropanol
group2,isopropanol,isopropanol,6.4,1.071574612904473,group2.xlsx,isopropanol
group2,isopropanol,isopropanol,6.5,1.130920016780149,group2.xlsx,isopropanol
group2,isopropanol,isopropanol,6.6,0.6105808190007903,group2.xlsx,isopropanol
group2,isopropanol,isopropanol,6.7,0.7067542352055702,group2.xlsx,isopropanol
group2,isopropanol,isopropanol,6.8,1.047317701149478,group2.xlsx,isopropanol
group2,isopropanol,isopropanol,6.9,0.6085280412614982,group2.xlsx,isopropanol
group2,isopropanol,isopropanol,7.0,0.8465065192850051,group2.xlsx,isopropanol
group2,isopropanol,isopropanol,7.1,0.8237372303251678,group2.xlsx,isopropanol
group2,isopropanol,isopropanol,7.2,0.7016110649597131,group2.xlsx,isopropanol
group2,isopropanol,isopropanol,7.3,0.7916103517328764,group2.xlsx,isopropanol
group2,isopropanol,isopropanol,7.4,0.946244103239152,group2.xlsx,isopropanol
group2,isopropanol,isopropanol,7.5,0.9086879785565074,group2.xlsx,isopropanol
group2,isopropanol,isopropanol,7.6,0.6541676465088926,group2.xlsx,isopropanol
group2,isopropanol,isopropanol,7.7,0.9744114023421218,group2.xlsx,isopropanol
group2,isopropanol,isopropanol,7.8,0.4464502795972517,group2.xlsx,isopropanol
group2,isopropanol,isopropanol,7.9,0.6095929556872081,group2.xlsx,isopropanol
group2,isopropanol,isopropanol,8.0,0.4597414156326925,group2.xlsx,isopropanol
group2,isopropanol,isopropanol,8.1,0.7821157994821218,group2.xlsx,isopropanol
group2,isopropanol,isopropanol,8.2,0.3270870178253223,group2.xlsx,isopropanol
group2,isopropanol,isopropanol,8.3,0.4474551695392945,group2.xlsx,isopropanol
group2,isopropanol,isopropanol,8.4,0.6765974166811064,group2.xlsx,isopropanol
group2,isopropanol,isopropanol,8.5,1.150538180300487,group2.xlsx,isopropanol
group2,isopropanol,isopropanol,8.6,0.7672225972190768,group2.xlsx,isopropanol
group2,isopropanol,isopropanol,8.7,0.4990843095523044,group2.xlsx,isopropanol
group2,isopropanol,isopropanol,8.8,0.2782455277149118,group2.xlsx,isopropanol
group2,isopropanol,isopropanol,8.9,0.1682124270969928,group2.xlsx,isopropanol
group2,isopropanol,isopropanol,9.0,0.9229874474384068,group2.xlsx,isopropanol
group2,isopropanol,isopropanol,9.1,0.7106937349595537,group2.xlsx,isopropanol
group2,isopropanol,isopropanol,9.2,0.4485077316829683,group2.xlsx,isopropanol
group2,isopropanol,isopropanol,9.3,0.7185692910836358,group2.xlsx,isopropanol
group2,isopropanol,isopropanol,9.4,0.8560120633615611,group2.xlsx,isopropanol
group2,isopropanol,isopropanol,9.5,0.5924784209004081,group2.xlsx,isopropanol
group2,isopropanol,isopropanol,9.6,0.4224924855454131,group2.xlsx,isopropanol
group2,isopropanol,isopropanol,9.7,0.2988780627424638,group2.xlsx,isopropanol
group2,isopropanol,isopropanol,9.8,0.6485838295138103,group2.xlsx,isopropanol
group2,isopropanol,isopropanol,9.9,0.8757160663429574,group2.xlsx,isopropanol
group2,isopropanol,isopropanol,10.0,0.6470600775905196,group2.xlsx,isopropanol
group2,methanol,methanol,0.0,0.0,group2.xlsx,methanol
group2,methanol,methanol,0.1,0.4931377315312663,group2.xlsx,methanol
group2,methanol,methanol,0.2,0.5549814456235885,group2.xlsx,methanol
group2,methanol,methanol,0.3,0.7622885705456817,group2.xlsx,methanol
group2,methanol,methanol,0.4,1.121907413956507,group2.xlsx,methanol
group2,methanol,methanol,0.5,0.8681546295674547,group2.xlsx,methanol
group2,methanol,methanol,0.6,1.111947241287597,group2.xlsx,methanol
group2,methanol,methanol,0.7,0.8173370755035476,group2.xlsx,methanol
group2,methanol,methanol,0.8,1.141016523547532,group2.xlsx,methanol
group2,methanol,methanol,0.9,0.8351711212390115,group2.xlsx,methanol
group2,methanol,methanol,1.0,0.8178980406291112,group2.xlsx,methanol
group2,methanol,methanol,1.1,1.154408882508656,group2.xlsx,methanol
group2,methanol,methanol,1.2,1.29042381890771,group2.xlsx,methanol
group2,methanol,methanol,1.3,1.085829827577595,group2.xlsx,methanol
group2,methanol,methanol,1.4,1.041810943221997,group2.xlsx,methanol
group2,methanol,methanol,1.5,0.938300585309014,group2.xlsx,methanol
group2,methanol,methanol,1.6,0.6584494247241928,group2.xlsx,methanol
group2,methanol,methanol,1.7,0.9360361380314961,group2.xlsx,methanol
group2,methanol,methanol,1.8,1.026429591053815,group2.xlsx,methanol
group2,methanol,methanol,1.9,0.6755729216457048,group2.xlsx,methanol
group2,methanol,methanol,2.0,0.8792402290036877,group2.xlsx,methanol
group2,methanol,methanol,2.1,0.6464621954740063,group2.xlsx,methanol
group2,methanol,methanol,2.2,0.4952086345382846,group2.xlsx,methanol
group2,methanol,methanol,2.3,0.5012655332785587,group2.xlsx,methanol
group2,methanol,methanol,2.4,0.7756830246711606,group2.xlsx,methanol
group2,methanol,methanol,2.5,0.7625352889470749,group2.xlsx,methanol
group2,methanol,methanol,2.6,0.7666754573852642,group2.xlsx,methanol
group2,methanol,methanol,2.7,1.168195759721704,group2.xlsx,methanol
group2,methanol,methanol,2.8,1.361427185438471,group2.xlsx,methanol
group2,methanol,methanol,2.9,1.016300667785131,group2.xlsx,methanol
group2,methanol,methanol,3.0,1.040316337945433,group2.xlsx,methanol
group2,methanol,methanol,3.1,0.9634292816145009,group2.xlsx,methanol
group2,methanol,methanol,3.2,0.9016455622048415,group2.xlsx,methanol
group2,methanol,methanol,3.3,0.8251813080461964,group2.xlsx,methanol
group2,methanol,methanol,3.4,1.345164453743522,group2.xlsx,methanol
group2,methanol,methanol,3.5,1.458379700713557,group2.xlsx,methanol
group2,methanol,methanol,3.6,1.508716384408849,group2.xlsx,methanol
group2,methanol,methanol,3.7,1.103698364233839,group2.xlsx,methanol
group2,methanol,methanol,3.8,0.9946761157974396,group2.xlsx,methanol
group2,methanol,methanol,3.9,1.064711596700126,group2.xlsx,methanol
group2,methanol,methanol,4.0,0.9848200085306895,group2.xlsx,methanol
group2,methanol,methanol,4.1,0.5416223880725686,group2.xlsx,methanol
group2,methanol,methanol,4.2,0.8008760935209848,group2.xlsx,methanol
group2,methanol,methanol,4.3,0.7263542006584262,group2.xlsx,methanol
group2,methanol,methanol,4.4,0.8857371126330823,group2.xlsx,methanol
group2,methanol,methanol,4.5,0.7991656080007707,group2.xlsx,methanol
group2,methanol,methanol,4.6,0.6259569732203375,group2.xlsx,methanol
group2,methanol,methanol,4.7,0.6562914509383783,group2.xlsx,methanol
group2,methanol,methanol,4.8,0.6423916599917046,group2.xlsx,methanol
group2,methanol,methanol,4.9,0.625333143583679,group2.xlsx,methanol
group2,methanol,methanol,5.0,0.4536555639613424,group2.xlsx,methanol
group2,methanol,methanol,5.1,0.5553316416649705,group2.xlsx,methanol
group2,methanol,methanol,5.2,0.4528165262266745,group2.xlsx,methanol
group2,methanol,methanol,5.3,0.9350842126586868,group2.xlsx,methanol
group2,methanol,methanol,5.4,0.8974470302331778,group2.xlsx,methanol
group2,methanol,methanol,5.5,0.2682005850110107,group2.xlsx,methanol
group2,methanol,methanol,5.6,0.7145543015936879,group2.xlsx,methanol
group2,methanol,methanol,5.7,0.5526502536154024,group2.xlsx,methanol
group2,methanol,methanol,5.8,0.5352467850773316,group2.xlsx,methanol
group2,methanol,methanol,5.9,0.7199982285760576,group2.xlsx,methanol
group2,methanol,methanol,6.0,0.2588840690023631,group2.xlsx,methanol
group2,methanol,methanol,6.1,0.2405479234177447,group2.xlsx,methanol
group2,methanol,methanol,6.2,0.1946452628653464,group2.xlsx,methanol
group2,methanol,methanol,6.3,0.4655902970049474,group2.xlsx,methanol
group2,methanol,methanol,6.4,0.9370809045819598,group2.xlsx,methanol
group2,methanol,methanol,6.5,0.9710709099843764,group2.xlsx,methanol
group2,methanol,methanol,6.6,0.8214832799328906,group2.xlsx,methanol
group2,methanol,methanol,6.7,0.7283163462306644,group2.xlsx,methanol
group2,methanol,methanol,6.8,1.163156180281023,group2.xlsx,methanol
group2,methanol,methanol,6.9,1.052182438525179,group2.xlsx,methanol
group2,methanol,methanol,7.0,0.8583044884361818,group2.xlsx,methanol
group2,methanol,methanol,7.1,1.002053517921113,group2.xlsx,methanol
group2,methanol,methanol,7.2,1.235163877811017,group2.xlsx,methanol
group2,methanol,methanol,7.3,1.359890996260255,group2.xlsx,methanol
group2,methanol,methanol,7.4,1.495064580930866,group2.xlsx,methanol
group2,methanol,methanol,7.5,1.301732276120072,group2.xlsx,methanol
group2,methanol,methanol,7.6,0.9567390208111904,group2.xlsx,methanol
group2,methanol,methanol,7.7,0.7747254415695816,group2.xlsx,methanol
group2,methanol,methanol,7.8,0.9240122135650227,group2.xlsx,methanol
group2,methanol,methanol,7.9,1.229385716346585,group2.xlsx,methanol
group2,methanol,methanol,8.0,1.210089203926573,group2.xlsx,methanol
group2,methanol,methanol,8.1,0.982327131963274,group2.xlsx,methanol
group2,methanol,methanol,8.2,0.6739302921377781,group2.xlsx,methanol
group2,methanol,methanol,8.3,0.8275221435154293,group2.xlsx,methanol
group2,methanol,methanol,8.4,0.6900756015302535,group2.xlsx,methanol
group2,methanol,methanol,8.5,0.7653829906615933,group2.xlsx,methanol
group2,methanol,methanol,8.6,0.3887316059855875,group2.xlsx,methanol
group2,methanol,methanol,8.7,0.6792187187728516,group2.xlsx,methanol
group2,methanol,methanol,8.8,0.8287196232976783,group2.xlsx,methanol
group2,methanol,methanol,8.9,0.9142828932699248,group2.xlsx,methanol
group2,methanol,methanol,9.0,1.128316319152475,group2.xlsx,methanol
group2,methanol,methanol,9.1,1.201852008188094,group2.xlsx,methanol
group2,methanol,methanol,9.2,1.728084847434549,group2.xlsx,methanol
group2,methanol,methanol,9.3,2.107792254214931,group2.xlsx,methanol
group2,methanol,methanol,9.4,2.134285885212591,group2.xlsx,methanol
group2,methanol,methanol,9.5,1.944021869324216,group2.xlsx,methanol
group2,methanol,methanol,9.6,1.919308627086847,group2.xlsx,methanol
group2,methanol,methanol,9.7,1.815716225417632,group2.xlsx,methanol
group2,methanol,methanol,9.8,2.19260778328336,group2.xlsx,methanol
group2,methanol,methanol,9.9,2.323571832728045,group2.xlsx,methanol
group2,methanol,methanol,10.0,2.49087950304573,group2.xlsx,methanol
group2,n-heptane,n-heptane,0.0,0.0,group2.xlsx,n-heptane
group2,n-heptane,n-heptane,0.1,0.7230615834022394,group2.xlsx,n-heptane
group2,n-heptane,n-heptane,0.2,1.044201189447237,group2.xlsx,n-heptane
group2,n-heptane,n-heptane,0.3,1.262500270648339,group2.xlsx,n-heptane
group2,n-heptane,n-heptane,0.4,1.417923986481872,group2.xlsx,n-heptane
group2,n-heptane,n-heptane,0.5,1.46512444619026,group2.xlsx,n-heptane
group2,n-heptane,n-heptane,0.6,1.65455797401183,group2.xlsx,n-heptane
group2,n-heptane,n-heptane,0.7,2.325235357602069,group2.xlsx,n-heptane
group2,n-heptane,n-heptane,0.8,2.408228968525575,group2.xlsx,n-heptane
group2,n-heptane,n-heptane,0.9,1.944319066925003,group2.xlsx,n-heptane
group2,n-heptane,n-heptane,1.0,2.032608531384336,group2.xlsx,n-heptane
group2,n-heptane,n-heptane,1.1,2.249421597429019,group2.xlsx,n-heptane
group2,n-heptane,n-heptane,1.2,2.340601550845891,group2.xlsx,n-heptane
group2,n-heptane,n-heptane,1.3,2.819411862447868,group2.xlsx,n-heptane
group2,n-heptane,n-heptane,1.4,2.719140439920895,group2.xlsx,n-heptane
group2,n-heptane,n-heptane,1.5,2.966323802000358,group2.xlsx,n-heptane
group2,n-heptane,n-heptane,1.6,3.474716392696539,group2.xlsx,n-heptane
group2,n-heptane,n-heptane,1.7,3.527792874203301,group2.xlsx,n-heptane
group2,n-heptane,n-heptane,1.8,3.915338208469612,group2.xlsx,n-heptane
group2,n-heptane,n-heptane,1.9,3.778060330270929,group2.xlsx,n-heptane
group2,n-heptane,n-heptane,2.0,3.977804480358497,group2.xlsx,n-heptane
group2,n-heptane,n-heptane,2.1,3.898846178943977,group2.xlsx,n-heptane
group2,n-heptane,n-heptane,2.2,3.764443545947515,group2.xlsx,n-heptane
group2,n-heptane,n-heptane,2.3,3.79560676844786,group2.xlsx,n-heptane
group2,n-heptane,n-heptane,2.4,4.329642678939315,group2.xlsx,n-heptane
group2,n-heptane,n-heptane,2.5,4.745785329110313,group2.xlsx,n-heptane
group2,n-heptane,n-heptane,2.6,4.654243663205307,group2.xlsx,n-heptane
group2,n-heptane,n-heptane,2.7,4.564050558919567,group2.xlsx,n-heptane
group2,n-heptane,n-heptane,2.8,4.047074992351292,group2.xlsx,n-heptane
group2,n-heptane,n-heptane,2.9,4.264694256904649,group2.xlsx,n-heptane
group2,n-heptane,n-heptane,3.0,4.455182060799472,group2.xlsx,n-heptane
group2,n-heptane,n-heptane,3.1,4.441229661092907,group2.xlsx,n-heptane
group2,n-heptane,n-heptane,3.2,4.358351112035717,group2.xlsx,n-heptane
group2,n-heptane,n-heptane,3.3,4.341212197639369,group2.xlsx,n-heptane
group2,n-heptane,n-heptane,3.4,4.217861059774527,group2.xlsx,n-heptane
group2,n-heptane,n-heptane,3.5,4.007752112053958,group2.xlsx,n-heptane
group2,n-heptane,n-heptane,3.6,4.21917685992274,group2.xlsx,n-heptane
group2,n-heptane,n-heptane,3.7,3.667980345041062,group2.xlsx,n-heptane
group2,n-heptane,n-heptane,3.8,3.71467359595531,group2.xlsx,n-heptane
group2,n-heptane,n-heptane,3.9,4.353747700866646,group2.xlsx,n-heptane
group2,n-heptane,n-heptane,4.0,4.065622545988154,group2.xlsx,n-heptane
group2,n-heptane,n-heptane,4.1,4.346711221677195,group2.xlsx,n-heptane
group2,n-heptane,n-heptane,4.2,4.115776059699605,group2.xlsx,n-heptane
group2,n-heptane,n-heptane,4.3,4.198218250611378,group2.xlsx,n-heptane
group2,n-heptane,n-heptane,4.4,4.095917393105053,group2.xlsx,n-heptane
group2,n-heptane,n-heptane,4.5,4.060476673738437,group2.xlsx,n-heptane
group2,n-heptane,n-heptane,4.6,3.72152401416338,group2.xlsx,n-heptane
group2,n-heptane,n-heptane,4.7,3.439801381942306,group2.xlsx,n-heptane
group2,n-heptane,n-heptane,4.8,3.773281381059534,group2.xlsx,n-heptane
group2,n-heptane,n-heptane,4.9,3.849112648011692,group2.xlsx,n-heptane
group2,n-heptane,n-heptane,5.0,4.260904996180072,group2.xlsx,n-heptane
group2,n-heptane,n-heptane,5.1,4.464473546022888,group2.xlsx,n-heptane
group2,n-heptane,n-heptane,5.2,4.720775517810817,group2.xlsx,n-heptane
group2,n-heptane,n-heptane,5.3,5.144560105733681,group2.xlsx,n-heptane
group2,n-heptane,n-heptane,5.4,4.924469775315206,group2.xlsx,n-heptane
group2,n-heptane,n-heptane,5.5,4.890091661255382,group2.xlsx,n-heptane
group2,n-heptane,n-heptane,5.6,5.342552220987185,group2.xlsx,n-heptane
group2,n-heptane,n-heptane,5.7,5.300761356730764,group2.xlsx,n-heptane
group2,n-heptane,n-heptane,5.8,5.469249430231708,group2.xlsx,n-heptane
group2,n-heptane,n-heptane,5.9,5.229226011833663,group2.xlsx,n-heptane
group2,n-heptane,n-heptane,6.0,4.745036035991069,group2.xlsx,n-heptane
group2,n-heptane,n-heptane,6.1,4.940479224234978,group2.xlsx,n-heptane
group2,n-heptane,n-heptane,6.2,4.972267384664195,group2.xlsx,n-heptane
group2,n-heptane,n-heptane,6.3,4.756074410169054,group2.xlsx,n-heptane
group2,n-heptane,n-heptane,6.4,4.927935956605614,group2.xlsx,n-heptane
group2,n-heptane,n-heptane,6.5,4.718751434594617,group2.xlsx,n-heptane
group2,n-heptane,n-heptane,6.6,4.550678597305829,group2.xlsx,n-heptane
group2,n-heptane,n-heptane,6.7,4.956050300513721,group2.xlsx,n-heptane
group2,n-heptane,n-heptane,6.8,5.220571624387222,group2.xlsx,n-heptane
group2,n-heptane,n-heptane,6.9,5.421397767556585,group2.xlsx,n-heptane
group2,n-heptane,n-heptane,7.0,5.237392096671925,group2.xlsx,n-heptane
group2,n-heptane,n-heptane,7.1,4.881875595846267,group2.xlsx,n-heptane
group2,n-heptane,n-heptane,7.2,5.317931533576715,group2.xlsx,n-heptane
group2,n-heptane,n-heptane,7.3,4.678830876221177,group2.xlsx,n-heptane
group2,n-heptane,n-heptane,7.4,4.839355485628827,group2.xlsx,n-heptane
group2,n-heptane,n-heptane,7.5,5.357447717611006,group2.xlsx,n-heptane
group2,n-heptane,n-heptane,7.6,5.488950962234503,group2.xlsx,n-heptane
group2,n-heptane,n-heptane,7.7,5.567981253275934,group2.xlsx,n-heptane
group2,n-heptane,n-heptane,7.8,5.589515997491435,group2.xlsx,n-heptane
group2,n-heptane,n-heptane,7.9,5.544678896384125,group2.xlsx,n-heptane
group2,n-heptane,n-heptane,8.0,5.592271740160409,group2.xlsx,n-heptane
group2,n-heptane,n-heptane,8.1,5.536710215528113,group2.xlsx,n-heptane
group2,n-heptane,n-heptane,8.2,5.584590323564447,group2.xlsx,n-heptane
group2,n-heptane,n-heptane,8.3,6.26046870526403,group2.xlsx,n-heptane
group2,n-heptane,n-heptane,8.4,6.639734187939121,group2.xlsx,n-heptane
group2,n-heptane,n-heptane,8.5,6.490774229671229,group2.xlsx,n-heptane
group2,n-heptane,n-heptane,8.6,6.414402388874635,group2.xlsx,n-heptane
group2,n-heptane,n-heptane,8.7,6.510739551653921,group2.xlsx,n-heptane
group2,n-heptane,n-heptane,8.8,7.127363925937251,group2.xlsx,n-heptane
group2,n-heptane,n-heptane,8.9,6.20090168102577,group2.xlsx,n-heptane
group2,n-heptane,n-heptane,9.0,6.240641291041739,group2.xlsx,n-heptane
group2,n-heptane,n-heptane,9.1,6.285576388269795,group2.xlsx,n-heptane
group2,n-heptane,n-heptane,9.2,6.361910952966687,group2.xlsx,n-heptane
group2,n-heptane,n-heptane,9.3,5.557025171107945,group2.xlsx,n-heptane
group2,n-heptane,n-heptane,9.4,5.888284748562356,group2.xlsx,n-heptane
group2,n-heptane,n-heptane,9.5,5.731351733756989,group2.xlsx,n-heptane
group2,n-heptane,n-heptane,9.6,5.983401528930263,group2.xlsx,n-heptane
group2,n-heptane,n-heptane,9.7,6.375612281184621,group2.xlsx,n-heptane
group2,n-heptane,n-heptane,9.8,6.447447518395858,group2.xlsx,n-heptane
group2,n-heptane,n-heptane,9.9,6.264502066912244,group2.xlsx,n-heptane
group2,n-heptane,n-heptane,10.0,6.063310214380672,group2.xlsx,n-heptane
group2,p-xylene,p-xylene,0.0,0.0,group2.xlsx,p-xylene
group2,p-xylene,p-xylene,0.1,0.615317417512003,group2.xlsx,p-xylene
group2,p-xylene,p-xylene,0.2,0.5974481550916263,group2.xlsx,p-xylene
group2,p-xylene,p-xylene,0.3,0.4357075205683315,group2.xlsx,p-xylene
group2,p-xylene,p-xylene,0.4,0.7439764829826813,group2.xlsx,p-xylene
group2,p-xylene,p-xylene,0.5,0.751800773153334,group2.xlsx,p-xylene
group2,p-xylene,p-xylene,0.6,0.876811845641051,group2.xlsx,p-xylene
group2,p-xylene,p-xylene,0.7,0.4748129949740029,group2.xlsx,p-xylene
group2,p-xylene,p-xylene,0.8,0.596842083099535,group2.xlsx,p-xylene
group2,p-xylene,p-xylene,0.9,0.4859343054251475,group2.xlsx,p-xylene
group2,p-xylene,p-xylene,1.0,0.2403510289505281,group2.xlsx,p-xylene
group2,p-xylene,p-xylene,1.1,0.3492862247243341,group2.xlsx,p-xylene
group2,p-xylene,p-xylene,1.2,0.5782866844231189,group2.xlsx,p-xylene
group2,p-xylene,p-xylene,1.3,0.5576278762050466,group2.xlsx,p-xylene
group2,p-xylene,p-xylene,1.4,0.5596841241234972,group2.xlsx,p-xylene
group2,p-xylene,p-xylene,1.5,0.9242433668606682,group2.xlsx,p-xylene
group2,p-xylene,p-xylene,1.6,1.071409366491591,group2.xlsx,p-xylene
group2,p-xylene,p-xylene,1.7,0.9897336594058803,group2.xlsx,p-xylene
group2,p-xylene,p-xylene,1.8,1.245587255602565,group2.xlsx,p-xylene
group2,p-xylene,p-xylene,1.9,1.002654596930277,group2.xlsx,p-xylene
group2,p-xylene,p-xylene,2.0,1.155193328139019,group2.xlsx,p-xylene
group2,p-xylene,p-xylene,2.1,1.531583060504932,group2.xlsx,p-xylene
group2,p-xylene,p-xylene,2.2,1.79992050530084,group2.xlsx,p-xylene
group2,p-xylene,p-xylene,2.3,1.459291118414289,group2.xlsx,p-xylene
group2,p-xylene,p-xylene,2.4,1.916558861334815,group2.xlsx,p-xylene
group2,p-xylene,p-xylene,2.5,1.378016557360179,group2.xlsx,p-xylene
group2,p-xylene,p-xylene,2.6,1.202699413985672,group2.xlsx,p-xylene
group2,p-xylene,p-xylene,2.7,1.460178471879234,group2.xlsx,p-xylene
group2,p-xylene,p-xylene,2.8,1.568141025557954,group2.xlsx,p-xylene
group2,p-xylene,p-xylene,2.9,1.445157378210813,group2.xlsx,p-xylene
group2,p-xylene,p-xylene,3.0,1.385075531962998,group2.xlsx,p-xylene
group2,p-xylene,p-xylene,3.1,1.329851076226925,group2.xlsx,p-xylene
group2,p-xylene,p-xylene,3.2,1.458823869053612,group2.xlsx,p-xylene
group2,p-xylene,p-xylene,3.3,1.53145065518191,group2.xlsx,p-xylene
group2,p-xylene,p-xylene,3.4,1.420208933939137,group2.xlsx,p-xylene
group2,p-xylene,p-xylene,3.5,1.125887887209389,group2.xlsx,p-xylene
group2,p-xylene,p-xylene,3.6,0.7383711399420978,group2.xlsx,p-xylene
group2,p-xylene,p-xylene,3.7,0.5486146394901011,group2.xlsx,p-xylene
group2,p-xylene,p-xylene,3.8,0.7169757810335229,group2.xlsx,p-xylene
group2,p-xylene,p-xylene,3.9,0.817216453729098,group2.xlsx,p-xylene
group2,p-xylene,p-xylene,4.0,1.127166951449055,group2.xlsx,p-xylene
group2,p-xylene,p-xylene,4.1,0.989096304879013,group2.xlsx,p-xylene
group2,p-xylene,p-xylene,4.2,1.134917902440381,group2.xlsx,p-xylene
group2,p-xylene,p-xylene,4.3,0.9776126097715355,group2.xlsx,p-xylene
group2,p-xylene,p-xylene,4.4,0.9490624856050066,group2.xlsx,p-xylene
group2,p-xylene,p-xylene,4.5,0.8295249666394374,group2.xlsx,p-xylene
group2,p-xylene,p-xylene,4.6,1.020567308451071,group2.xlsx,p-xylene
group2,p-xylene,p-xylene,4.7,0.4888610854879873,group2.xlsx,p-xylene
group2,p-xylene,p-xylene,4.8,1.260654483305085,group2.xlsx,p-xylene
group2,p-xylene,p-xylene,4.9,1.037141040044346,group2.xlsx,p-xylene
group2,p-xylene,p-xylene,5.0,1.062628553038097,group2.xlsx,p-xylene
group2,p-xylene,p-xylene,5.1,1.132748047579323,group2.xlsx,p-xylene
group2,p-xylene,p-xylene,5.2,0.9729408615610989,group2.xlsx,p-xylene
group2,p-xylene,p-xylene,5.3,1.032454259363151,group2.xlsx,p-xylene
group2,p-xylene,p-xylene,5.4,1.084135377990985,group2.xlsx,p-xylene
group2,p-xylene,p-xylene,5.5,1.293130092642305,group2.xlsx,p-xylene
group2,p-xylene,p-xylene,5.6,1.413996244081693,group2.xlsx,p-xylene
group2,p-xylene,p-xylene,5.7,1.305427481281757,group2.xlsx,p-xylene
group2,p-xylene,p-xylene,5.8,1.285123848216148,group2.xlsx,p-xylene
group2,p-xylene,p-xylene,5.9,1.240278391285997,group2.xlsx,p-xylene
group2,p-xylene,p-xylene,6.0,1.067730497649723,group2.xlsx,p-xylene
group2,p-xylene,p-xylene,6.1,1.127035691083451,group2.xlsx,p-xylene
group2,p-xylene,p-xylene,6.2,1.337897491918215,group2.xlsx,p-xylene
group2,p-xylene,p-xylene,6.3,1.154451963159713,group2.xlsx,p-xylene
group2,p-xylene,p-xylene,6.4,1.061292145104557,group2.xlsx,p-xylene
group2,p-xylene,p-xylene,6.5,1.139984114167372,group2.xlsx,p-xylene
group2,p-xylene,p-xylene,6.6,1.382317436160523,group2.xlsx,p-xylene
group2,p-xylene,p-xylene,6.7,1.161183288037867,group2.xlsx,p-xylene
group2,p-xylene,p-xylene,6.8,1.153379417606128,group2.xlsx,p-xylene
group2,p-xylene,p-xylene,6.9,1.292145444217353,group2.xlsx,p-xylene
group2,p-xylene,p-xylene,7.0,1.083596205832192,group2.xlsx,p-xylene
group2,p-xylene,p-xylene,7.1,1.063922894517418,group2.xlsx,p-xylene
group2,p-xylene,p-xylene,7.2,0.8988200909317354,group2.xlsx,p-xylene
group2,p-xylene,p-xylene,7.3,1.133060238223759,group2.xlsx,p-xylene
group2,p-xylene,p-xylene,7.4,1.160011543040272,group2.xlsx,p-xylene
group2,p-xylene,p-xylene,7.5,1.121269283414468,group2.xlsx,p-xylene
group2,p-xylene,p-xylene,7.6,1.147703473008562,group2.xlsx,p-xylene
group2,p-xylene,p-xylene,7.7,1.311663039872839,group2.xlsx,p-xylene
group2,p-xylene,p-xylene,7.8,1.117578891642373,group2.xlsx,p-xylene
group2,p-xylene,p-xylene,7.9,1.455831180488035,group2.xlsx,p-xylene
group2,p-xylene,p-xylene,8.0,1.523841316307716,group2.xlsx,p-xylene
group2,p-xylene,p-xylene,8.1,1.454108878475675,group2.xlsx,p-xylene
group2,p-xylene,p-xylene,8.2,1.633235962771568,group2.xlsx,p-xylene
group2,p-xylene,p-xylene,8.3,1.893193874477382,group2.xlsx,p-xylene
group2,p-xylene,p-xylene,8.4,1.603152514820724,group2.xlsx,p-xylene
group2,p-xylene,p-xylene,8.5,1.241762538328341,group2.xlsx,p-xylene
group2,p-xylene,p-xylene,8.6,1.181540569791197,group2.xlsx,p-xylene
group2,p-xylene,p-xylene,8.7,1.779867012068048,group2.xlsx,p-xylene
group2,p-xylene,p-xylene,8.8,1.661855808766537,group2.xlsx,p-xylene
group2,p-xylene,p-xylene,8.9,1.222533753874127,group2.xlsx,p-xylene
group2,p-xylene,p-xylene,9.0,1.448409117117995,group2.xlsx,p-xylene
group2,p-xylene,p-xylene,9.1,1.565745446038863,group2.xlsx,p-xylene
group2,p-xylene,p-xylene,9.2,1.851357107653798,group2.xlsx,p-xylene
group2,p-xylene,p-xylene,9.3,2.089050144870105,group2.xlsx,p-xylene
group2,p-xylene,p-xylene,9.4,1.995988787944499,group2.xlsx,p-xylene
group2,p-xylene,p-xylene,9.5,1.84067119289845,group2.xlsx,p-xylene
group2,p-xylene,p-xylene,9.6,1.77008252279547,group2.xlsx,p-xylene
group2,p-xylene,p-xylene,9.7,1.816990610965742,group2.xlsx,p-xylene
group2,p-xylene,p-xylene,9.8,1.691513533618389,group2.xlsx,p-xylene
group2,p-xylene,p-xylene,9.9,1.659868661008836,group2.xlsx,p-xylene
group2,p-xylene,p-xylene,10.0,1.948596457284713,group2.xlsx,p-xylene
group2,propylene_carbonate,propylene carbonate,0.0,0.0,group2.xlsx,propylene_carbonate
group2,propylene_carbonate,propylene carbonate,0.1,0.7864818035178132,group2.xlsx,propylene_carbonate
group2,propylene_carbonate,propylene carbonate,0.2,1.180699181642159,group2.xlsx,propylene_carbonate
group2,propylene_carbonate,propylene carbonate,0.3,1.019521391695381,group2.xlsx,propylene_carbonate
group2,propylene_carbonate,propylene carbonate,0.4,1.004671112798464,group2.xlsx,propylene_carbonate
group2,propylene_carbonate,propylene carbonate,0.5,0.9821974282231383,group2.xlsx,propylene_carbonate
group2,propylene_carbonate,propylene carbonate,0.6,0.8494996642597155,group2.xlsx,propylene_carbonate
group2,propylene_carbonate,propylene carbonate,0.7,0.5399328081857147,group2.xlsx,propylene_carbonate
group2,propylene_carbonate,propylene carbonate,0.8,0.6894455021967387,group2.xlsx,propylene_carbonate
group2,propylene_carbonate,propylene carbonate,0.9,0.7804925060836675,group2.xlsx,propylene_carbonate
group2,propylene_carbonate,propylene carbonate,1.0,0.5161895875761122,group2.xlsx,propylene_carbonate
group2,propylene_carbonate,propylene carbonate,1.1,0.4343112487070038,group2.xlsx,propylene_carbonate
group2,propylene_carbonate,propylene carbonate,1.2,0.4083688846503161,group2.xlsx,propylene_carbonate
group2,propylene_carbonate,propylene carbonate,1.3,0.4557657024796146,group2.xlsx,propylene_carbonate
group2,propylene_carbonate,propylene carbonate,1.4,0.2827027616767141,group2.xlsx,propylene_carbonate
group2,propylene_carbonate,propylene carbonate,1.5,0.5573005289288493,group2.xlsx,propylene_carbonate
group2,propylene_carbonate,propylene carbonate,1.6,0.4058122468112286,group2.xlsx,propylene_carbonate
group2,propylene_carbonate,propylene carbonate,1.7,0.4162749208248411,group2.xlsx,propylene_carbonate
group2,propylene_carbonate,propylene carbonate,1.8,0.5811705899881218,group2.xlsx,propylene_carbonate
group2,propylene_carbonate,propylene carbonate,1.9,0.6196190963240925,group2.xlsx,propylene_carbonate
group2,propylene_carbonate,propylene carbonate,2.0,0.6359656389776014,group2.xlsx,propylene_carbonate
group2,propylene_carbonate,propylene carbonate,2.1,0.8180740915207949,group2.xlsx,propylene_carbonate
group2,propylene_carbonate,propylene carbonate,2.2,0.883165991097845,group2.xlsx,propylene_carbonate
group2,propylene_carbonate,propylene carbonate,2.3,0.7627356739785691,group2.xlsx,propylene_carbonate
group2,propylene_carbonate,propylene carbonate,2.4,0.8458603829432524,group2.xlsx,propylene_carbonate
group2,propylene_carbonate,propylene carbonate,2.5,1.087594344764362,group2.xlsx,propylene_carbonate
group2,propylene_carbonate,propylene carbonate,2.6,1.385748486174889,group2.xlsx,propylene_carbonate
group2,propylene_carbonate,propylene carbonate,2.7,0.8439489070335678,group2.xlsx,propylene_carbonate
group2,propylene_carbonate,propylene carbonate,2.8,1.104046057141796,group2.xlsx,propylene_carbonate
group2,propylene_carbonate,propylene carbonate,2.9,0.9094847353960316,group2.xlsx,propylene_carbonate
group2,propylene_carbonate,propylene carbonate,3.0,1.091716757861571,group2.xlsx,propylene_carbonate
group2,propylene_carbonate,propylene carbonate,3.1,1.296795587874551,group2.xlsx,propylene_carbonate
group2,propylene_carbonate,propylene carbonate,3.2,1.186643002058684,group2.xlsx,propylene_carbonate
group2,propylene_carbonate,propylene carbonate,3.3,0.8112206998348516,group2.xlsx,propylene_carbonate
group2,propylene_carbonate,propylene carbonate,3.4,0.8410521685509444,group2.xlsx,propylene_carbonate
group2,propylene_carbonate,propylene carbonate,3.5,0.9077708401217597,group2.xlsx,propylene_carbonate
group2,propylene_carbonate,propylene carbonate,3.6,1.165366933204329,group2.xlsx,propylene_carbonate
group2,propylene_carbonate,propylene carbonate,3.7,1.098863758549632,group2.xlsx,propylene_carbonate
group2,propylene_carbonate,propylene carbonate,3.8,1.163428228126675,group2.xlsx,propylene_carbonate
group2,propylene_carbonate,propylene carbonate,3.9,1.410894187285932,group2.xlsx,propylene_carbonate
group2,propylene_carbonate,propylene carbonate,4.0,1.522146312980241,group2.xlsx,propylene_carbonate
group2,propylene_carbonate,propylene carbonate,4.1,1.422773981146725,group2.xlsx,propylene_carbonate
group2,propylene_carbonate,propylene carbonate,4.2,1.37167903526165,group2.xlsx,propylene_carbonate
group2,propylene_carbonate,propylene carbonate,4.3,1.051566180281599,group2.xlsx,propylene_carbonate
group2,propylene_carbonate,propylene carbonate,4.4,0.9022100534890998,group2.xlsx,propylene_carbonate
group2,propylene_carbonate,propylene carbonate,4.5,1.054796054738497,group2.xlsx,propylene_carbonate
group2,propylene_carbonate,propylene carbonate,4.6,0.8632358096987365,group2.xlsx,propylene_carbonate
group2,propylene_carbonate,propylene carbonate,4.7,0.4017187582302019,group2.xlsx,propylene_carbonate
group2,propylene_carbonate,propylene carbonate,4.8,0.3792011767834575,group2.xlsx,propylene_carbonate
group2,propylene_carbonate,propylene carbonate,4.9,0.4174988874066789,group2.xlsx,propylene_carbonate
group2,propylene_carbonate,propylene carbonate,5.0,0.7040631913103973,group2.xlsx,propylene_carbonate
group2,propylene_carbonate,propylene carbonate,5.1,0.5075469861959355,group2.xlsx,propylene_carbonate
group2,propylene_carbonate,propylene carbonate,5.2,0.6301117454499753,group2.xlsx,propylene_carbonate
group2,propylene_carbonate,propylene carbonate,5.3,0.670356274893508,group2.xlsx,propylene_carbonate
group2,propylene_carbonate,propylene carbonate,5.4,1.04536855877672,group2.xlsx,propylene_carbonate
group2,propylene_carbonate,propylene carbonate,5.5,0.6596360113006504,group2.xlsx,propylene_carbonate
group2,propylene_carbonate,propylene carbonate,5.6,0.7668921848029594,group2.xlsx,propylene_carbonate
group2,propylene_carbonate,propylene carbonate,5.7,0.659080526981214,group2.xlsx,propylene_carbonate
group2,propylene_carbonate,propylene carbonate,5.8,1.080683984140849,group2.xlsx,propylene_carbonate
group2,propylene_carbonate,propylene carbonate,5.9,1.229463032418436,group2.xlsx,propylene_carbonate
group2,propylene_carbonate,propylene carbonate,6.0,1.097315406964909,group2.xlsx,propylene_carbonate
group2,propylene_carbonate,propylene carbonate,6.1,1.109418449887795,group2.xlsx,propylene_carbonate
group2,propylene_carbonate,propylene carbonate,6.2,1.005676400042788,group2.xlsx,propylene_carbonate
group2,propylene_carbonate,propylene carbonate,6.3,0.8710624457733064,group2.xlsx,propylene_carbonate
group2,propylene_carbonate,propylene carbonate,6.4,1.282341403377665,group2.xlsx,propylene_carbonate
group2,propylene_carbonate,propylene carbonate,6.5,1.314216154080447,group2.xlsx,propylene_carbonate
group2,propylene_carbonate,propylene carbonate,6.6,1.23088480816519,group2.xlsx,propylene_carbonate
group2,propylene_carbonate,propylene carbonate,6.7,1.194803275916787,group2.xlsx,propylene_carbonate
group2,propylene_carbonate,propylene carbonate,6.8,1.264520862493187,group2.xlsx,propylene_carbonate
group2,propylene_carbonate,propylene carbonate,6.9,1.191580965381347,group2.xlsx,propylene_carbonate
group2,propylene_carbonate,propylene carbonate,7.0,1.16723565978813,group2.xlsx,propylene_carbonate
group2,propylene_carbonate,propylene carbonate,7.1,1.71348370777787,group2.xlsx,propylene_carbonate
group2,propylene_carbonate,propylene carbonate,7.2,1.408278939773149,group2.xlsx,propylene_carbonate
group2,propylene_carbonate,propylene carbonate,7.3,1.225124234062535,group2.xlsx,propylene_carbonate
group2,propylene_carbonate,propylene carbonate,7.4,1.126524736425264,group2.xlsx,propylene_carbonate
group2,propylene_carbonate,propylene carbonate,7.5,1.420068530117283,group2.xlsx,propylene_carbonate
group2,propylene_carbonate,propylene carbonate,7.6,1.441276118481622,group2.xlsx,propylene_carbonate
group2,propylene_carbonate,propylene carbonate,7.7,1.550217391230253,group2.xlsx,propylene_carbonate
group2,propylene_carbonate,propylene carbonate,7.8,1.110390872928734,group2.xlsx,propylene_carbonate
group2,propylene_carbonate,propylene carbonate,7.9,1.316977929291495,group2.xlsx,propylene_carbonate
group2,propylene_carbonate,propylene carbonate,8.0,1.196525867452777,group2.xlsx,propylene_carbonate
group2,propylene_carbonate,propylene carbonate,8.1,1.324266891874101,group2.xlsx,propylene_carbonate
group2,propylene_carbonate,propylene carbonate,8.2,1.076231869336397,group2.xlsx,propylene_carbonate
group2,propylene_carbonate,propylene carbonate,8.3,1.054577512367205,group2.xlsx,propylene_carbonate
group2,propylene_carbonate,propylene carbonate,8.4,0.7580852278728447,group2.xlsx,propylene_carbonate
group2,propylene_carbonate,propylene carbonate,8.5,1.275273834257328,group2.xlsx,propylene_carbonate
group2,propylene_carbonate,propylene carbonate,8.6,1.178622499485893,group2.xlsx,propylene_carbonate
group2,propylene_carbonate,propylene carbonate,8.7,1.265711646005611,group2.xlsx,propylene_carbonate
group2,propylene_carbonate,propylene carbonate,8.8,1.237548963615378,group2.xlsx,propylene_carbonate
group2,propylene_carbonate,propylene carbonate,8.9,1.226180583751529,group2.xlsx,propylene_carbonate
group2,propylene_carbonate,propylene carbonate,9.0,1.288775750088947,group2.xlsx,propylene_carbonate
group2,propylene_carbonate,propylene carbonate,9.1,1.233222929890053,group2.xlsx,propylene_carbonate
group2,propylene_carbonate,propylene carbonate,9.2,0.8910491087913954,group2.xlsx,propylene_carbonate
group2,propylene_carbonate,propylene carbonate,9.3,1.094336754642006,group2.xlsx,propylene_carbonate
group2,propylene_carbonate,propylene carbonate,9.4,1.127262624698824,group2.xlsx,propylene_carbonate
group2,propylene_carbonate,propylene carbonate,9.5,1.10173604696608,group2.xlsx,propylene_carbonate
group2,propylene_carbonate,propylene carbonate,9.6,1.11975707996804,group2.xlsx,propylene_carbonate
group2,propylene_carbonate,propylene carbonate,9.7,1.194797676939758,group2.xlsx,propylene_carbonate
group2,propylene_carbonate,propylene carbonate,9.8,0.8588674060928908,group2.xlsx,propylene_carbonate
group2,propylene_carbonate,propylene carbonate,9.9,0.6865065246036804,group2.xlsx,propylene_carbonate
group2,propylene_carbonate,propylene carbonate,10.0,1.129311199362276,group2.xlsx,propylene_carbonate
group2,thf,THF,0.0,0.0,group2.xlsx,thf
group2,thf,THF,0.1,0.5372325506803174,group2.xlsx,thf
group2,thf,THF,0.2,0.8588512688099819,group2.xlsx,thf
group2,thf,THF,0.3,0.6371690450012186,group2.xlsx,thf
group2,thf,THF,0.4,0.6141587327063528,group2.xlsx,thf
group2,thf,THF,0.5,0.7903464580266787,group2.xlsx,thf
group2,thf,THF,0.6,0.450652330293223,group2.xlsx,thf
group2,thf,THF,0.7,0.4547448896134352,group2.xlsx,thf
group2,thf,THF,0.8,0.1662166665184718,group2.xlsx,thf
group2,thf,THF,0.9,0.6665734095291732,group2.xlsx,thf
group2,thf,THF,1.0,1.211909804027373,group2.xlsx,thf
group2,thf,THF,1.1,0.7339242994619537,group2.xlsx,thf
group2,thf,THF,1.2,0.7108490277105357,group2.xlsx,thf
group2,thf,THF,1.3,0.7638632436105938,group2.xlsx,thf
group2,thf,THF,1.4,0.6173898126936201,group2.xlsx,thf
group2,thf,THF,1.5,0.5751951692087377,group2.xlsx,thf
group2,thf,THF,1.6,0.811211238893667,group2.xlsx,thf
group2,thf,THF,1.7,0.3592397748044492,group2.xlsx,thf
group2,thf,THF,1.8,0.768001586498911,group2.xlsx,thf
group2,thf,THF,1.9,0.7248964389272337,group2.xlsx,thf
group2,thf,THF,2.0,1.594236768350181,group2.xlsx,thf
group2,thf,THF,2.1,1.372463816750802,group2.xlsx,thf
group2,thf,THF,2.2,1.175051324552825,group2.xlsx,thf
group2,thf,THF,2.3,1.189400042497488,group2.xlsx,thf
group2,thf,THF,2.4,0.7043763559661488,group2.xlsx,thf
group2,thf,THF,2.5,1.047716238662026,group2.xlsx,thf
group2,thf,THF,2.6,1.338613580116759,group2.xlsx,thf
group2,thf,THF,2.7,1.520989622896777,group2.xlsx,thf
group2,thf,THF,2.8,1.053277364855008,group2.xlsx,thf
group2,thf,THF,2.9,1.1585471576704,group2.xlsx,thf
group2,thf,THF,3.0,0.9085876269631173,group2.xlsx,thf
group2,thf,THF,3.1,1.035379235998962,group2.xlsx,thf
group2,thf,THF,3.2,0.981153658986107,group2.xlsx,thf
group2,thf,THF,3.3,1.134008839279787,group2.xlsx,thf
group2,thf,THF,3.4,1.260113161532324,group2.xlsx,thf
group2,thf,THF,3.5,1.318058937803703,group2.xlsx,thf
group2,thf,THF,3.6,1.431850830259321,group2.xlsx,thf
group2,thf,THF,3.7,1.617136765084398,group2.xlsx,thf
group2,thf,THF,3.8,1.52271541190183,group2.xlsx,thf
group2,thf,THF,3.9,1.618547766898036,group2.xlsx,thf
group2,thf,THF,4.0,1.847914008824501,group2.xlsx,thf
group2,thf,THF,4.1,1.450223000028387,group2.xlsx,thf
group2,thf,THF,4.2,1.212689919207797,group2.xlsx,thf
group2,thf,THF,4.3,1.460078219379235,group2.xlsx,thf
group2,thf,THF,4.4,1.332990303822087,group2.xlsx,thf
group2,thf,THF,4.5,1.307126602486814,group2.xlsx,thf
group2,thf,THF,4.6,1.403239737707476,group2.xlsx,thf
group2,thf,THF,4.7,1.092445395862325,group2.xlsx,thf
group2,thf,THF,4.8,1.173251722479495,group2.xlsx,thf
group2,thf,THF,4.9,0.8403729289757369,group2.xlsx,thf
group2,thf,THF,5.0,0.6300736246530195,group2.xlsx,thf
group2,thf,THF,5.1,0.5361689518159038,group2.xlsx,thf
group2,thf,THF,5.2,0.838481971492398,group2.xlsx,thf
group2,thf,THF,5.3,0.8591623049099189,group2.xlsx,thf
group2,thf,THF,5.4,0.2230132851774937,group2.xlsx,thf
group2,thf,THF,5.5,0.3016316240157281,group2.xlsx,thf
group2,thf,THF,5.6,0.1762716160903113,group2.xlsx,thf
group2,thf,THF,5.7,0.3523750065449398,group2.xlsx,thf
group2,thf,THF,5.8,0.4538569153955743,group2.xlsx,thf
group2,thf,THF,5.9,0.2787710965641255,group2.xlsx,thf
group2,thf,THF,6.0,0.7028306408793419,group2.xlsx,thf
group2,thf,THF,6.1,1.288071517336756,group2.xlsx,thf
group2,thf,THF,6.2,1.141870027451494,group2.xlsx,thf
group2,thf,THF,6.3,0.4631804427870283,group2.xlsx,thf
group2,thf,THF,6.4,0.7244726657012641,group2.xlsx,thf
group2,thf,THF,6.5,0.5719077633989712,group2.xlsx,thf
group2,thf,THF,6.6,0.2812547358850842,group2.xlsx,thf
group2,thf,THF,6.7,0.6623231557819311,group2.xlsx,thf
group2,thf,THF,6.8,0.911625925209777,group2.xlsx,thf
group2,thf,THF,6.9,0.6512054193011286,group2.xlsx,thf
group2,thf,THF,7.0,0.5650190787547716,group2.xlsx,thf
group2,thf,THF,7.1,0.692978950862162,group2.xlsx,thf
group2,thf,THF,7.2,1.176724693649137,group2.xlsx,thf
group2,thf,THF,7.3,0.4828400096948959,group2.xlsx,thf
group2,thf,THF,7.4,0.3638279479973917,group2.xlsx,thf
group2,thf,THF,7.5,0.3638773126823788,group2.xlsx,thf
group2,thf,THF,7.6,0.8239287368808649,group2.xlsx,thf
group2,thf,THF,7.7,0.7699624987847488,group2.xlsx,thf
group2,thf,THF,7.8,1.111781113779732,group2.xlsx,thf
group2,thf,THF,7.9,1.030654142779174,group2.xlsx,thf
group2,thf,THF,8.0,1.006223384690843,group2.xlsx,thf
group2,thf,THF,8.1,1.153955776033138,group2.xlsx,thf
group2,thf,THF,8.2,1.269831709587729,group2.xlsx,thf
group2,thf,THF,8.3,1.02295430228528,group2.xlsx,thf
group2,thf,THF,8.4,1.033629122711662,group2.xlsx,thf
group2,thf,THF,8.5,1.181787519659865,group2.xlsx,thf
group2,thf,THF,8.6,1.266877986291878,group2.xlsx,thf
group2,thf,THF,8.7,1.569008812918097,group2.xlsx,thf
group2,thf,THF,8.8,1.35587837972914,group2.xlsx,thf
group2,thf,THF,8.9,1.523750273936503,group2.xlsx,thf
group2,thf,THF,9.0,1.075584760646763,group2.xlsx,thf
group2,thf,THF,9.1,1.241634750008653,group2.xlsx,thf
group2,thf,THF,9.2,1.625444420727949,group2.xlsx,thf
group2,thf,THF,9.3,1.767084483039841,group2.xlsx,thf
group2,thf,THF,9.4,1.980932283162785,group2.xlsx,thf
group2,thf,THF,9.5,2.12720842279923,group2.xlsx,thf
group2,thf,THF,9.6,2.186709539702745,group2.xlsx,thf
group2,thf,THF,9.7,2.03245130700819,group2.xlsx,thf
group2,thf,THF,9.8,1.909856586099386,group2.xlsx,thf
group2,thf,THF,9.9,2.036185446471615,group2.xlsx,thf
group2,thf,THF,10.0,1.997353167415443,group2.xlsx,thf
group2,toluene,toluene,0.0,0.0,group2.xlsx,toluene
group2,toluene,toluene,0.1,0.5649865064499954,group2.xlsx,toluene
group2,toluene,toluene,0.2,0.4410487024461981,group2.xlsx,toluene
group2,toluene,toluene,0.3,0.8344836721318748,group2.xlsx,toluene
group2,toluene,toluene,0.4,0.7484887788547202,group2.xlsx,toluene
group2,toluene,toluene,0.5,1.201251281070572,group2.xlsx,toluene
group2,toluene,toluene,0.6,1.336174792226432,group2.xlsx,toluene
group2,toluene,toluene,0.7,1.420315079429413,group2.xlsx,toluene
group2,toluene,toluene,0.8,1.298153287922357,group2.xlsx,toluene
group2,toluene,toluene,0.9,1.73170970239721,group2.xlsx,toluene
group2,toluene,toluene,1.0,1.374892133441361,group2.xlsx,toluene
group2,toluene,toluene,1.1,1.836919486015978,group2.xlsx,toluene
group2,toluene,toluene,1.2,1.374152979350239,group2.xlsx,toluene
group2,toluene,toluene,1.3,1.32797511094307,group2.xlsx,toluene
group2,toluene,toluene,1.4,1.513371897325232,group2.xlsx,toluene
group2,toluene,toluene,1.5,1.685787951579404,group2.xlsx,toluene
group2,toluene,toluene,1.6,1.667908071792913,group2.xlsx,toluene
group2,toluene,toluene,1.7,1.436402117734985,group2.xlsx,toluene
group2,toluene,toluene,1.8,1.705290207160544,group2.xlsx,toluene
group2,toluene,toluene,1.9,1.901664422791865,group2.xlsx,toluene
group2,toluene,toluene,2.0,1.549550642052974,group2.xlsx,toluene
group2,toluene,toluene,2.1,1.522810264001829,group2.xlsx,toluene
group2,toluene,toluene,2.2,1.45495267634011,group2.xlsx,toluene
group2,toluene,toluene,2.3,1.17961367699604,group2.xlsx,toluene
group2,toluene,toluene,2.4,1.326022899402933,group2.xlsx,toluene
group2,toluene,toluene,2.5,1.253160738121614,group2.xlsx,toluene
group2,toluene,toluene,2.6,1.317145411020874,group2.xlsx,toluene
group2,toluene,toluene,2.7,1.308254407378498,group2.xlsx,toluene
group2,toluene,toluene,2.8,1.014851782554921,group2.xlsx,toluene
group2,toluene,toluene,2.9,1.267105823278891,group2.xlsx,toluene
group2,toluene,toluene,3.0,1.154028959256736,group2.xlsx,toluene
group2,toluene,toluene,3.1,1.153254260665628,group2.xlsx,toluene
group2,toluene,toluene,3.2,1.456120670131173,group2.xlsx,toluene
group2,toluene,toluene,3.3,1.424308061080007,group2.xlsx,toluene
group2,toluene,toluene,3.4,1.401748812112521,group2.xlsx,toluene
group2,toluene,toluene,3.5,1.817407147279556,group2.xlsx,toluene
group2,toluene,toluene,3.6,1.770053768074959,group2.xlsx,toluene
group2,toluene,toluene,3.7,1.908557786471138,group2.xlsx,toluene
group2,toluene,toluene,3.8,1.795374105016661,group2.xlsx,toluene
group2,toluene,toluene,3.9,2.029401951054607,group2.xlsx,toluene
group2,toluene,toluene,4.0,2.151917326222442,group2.xlsx,toluene
group2,toluene,toluene,4.1,2.205501031628274,group2.xlsx,toluene
group2,toluene,toluene,4.2,2.246971230229291,group2.xlsx,toluene
group2,toluene,toluene,4.3,2.264305933147892,group2.xlsx,toluene
group2,toluene,toluene,4.4,2.459082781053046,group2.xlsx,toluene
group2,toluene,toluene,4.5,2.468221992799037,group2.xlsx,toluene
group2,toluene,toluene,4.6,2.16130100468496,group2.xlsx,toluene
group2,toluene,toluene,4.7,2.669104084356965,group2.xlsx,toluene
group2,toluene,toluene,4.8,2.799526166985851,group2.xlsx,toluene
group2,toluene,toluene,4.9,2.98487092745056,group2.xlsx,toluene
group2,toluene,toluene,5.0,2.421072298402752,group2.xlsx,toluene
group2,toluene,toluene,5.1,2.538785206472344,group2.xlsx,toluene
group2,toluene,toluene,5.2,2.523790346218003,group2.xlsx,toluene
group2,toluene,toluene,5.3,2.599406359578,group2.xlsx,toluene
group2,toluene,toluene,5.4,2.689539129815136,group2.xlsx,toluene
group2,toluene,toluene,5.5,2.578711172101902,group2.xlsx,toluene
group2,toluene,toluene,5.6,2.63664616394657,group2.xlsx,toluene
group2,toluene,toluene,5.7,2.86069369842076,group2.xlsx,toluene
group2,toluene,toluene,5.8,2.628901537857872,group2.xlsx,toluene
group2,toluene,toluene,5.9,2.896517631217705,group2.xlsx,toluene
group2,toluene,toluene,6.0,2.382457725915176,group2.xlsx,toluene
group2,toluene,toluene,6.1,2.43615569826476,group2.xlsx,toluene
group2,toluene,toluene,6.2,2.638592882223563,group2.xlsx,toluene
group2,toluene,toluene,6.3,2.387571898988299,group2.xlsx,toluene
group2,toluene,toluene,6.4,2.125328390208101,group2.xlsx,toluene
group2,toluene,toluene,6.5,2.384173748636274,group2.xlsx,toluene
group2,toluene,toluene,6.6,2.781129950168192,group2.xlsx,toluene
group2,toluene,toluene,6.7,2.827650831757051,group2.xlsx,toluene
group2,toluene,toluene,6.8,2.421751888419233,group2.xlsx,toluene
group2,toluene,toluene,6.9,2.598662776624361,group2.xlsx,toluene
group2,toluene,toluene,7.0,2.202927288015531,group2.xlsx,toluene
group2,toluene,toluene,7.1,2.482103457772373,group2.xlsx,toluene
group2,toluene,toluene,7.2,2.540582228766629,group2.xlsx,toluene
group2,toluene,toluene,7.3,2.411392821950113,group2.xlsx,toluene
group2,toluene,toluene,7.4,2.588989950555499,group2.xlsx,toluene
group2,toluene,toluene,7.5,2.850292882285732,group2.xlsx,toluene
group2,toluene,toluene,7.6,2.785455169965569,group2.xlsx,toluene
group2,toluene,toluene,7.7,3.389638668526682,group2.xlsx,toluene
group2,toluene,toluene,7.8,3.483039643899116,group2.xlsx,toluene
group2,toluene,toluene,7.9,3.805258710222936,group2.xlsx,toluene
group2,toluene,toluene,8.0,3.9877369043647,group2.xlsx,toluene
group2,toluene,toluene,8.1,3.853645674336558,group2.xlsx,toluene
group2,toluene,toluene,8.2,3.895521542803039,group2.xlsx,toluene
group2,toluene,toluene,8.3,3.969409882712636,group2.xlsx,toluene
group2,toluene,toluene,8.4,4.054680428642554,group2.xlsx,toluene
group2,toluene,toluene,8.5,4.255063533575938,group2.xlsx,toluene
group2,toluene,toluene,8.6,4.184795905018366,group2.xlsx,toluene
group2,toluene,toluene,8.7,4.195145405301411,group2.xlsx,toluene
group2,toluene,toluene,8.8,4.455659314037212,group2.xlsx,toluene
group2,toluene,toluene,8.9,4.537357575980052,group2.xlsx,toluene
group2,toluene,toluene,9.0,4.498413225305819,group2.xlsx,toluene
group2,toluene,toluene,9.1,4.348595552971691,group2.xlsx,toluene
group2,toluene,toluene,9.2,4.316358172429617,group2.xlsx,toluene
group2,toluene,toluene,9.3,4.258746163750444,group2.xlsx,toluene
group2,toluene,toluene,9.4,4.381041995783269,group2.xlsx,toluene
group2,toluene,toluene,9.5,4.16233524608869,group2.xlsx,toluene
group2,toluene,toluene,9.6,4.369026088518656,group2.xlsx,toluene
group2,toluene,toluene,9.7,4.309902929832579,group2.xlsx,toluene
group2,toluene,toluene,9.8,4.644515350754722,group2.xlsx,toluene
group2,toluene,toluene,9.9,4.658254660880951,group2.xlsx,toluene
group2,toluene,toluene,10.0,4.827873487595864,group2.xlsx,toluene
group3,acetone_5_n-heptane_95,acetone 5% / n-heptane 95%,0.0,0.0,group3.xlsx,acetone_5_n-heptane_95
group3,acetone_5_n-heptane_95,acetone 5% / n-heptane 95%,0.1,0.53140335528226,group3.xlsx,acetone_5_n-heptane_95
group3,acetone_5_n-heptane_95,acetone 5% / n-heptane 95%,0.2,0.2811370164368311,group3.xlsx,acetone_5_n-heptane_95
group3,acetone_5_n-heptane_95,acetone 5% / n-heptane 95%,0.3,0.4501310589023088,group3.xlsx,acetone_5_n-heptane_95
group3,acetone_5_n-heptane_95,acetone 5% / n-heptane 95%,0.4,0.7129393061322133,group3.xlsx,acetone_5_n-heptane_95
group3,acetone_5_n-heptane_95,acetone 5% / n-heptane 95%,0.5,1.175105669207103,group3.xlsx,acetone_5_n-heptane_95
group3,acetone_5_n-heptane_95,acetone 5% / n-heptane 95%,0.6,1.08902846767084,group3.xlsx,acetone_5_n-heptane_95
group3,acetone_5_n-heptane_95,acetone 5% / n-heptane 95%,0.7,0.8229750706512392,group3.xlsx,acetone_5_n-heptane_95
group3,acetone_5_n-heptane_95,acetone 5% / n-heptane 95%,0.8,0.5758306697464886,group3.xlsx,acetone_5_n-heptane_95
group3,acetone_5_n-heptane_95,acetone 5% / n-heptane 95%,0.9,0.6402207438391704,group3.xlsx,acetone_5_n-heptane_95
group3,acetone_5_n-heptane_95,acetone 5% / n-heptane 95%,1.0,0.4578289735132306,group3.xlsx,acetone_5_n-heptane_95
group3,acetone_5_n-heptane_95,acetone 5% / n-heptane 95%,1.1,0.6717362960557695,group3.xlsx,acetone_5_n-heptane_95
group3,acetone_5_n-heptane_95,acetone 5% / n-heptane 95%,1.2,0.3110897013924018,group3.xlsx,acetone_5_n-heptane_95
group3,acetone_5_n-heptane_95,acetone 5% / n-heptane 95%,1.3,0.4862274855613683,group3.xlsx,acetone_5_n-heptane_95
group3,acetone_5_n-heptane_95,acetone 5% / n-heptane 95%,1.4,0.729713950945783,group3.xlsx,acetone_5_n-heptane_95
group3,acetone_5_n-heptane_95,acetone 5% / n-heptane 95%,1.5,1.085458586837556,group3.xlsx,acetone_5_n-heptane_95
group3,acetone_5_n-heptane_95,acetone 5% / n-heptane 95%,1.6,1.278815095380178,group3.xlsx,acetone_5_n-heptane_95
group3,acetone_5_n-heptane_95,acetone 5% / n-heptane 95%,1.7,1.24673667946245,group3.xlsx,acetone_5_n-heptane_95
group3,acetone_5_n-heptane_95,acetone 5% / n-heptane 95%,1.8,0.9375189509002759,group3.xlsx,acetone_5_n-heptane_95
group3,acetone_5_n-heptane_95,acetone 5% / n-heptane 95%,1.9,0.9514663850374554,group3.xlsx,acetone_5_n-heptane_95
group3,acetone_5_n-heptane_95,acetone 5% / n-heptane 95%,2.0,0.6866687398771232,group3.xlsx,acetone_5_n-heptane_95
group3,acetone_5_n-heptane_95,acetone 5% / n-heptane 95%,2.1,0.6504045391344412,group3.xlsx,acetone_5_n-heptane_95
group3,acetone_5_n-heptane_95,acetone 5% / n-heptane 95%,2.2,1.339208315400792,group3.xlsx,acetone_5_n-heptane_95
group3,acetone_5_n-heptane_95,acetone 5% / n-heptane 95%,2.3,1.011509303298093,group3.xlsx,acetone_5_n-heptane_95
group3,acetone_5_n-heptane_95,acetone 5% / n-heptane 95%,2.4,0.6592154340638515,group3.xlsx,acetone_5_n-heptane_95
group3,acetone_5_n-heptane_95,acetone 5% / n-heptane 95%,2.5,1.055137735718791,group3.xlsx,acetone_5_n-heptane_95
group3,acetone_5_n-heptane_95,acetone 5% / n-heptane 95%,2.6,1.371937864464347,group3.xlsx,acetone_5_n-heptane_95
group3,acetone_5_n-heptane_95,acetone 5% / n-heptane 95%,2.7,1.467145037451859,group3.xlsx,acetone_5_n-heptane_95
group3,acetone_5_n-heptane_95,acetone 5% / n-heptane 95%,2.8,1.57752632973309,group3.xlsx,acetone_5_n-heptane_95
group3,acetone_5_n-heptane_95,acetone 5% / n-heptane 95%,2.9,1.651940094056616,group3.xlsx,acetone_5_n-heptane_95
group3,acetone_5_n-heptane_95,acetone 5% / n-heptane 95%,3.0,1.636501331150736,group3.xlsx,acetone_5_n-heptane_95
group3,acetone_5_n-heptane_95,acetone 5% / n-heptane 95%,3.1,1.71432027309724,group3.xlsx,acetone_5_n-heptane_95
group3,acetone_5_n-heptane_95,acetone 5% / n-heptane 95%,3.2,1.840172355054548,group3.xlsx,acetone_5_n-heptane_95
group3,acetone_5_n-heptane_95,acetone 5% / n-heptane 95%,3.3,1.94870951299088,group3.xlsx,acetone_5_n-heptane_95
group3,acetone_5_n-heptane_95,acetone 5% / n-heptane 95%,3.4,2.178254323216564,group3.xlsx,acetone_5_n-heptane_95
group3,acetone_5_n-heptane_95,acetone 5% / n-heptane 95%,3.5,2.271940008211243,group3.xlsx,acetone_5_n-heptane_95
group3,acetone_5_n-heptane_95,acetone 5% / n-heptane 95%,3.6,2.043340302747413,group3.xlsx,acetone_5_n-heptane_95
group3,acetone_5_n-heptane_95,acetone 5% / n-heptane 95%,3.7,1.845531579600887,group3.xlsx,acetone_5_n-heptane_95
group3,acetone_5_n-heptane_95,acetone 5% / n-heptane 95%,3.8,2.672992543654557,group3.xlsx,acetone_5_n-heptane_95
group3,acetone_5_n-heptane_95,acetone 5% / n-heptane 95%,3.9,2.189983774141243,group3.xlsx,acetone_5_n-heptane_95
group3,acetone_5_n-heptane_95,acetone 5% / n-heptane 95%,4.0,2.476009561577813,group3.xlsx,acetone_5_n-heptane_95
group3,acetone_5_n-heptane_95,acetone 5% / n-heptane 95%,4.1,2.73664459212541,group3.xlsx,acetone_5_n-heptane_95
group3,acetone_5_n-heptane_95,acetone 5% / n-heptane 95%,4.2,2.354554841247735,group3.xlsx,acetone_5_n-heptane_95
group3,acetone_5_n-heptane_95,acetone 5% / n-heptane 95%,4.3,1.836600909272421,group3.xlsx,acetone_5_n-heptane_95
group3,acetone_5_n-heptane_95,acetone 5% / n-heptane 95%,4.4,2.05367276957372,group3.xlsx,acetone_5_n-heptane_95
group3,acetone_5_n-heptane_95,acetone 5% / n-heptane 95%,4.5,1.969296214219318,group3.xlsx,acetone_5_n-heptane_95
group3,acetone_5_n-heptane_95,acetone 5% / n-heptane 95%,4.6,2.413211581734046,group3.xlsx,acetone_5_n-heptane_95
group3,acetone_5_n-heptane_95,acetone 5% / n-heptane 95%,4.7,1.999975640177235,group3.xlsx,acetone_5_n-heptane_95
group3,acetone_5_n-heptane_95,acetone 5% / n-heptane 95%,4.8,1.422796978790789,group3.xlsx,acetone_5_n-heptane_95
group3,acetone_5_n-heptane_95,acetone 5% / n-heptane 95%,4.9,1.152207900355705,group3.xlsx,acetone_5_n-heptane_95
group3,acetone_5_n-heptane_95,acetone 5% / n-heptane 95%,5.0,1.151224671592749,group3.xlsx,acetone_5_n-heptane_95
group3,acetone_5_n-heptane_95,acetone 5% / n-heptane 95%,5.1,1.082823310066829,group3.xlsx,acetone_5_n-heptane_95
group3,acetone_5_n-heptane_95,acetone 5% / n-heptane 95%,5.2,1.027336720117824,group3.xlsx,acetone_5_n-heptane_95
group3,acetone_5_n-heptane_95,acetone 5% / n-heptane 95%,5.3,1.348475609566748,group3.xlsx,acetone_5_n-heptane_95
group3,acetone_5_n-heptane_95,acetone 5% / n-heptane 95%,5.4,1.841069271935829,group3.xlsx,acetone_5_n-heptane_95
group3,acetone_5_n-heptane_95,acetone 5% / n-heptane 95%,5.5,2.254458532539498,group3.xlsx,acetone_5_n-heptane_95
group3,acetone_5_n-heptane_95,acetone 5% / n-heptane 95%,5.6,2.348130583256374,group3.xlsx,acetone_5_n-heptane_95
group3,acetone_5_n-heptane_95,acetone 5% / n-heptane 95%,5.7,2.342713345700161,group3.xlsx,acetone_5_n-heptane_95
group3,acetone_5_n-heptane_95,acetone 5% / n-heptane 95%,5.8,2.678272400521739,group3.xlsx,acetone_5_n-heptane_95
group3,acetone_5_n-heptane_95,acetone 5% / n-heptane 95%,5.9,2.602404912588499,group3.xlsx,acetone_5_n-heptane_95
group3,acetone_5_n-heptane_95,acetone 5% / n-heptane 95%,6.0,3.116007385394362,group3.xlsx,acetone_5_n-heptane_95
group3,acetone_5_n-heptane_95,acetone 5% / n-heptane 95%,6.1,3.210666800614848,group3.xlsx,acetone_5_n-heptane_95
group3,acetone_5_n-heptane_95,acetone 5% / n-heptane 95%,6.2,3.503594915076636,group3.xlsx,acetone_5_n-heptane_95
group3,acetone_5_n-heptane_95,acetone 5% / n-heptane 95%,6.3,3.570287803440409,group3.xlsx,acetone_5_n-heptane_95
group3,acetone_5_n-heptane_95,acetone 5% / n-heptane 95%,6.4,3.343468254722096,group3.xlsx,acetone_5_n-heptane_95
group3,acetone_5_n-heptane_95,acetone 5% / n-heptane 95%,6.5,3.470633522046644,group3.xlsx,acetone_5_n-heptane_95
group3,acetone_5_n-heptane_95,acetone 5% / n-heptane 95%,6.6,3.957311022647856,group3.xlsx,acetone_5_n-heptane_95
group3,acetone_5_n-heptane_95,acetone 5% / n-heptane 95%,6.7,3.833048503814223,group3.xlsx,acetone_5_n-heptane_95
group3,acetone_5_n-heptane_95,acetone 5% / n-heptane 95%,6.8,4.238715947386497,group3.xlsx,acetone_5_n-heptane_95
group3,acetone_5_n-heptane_95,acetone 5% / n-heptane 95%,6.9,4.006898155015743,group3.xlsx,acetone_5_n-heptane_95
group3,acetone_5_n-heptane_95,acetone 5% / n-heptane 95%,7.0,3.760171784229158,group3.xlsx,acetone_5_n-heptane_95
group3,acetone_5_n-heptane_95,acetone 5% / n-heptane 95%,7.1,3.994538661302975,group3.xlsx,acetone_5_n-heptane_95
group3,acetone_5_n-heptane_95,acetone 5% / n-heptane 95%,7.2,3.342996106531209,group3.xlsx,acetone_5_n-heptane_95
group3,acetone_5_n-heptane_95,acetone 5% / n-heptane 95%,7.3,2.877098519780924,group3.xlsx,acetone_5_n-heptane_95
group3,acetone_5_n-heptane_95,acetone 5% / n-heptane 95%,7.4,2.564960947220676,group3.xlsx,acetone_5_n-heptane_95
group3,acetone_5_n-heptane_95,acetone 5% / n-heptane 95%,7.5,3.06809554238162,group3.xlsx,acetone_5_n-heptane_95
group3,acetone_5_n-heptane_95,acetone 5% / n-heptane 95%,7.6,3.229631951863145,group3.xlsx,acetone_5_n-heptane_95
group3,acetone_5_n-heptane_95,acetone 5% / n-heptane 95%,7.7,3.649588771186782,group3.xlsx,acetone_5_n-heptane_95
group3,acetone_5_n-heptane_95,acetone 5% / n-heptane 95%,7.8,3.951792606691161,group3.xlsx,acetone_5_n-heptane_95
group3,acetone_5_n-heptane_95,acetone 5% / n-heptane 95%,7.9,4.492507855843249,group3.xlsx,acetone_5_n-heptane_95
group3,acetone_5_n-heptane_95,acetone 5% / n-heptane 95%,8.0,4.277696310121578,group3.xlsx,acetone_5_n-heptane_95
group3,acetone_5_n-heptane_95,acetone 5% / n-heptane 95%,8.1,3.875743906197507,group3.xlsx,acetone_5_n-heptane_95
group3,acetone_5_n-heptane_95,acetone 5% / n-heptane 95%,8.2,3.812507361718932,group3.xlsx,acetone_5_n-heptane_95
group3,acetone_5_n-heptane_95,acetone 5% / n-heptane 95%,8.3,4.209118072479914,group3.xlsx,acetone_5_n-heptane_95
group3,acetone_5_n-heptane_95,acetone 5% / n-heptane 95%,8.4,4.839490224227826,group3.xlsx,acetone_5_n-heptane_95
group3,acetone_5_n-heptane_95,acetone 5% / n-heptane 95%,8.5,4.866905788379102,group3.xlsx,acetone_5_n-heptane_95
group3,acetone_5_n-heptane_95,acetone 5% / n-heptane 95%,8.6,5.190761480455908,group3.xlsx,acetone_5_n-heptane_95
group3,acetone_5_n-heptane_95,acetone 5% / n-heptane 95%,8.7,5.168494652514478,group3.xlsx,acetone_5_n-heptane_95
group3,acetone_5_n-heptane_95,acetone 5% / n-heptane 95%,8.8,5.361712760643148,group3.xlsx,acetone_5_n-heptane_95
group3,acetone_5_n-heptane_95,acetone 5% / n-heptane 95%,8.9,4.642019055190355,group3.xlsx,acetone_5_n-heptane_95
group3,acetone_5_n-heptane_95,acetone 5% / n-heptane 95%,9.0,4.577388260445638,group3.xlsx,acetone_5_n-heptane_95
group3,acetone_5_n-heptane_95,acetone 5% / n-heptane 95%,9.1,4.112600898201769,group3.xlsx,acetone_5_n-heptane_95
group3,acetone_5_n-heptane_95,acetone 5% / n-heptane 95%,9.2,4.106500458590382,group3.xlsx,acetone_5_n-heptane_95
group3,acetone_5_n-heptane_95,acetone 5% / n-heptane 95%,9.3,4.561755278838329,group3.xlsx,acetone_5_n-heptane_95
group3,acetone_5_n-heptane_95,acetone 5% / n-heptane 95%,9.4,4.469607209624419,group3.xlsx,acetone_5_n-heptane_95
group3,acetone_5_n-heptane_95,acetone 5% / n-heptane 95%,9.5,4.18683279289463,group3.xlsx,acetone_5_n-heptane_95
group3,acetone_5_n-heptane_95,acetone 5% / n-heptane 95%,9.6,4.09584103282073,group3.xlsx,acetone_5_n-heptane_95
group3,acetone_5_n-heptane_95,acetone 5% / n-heptane 95%,9.7,4.12907280969554,group3.xlsx,acetone_5_n-heptane_95
group3,acetone_5_n-heptane_95,acetone 5% / n-heptane 95%,9.8,4.460236090939525,group3.xlsx,acetone_5_n-heptane_95
group3,acetone_5_n-heptane_95,acetone 5% / n-heptane 95%,9.9,4.599358521299528,group3.xlsx,acetone_5_n-heptane_95
group3,acetone_5_n-heptane_95,acetone 5% / n-heptane 95%,10.0,4.356893083234796,group3.xlsx,acetone_5_n-heptane_95
group3,isopropanol_5_n-heptane_95,isopropanol 5% / n-heptane 95%,0.0,0.0,group3.xlsx,isopropanol_5_n-heptane_95
group3,isopropanol_5_n-heptane_95,isopropanol 5% / n-heptane 95%,0.1,0.490212739280083,group3.xlsx,isopropanol_5_n-heptane_95
group3,isopropanol_5_n-heptane_95,isopropanol 5% / n-heptane 95%,0.2,0.5498136546279722,group3.xlsx,isopropanol_5_n-heptane_95
group3,isopropanol_5_n-heptane_95,isopropanol 5% / n-heptane 95%,0.3,0.6269872516702695,group3.xlsx,isopropanol_5_n-heptane_95
group3,isopropanol_5_n-heptane_95,isopropanol 5% / n-heptane 95%,0.4,1.216851257752078,group3.xlsx,isopropanol_5_n-heptane_95
group3,isopropanol_5_n-heptane_95,isopropanol 5% / n-heptane 95%,0.5,1.434036107753461,group3.xlsx,isopropanol_5_n-heptane_95
group3,isopropanol_5_n-heptane_95,isopropanol 5% / n-heptane 95%,0.6,1.440773137113827,group3.xlsx,isopropanol_5_n-heptane_95
group3,isopropanol_5_n-heptane_95,isopropanol 5% / n-heptane 95%,0.7,1.490499122282731,group3.xlsx,isopropanol_5_n-heptane_95
group3,isopropanol_5_n-heptane_95,isopropanol 5% / n-heptane 95%,0.8,1.803050604546027,group3.xlsx,isopropanol_5_n-heptane_95
group3,isopropanol_5_n-heptane_95,isopropanol 5% / n-heptane 95%,0.9,1.596368301565863,group3.xlsx,isopropanol_5_n-heptane_95
group3,isopropanol_5_n-heptane_95,isopropanol 5% / n-heptane 95%,1.0,2.023773129994158,group3.xlsx,isopropanol_5_n-heptane_95
group3,isopropanol_5_n-heptane_95,isopropanol 5% / n-heptane 95%,1.1,1.848170724788594,group3.xlsx,isopropanol_5_n-heptane_95
group3,isopropanol_5_n-heptane_95,isopropanol 5% / n-heptane 95%,1.2,2.155053041315021,group3.xlsx,isopropanol_5_n-heptane_95
group3,isopropanol_5_n-heptane_95,isopropanol 5% / n-heptane 95%,1.3,2.244364000821782,group3.xlsx,isopropanol_5_n-heptane_95
group3,isopropanol_5_n-heptane_95,isopropanol 5% / n-heptane 95%,1.4,2.69825622217168,group3.xlsx,isopropanol_5_n-heptane_95
group3,isopropanol_5_n-heptane_95,isopropanol 5% / n-heptane 95%,1.5,2.696146499916227,group3.xlsx,isopropanol_5_n-heptane_95
group3,isopropanol_5_n-heptane_95,isopropanol 5% / n-heptane 95%,1.6,2.812819751348711,group3.xlsx,isopropanol_5_n-heptane_95
group3,isopropanol_5_n-heptane_95,isopropanol 5% / n-heptane 95%,1.7,2.615435755286644,group3.xlsx,isopropanol_5_n-heptane_95
group3,isopropanol_5_n-heptane_95,isopropanol 5% / n-heptane 95%,1.8,2.265392315652345,group3.xlsx,isopropanol_5_n-heptane_95
group3,isopropanol_5_n-heptane_95,isopropanol 5% / n-heptane 95%,1.9,2.506309534355899,group3.xlsx,isopropanol_5_n-heptane_95
group3,isopropanol_5_n-heptane_95,isopropanol 5% / n-heptane 95%,2.0,2.606239512925759,group3.xlsx,isopropanol_5_n-heptane_95
group3,isopropanol_5_n-heptane_95,isopropanol 5% / n-heptane 95%,2.1,2.637472231903952,group3.xlsx,isopropanol_5_n-heptane_95
group3,isopropanol_5_n-heptane_95,isopropanol 5% / n-heptane 95%,2.2,2.691157986638482,group3.xlsx,isopropanol_5_n-heptane_95
group3,isopropanol_5_n-heptane_95,isopropanol 5% / n-heptane 95%,2.3,2.72624394254797,group3.xlsx,isopropanol_5_n-heptane_95
group3,isopropanol_5_n-heptane_95,isopropanol 5% / n-heptane 95%,2.4,2.680930634472545,group3.xlsx,isopropanol_5_n-heptane_95
group3,isopropanol_5_n-heptane_95,isopropanol 5% / n-heptane 95%,2.5,2.633781747954402,group3.xlsx,isopropanol_5_n-heptane_95
group3,isopropanol_5_n-heptane_95,isopropanol 5% / n-heptane 95%,2.6,2.275782480850969,group3.xlsx,isopropanol_5_n-heptane_95
group3,isopropanol_5_n-heptane_95,isopropanol 5% / n-heptane 95%,2.7,2.4734204629421,group3.xlsx,isopropanol_5_n-heptane_95
group3,isopropanol_5_n-heptane_95,isopropanol 5% / n-heptane 95%,2.8,2.551658656148436,group3.xlsx,isopropanol_5_n-heptane_95
group3,isopropanol_5_n-heptane_95,isopropanol 5% / n-heptane 95%,2.9,2.222714347408941,group3.xlsx,isopropanol_5_n-heptane_95
group3,isopropanol_5_n-heptane_95,isopropanol 5% / n-heptane 95%,3.0,2.444256158335152,group3.xlsx,isopropanol_5_n-heptane_95
group3,isopropanol_5_n-heptane_95,isopropanol 5% / n-heptane 95%,3.1,2.696548337436494,group3.xlsx,isopropanol_5_n-heptane_95
group3,isopropanol_5_n-heptane_95,isopropanol 5% / n-heptane 95%,3.2,2.885726482143004,group3.xlsx,isopropanol_5_n-heptane_95
group3,isopropanol_5_n-heptane_95,isopropanol 5% / n-heptane 95%,3.3,2.997067995958066,group3.xlsx,isopropanol_5_n-heptane_95
group3,isopropanol_5_n-heptane_95,isopropanol 5% / n-heptane 95%,3.4,3.160670798240083,group3.xlsx,isopropanol_5_n-heptane_95
group3,isopropanol_5_n-heptane_95,isopropanol 5% / n-heptane 95%,3.5,3.226455078392011,group3.xlsx,isopropanol_5_n-heptane_95
group3,isopropanol_5_n-heptane_95,isopropanol 5% / n-heptane 95%,3.6,3.651283756804614,group3.xlsx,isopropanol_5_n-heptane_95
group3,isopropanol_5_n-heptane_95,isopropanol 5% / n-heptane 95%,3.7,3.441580731502141,group3.xlsx,isopropanol_5_n-heptane_95
group3,isopropanol_5_n-heptane_95,isopropanol 5% / n-heptane 95%,3.8,3.168679782017478,group3.xlsx,isopropanol_5_n-heptane_95
group3,isopropanol_5_n-heptane_95,isopropanol 5% / n-heptane 95%,3.9,3.20169322381492,group3.xlsx,isopropanol_5_n-heptane_95
group3,isopropanol_5_n-heptane_95,isopropanol 5% / n-heptane 95%,4.0,2.980090099249306,group3.xlsx,isopropanol_5_n-heptane_95
group3,isopropanol_5_n-heptane_95,isopropanol 5% / n-heptane 95%,4.1,2.853328611951842,group3.xlsx,isopropanol_5_n-heptane_95
group3,isopropanol_5_n-heptane_95,isopropanol 5% / n-heptane 95%,4.2,2.546295942427855,group3.xlsx,isopropanol_5_n-heptane_95
group3,isopropanol_5_n-heptane_95,isopropanol 5% / n-heptane 95%,4.3,2.31165081815125,group3.xlsx,isopropanol_5_n-heptane_95
group3,isopropanol_5_n-heptane_95,isopropanol 5% / n-heptane 95%,4.4,2.371877203011052,group3.xlsx,isopropanol_5_n-heptane_95
group3,isopropanol_5_n-heptane_95,isopropanol 5% / n-heptane 95%,4.5,1.93942879571481,group3.xlsx,isopropanol_5_n-heptane_95
group3,isopropanol_5_n-heptane_95,isopropanol 5% / n-heptane 95%,4.6,1.6717474562153,group3.xlsx,isopropanol_5_n-heptane_95
group3,isopropanol_5_n-heptane_95,isopropanol 5% / n-heptane 95%,4.7,1.265754490607478,group3.xlsx,isopropanol_5_n-heptane_95
group3,isopropanol_5_n-heptane_95,isopropanol 5% / n-heptane 95%,4.8,1.669050553733452,group3.xlsx,isopropanol_5_n-heptane_95
group3,isopropanol_5_n-heptane_95,isopropanol 5% / n-heptane 95%,4.9,1.270526474390546,group3.xlsx,isopropanol_5_n-heptane_95
group3,isopropanol_5_n-heptane_95,isopropanol 5% / n-heptane 95%,5.0,1.573090475516592,group3.xlsx,isopropanol_5_n-heptane_95
group3,isopropanol_5_n-heptane_95,isopropanol 5% / n-heptane 95%,5.1,1.71021731235495,group3.xlsx,isopropanol_5_n-heptane_95
group3,isopropanol_5_n-heptane_95,isopropanol 5% / n-heptane 95%,5.2,1.410074333614423,group3.xlsx,isopropanol_5_n-heptane_95
group3,isopropanol_5_n-heptane_95,isopropanol 5% / n-heptane 95%,5.3,1.156919191133962,group3.xlsx,isopropanol_5_n-heptane_95
group3,isopropanol_5_n-heptane_95,isopropanol 5% / n-heptane 95%,5.4,1.312729592725907,group3.xlsx,isopropanol_5_n-heptane_95
group3,isopropanol_5_n-heptane_95,isopropanol 5% / n-heptane 95%,5.5,0.8206214223641866,group3.xlsx,isopropanol_5_n-heptane_95
group3,isopropanol_5_n-heptane_95,isopropanol 5% / n-heptane 95%,5.6,1.550933177678265,group3.xlsx,isopropanol_5_n-heptane_95
group3,isopropanol_5_n-heptane_95,isopropanol 5% / n-heptane 95%,5.7,2.105835020913093,group3.xlsx,isopropanol_5_n-heptane_95
group3,isopropanol_5_n-heptane_95,isopropanol 5% / n-heptane 95%,5.8,2.136992496081977,group3.xlsx,isopropanol_5_n-heptane_95
group3,isopropanol_5_n-heptane_95,isopropanol 5% / n-heptane 95%,5.9,1.546434585301788,group3.xlsx,isopropanol_5_n-heptane_95
group3,isopropanol_5_n-heptane_95,isopropanol 5% / n-heptane 95%,6.0,1.56718163200722,group3.xlsx,isopropanol_5_n-heptane_95
group3,isopropanol_5_n-heptane_95,isopropanol 5% / n-heptane 95%,6.1,1.72662011441547,group3.xlsx,isopropanol_5_n-heptane_95
group3,isopropanol_5_n-heptane_95,isopropanol 5% / n-heptane 95%,6.2,2.099016273560864,group3.xlsx,isopropanol_5_n-heptane_95
group3,isopropanol_5_n-heptane_95,isopropanol 5% / n-heptane 95%,6.3,2.009509837541422,group3.xlsx,isopropanol_5_n-heptane_95
group3,isopropanol_5_n-heptane_95,isopropanol 5% / n-heptane 95%,6.4,1.743902900080841,group3.xlsx,isopropanol_5_n-heptane_95
group3,isopropanol_5_n-heptane_95,isopropanol 5% / n-heptane 95%,6.5,2.054896145783689,group3.xlsx,isopropanol_5_n-heptane_95
group3,isopropanol_5_n-heptane_95,isopropanol 5% / n-heptane 95%,6.6,2.126475367985681,group3.xlsx,isopropanol_5_n-heptane_95
group3,isopropanol_5_n-heptane_95,isopropanol 5% / n-heptane 95%,6.7,1.337508953706627,group3.xlsx,isopropanol_5_n-heptane_95
group3,isopropanol_5_n-heptane_95,isopropanol 5% / n-heptane 95%,6.8,1.254682447229104,group3.xlsx,isopropanol_5_n-heptane_95
group3,isopropanol_5_n-heptane_95,isopropanol 5% / n-heptane 95%,6.9,1.43887856425397,group3.xlsx,isopropanol_5_n-heptane_95
group3,isopropanol_5_n-heptane_95,isopropanol 5% / n-heptane 95%,7.0,1.766978365471803,group3.xlsx,isopropanol_5_n-heptane_95
group3,isopropanol_5_n-heptane_95,isopropanol 5% / n-heptane 95%,7.1,1.953263279363112,group3.xlsx,isopropanol_5_n-heptane_95
group3,isopropanol_5_n-heptane_95,isopropanol 5% / n-heptane 95%,7.2,1.661918971960969,group3.xlsx,isopropanol_5_n-heptane_95
group3,isopropanol_5_n-heptane_95,isopropanol 5% / n-heptane 95%,7.3,2.093130846944526,group3.xlsx,isopropanol_5_n-heptane_95
group3,isopropanol_5_n-heptane_95,isopropanol 5% / n-heptane 95%,7.4,2.246825086379698,group3.xlsx,isopropanol_5_n-heptane_95
group3,isopropanol_5_n-heptane_95,isopropanol 5% / n-heptane 95%,7.5,1.769578734766093,group3.xlsx,isopropanol_5_n-heptane_95
group3,isopropanol_5_n-heptane_95,isopropanol 5% / n-heptane 95%,7.6,1.882216036977461,group3.xlsx,isopropanol_5_n-heptane_95
group3,isopropanol_5_n-heptane_95,isopropanol 5% / n-heptane 95%,7.7,1.871849540511386,group3.xlsx,isopropanol_5_n-heptane_95
group3,isopropanol_5_n-heptane_95,isopropanol 5% / n-heptane 95%,7.8,1.98832203245357,group3.xlsx,isopropanol_5_n-heptane_95
group3,isopropanol_5_n-heptane_95,isopropanol 5% / n-heptane 95%,7.9,2.178848722161064,group3.xlsx,isopropanol_5_n-heptane_95
group3,isopropanol_5_n-heptane_95,isopropanol 5% / n-heptane 95%,8.0,2.381807296656044,group3.xlsx,isopropanol_5_n-heptane_95
group3,isopropanol_5_n-heptane_95,isopropanol 5% / n-heptane 95%,8.1,2.468962630628534,group3.xlsx,isopropanol_5_n-heptane_95
group3,isopropanol_5_n-heptane_95,isopropanol 5% / n-heptane 95%,8.2,2.671610229991477,group3.xlsx,isopropanol_5_n-heptane_95
group3,isopropanol_5_n-heptane_95,isopropanol 5% / n-heptane 95%,8.3,2.622568240776856,group3.xlsx,isopropanol_5_n-heptane_95
group3,isopropanol_5_n-heptane_95,isopropanol 5% / n-heptane 95%,8.4,2.512732941650388,group3.xlsx,isopropanol_5_n-heptane_95
group3,isopropanol_5_n-heptane_95,isopropanol 5% / n-heptane 95%,8.5,2.567204098613889,group3.xlsx,isopropanol_5_n-heptane_95
group3,isopropanol_5_n-heptane_95,isopropanol 5% / n-heptane 95%,8.6,2.570824472242368,group3.xlsx,isopropanol_5_n-heptane_95
group3,isopropanol_5_n-heptane_95,isopropanol 5% / n-heptane 95%,8.7,2.490638792376025,group3.xlsx,isopropanol_5_n-heptane_95
group3,isopropanol_5_n-heptane_95,isopropanol 5% / n-heptane 95%,8.8,2.717023891288162,group3.xlsx,isopropanol_5_n-heptane_95
group3,isopropanol_5_n-heptane_95,isopropanol 5% / n-heptane 95%,8.9,2.568582667376095,group3.xlsx,isopropanol_5_n-heptane_95
group3,isopropanol_5_n-heptane_95,isopropanol 5% / n-heptane 95%,9.0,2.669546489041942,group3.xlsx,isopropanol_5_n-heptane_95
group3,isopropanol_5_n-heptane_95,isopropanol 5% / n-heptane 95%,9.1,2.744476835747611,group3.xlsx,isopropanol_5_n-heptane_95
group3,isopropanol_5_n-heptane_95,isopropanol 5% / n-heptane 95%,9.2,2.476252604850962,group3.xlsx,isopropanol_5_n-heptane_95
group3,isopropanol_5_n-heptane_95,isopropanol 5% / n-heptane 95%,9.3,2.667954836053555,group3.xlsx,isopropanol_5_n-heptane_95
group3,isopropanol_5_n-heptane_95,isopropanol 5% / n-heptane 95%,9.4,2.940423963435129,group3.xlsx,isopropanol_5_n-heptane_95
group3,isopropanol_5_n-heptane_95,isopropanol 5% / n-heptane 95%,9.5,2.867383050444667,group3.xlsx,isopropanol_5_n-heptane_95
group3,isopropanol_5_n-heptane_95,isopropanol 5% / n-heptane 95%,9.6,3.039796656437836,group3.xlsx,isopropanol_5_n-heptane_95
group3,isopropanol_5_n-heptane_95,isopropanol 5% / n-heptane 95%,9.7,3.424107511907068,group3.xlsx,isopropanol_5_n-heptane_95
group3,isopropanol_5_n-heptane_95,isopropanol 5% / n-heptane 95%,9.8,3.289750664988563,group3.xlsx,isopropanol_5_n-heptane_95
group3,isopropanol_5_n-heptane_95,isopropanol 5% / n-heptane 95%,9.9,2.990375954515682,group3.xlsx,isopropanol_5_n-heptane_95
group3,isopropanol_5_n-heptane_95,isopropanol 5% / n-heptane 95%,10.0,3.036810237528931,group3.xlsx,isopropanol_5_n-heptane_95
group3,thf_n-heptane,THF 5% / n-heptane 95%,0.0,0.0,group3.xlsx,thf_n-heptane
group3,thf_n-heptane,THF 5% / n-heptane 95%,0.1,0.4569364497781933,group3.xlsx,thf_n-heptane
group3,thf_n-heptane,THF 5% / n-heptane 95%,0.2,0.1401193708278296,group3.xlsx,thf_n-heptane
group3,thf_n-heptane,THF 5% / n-heptane 95%,0.3,0.3184639642559041,group3.xlsx,thf_n-heptane
group3,thf_n-heptane,THF 5% / n-heptane 95%,0.4,0.4202063044061393,group3.xlsx,thf_n-heptane
group3,thf_n-heptane,THF 5% / n-heptane 95%,0.5,0.4258382195564444,group3.xlsx,thf_n-heptane
group3,thf_n-heptane,THF 5% / n-heptane 95%,0.6,0.630422596247245,group3.xlsx,thf_n-heptane
group3,thf_n-heptane,THF 5% / n-heptane 95%,0.7,1.043093377450172,group3.xlsx,thf_n-heptane
group3,thf_n-heptane,THF 5% / n-heptane 95%,0.8,1.273376519126854,group3.xlsx,thf_n-heptane
group3,thf_n-heptane,THF 5% / n-heptane 95%,0.9,1.443644806544697,group3.xlsx,thf_n-heptane
group3,thf_n-heptane,THF 5% / n-heptane 95%,1.0,0.9138461795056517,group3.xlsx,thf_n-heptane
group3,thf_n-heptane,THF 5% / n-heptane 95%,1.1,0.870695994487471,group3.xlsx,thf_n-heptane
group3,thf_n-heptane,THF 5% / n-heptane 95%,1.2,0.9280092007000269,group3.xlsx,thf_n-heptane
group3,thf_n-heptane,THF 5% / n-heptane 95%,1.3,0.7564800612677004,group3.xlsx,thf_n-heptane
group3,thf_n-heptane,THF 5% / n-heptane 95%,1.4,0.9957354710328316,group3.xlsx,thf_n-heptane
group3,thf_n-heptane,THF 5% / n-heptane 95%,1.5,0.7061632621728837,group3.xlsx,thf_n-heptane
group3,thf_n-heptane,THF 5% / n-heptane 95%,1.6,0.8098732849786683,group3.xlsx,thf_n-heptane
group3,thf_n-heptane,THF 5% / n-heptane 95%,1.7,1.021720544263798,group3.xlsx,thf_n-heptane
group3,thf_n-heptane,THF 5% / n-heptane 95%,1.8,0.8813993719770379,group3.xlsx,thf_n-heptane
group3,thf_n-heptane,THF 5% / n-heptane 95%,1.9,1.474691789082256,group3.xlsx,thf_n-heptane
group3,thf_n-heptane,THF 5% / n-heptane 95%,2.0,2.056005568481966,group3.xlsx,thf_n-heptane
group3,thf_n-heptane,THF 5% / n-heptane 95%,2.1,1.915976366922879,group3.xlsx,thf_n-heptane
group3,thf_n-heptane,THF 5% / n-heptane 95%,2.2,2.130963899662637,group3.xlsx,thf_n-heptane
group3,thf_n-heptane,THF 5% / n-heptane 95%,2.3,2.17273435788069,group3.xlsx,thf_n-heptane
group3,thf_n-heptane,THF 5% / n-heptane 95%,2.4,1.650132241250412,group3.xlsx,thf_n-heptane
group3,thf_n-heptane,THF 5% / n-heptane 95%,2.5,1.104861551068796,group3.xlsx,thf_n-heptane
group3,thf_n-heptane,THF 5% / n-heptane 95%,2.6,0.9420327890942812,group3.xlsx,thf_n-heptane
group3,thf_n-heptane,THF 5% / n-heptane 95%,2.7,1.208423569653814,group3.xlsx,thf_n-heptane
group3,thf_n-heptane,THF 5% / n-heptane 95%,2.8,1.100051889339424,group3.xlsx,thf_n-heptane
group3,thf_n-heptane,THF 5% / n-heptane 95%,2.9,1.111520612995776,group3.xlsx,thf_n-heptane
group3,thf_n-heptane,THF 5% / n-heptane 95%,3.0,1.000290087966694,group3.xlsx,thf_n-heptane
group3,thf_n-heptane,THF 5% / n-heptane 95%,3.1,1.072565298184615,group3.xlsx,thf_n-heptane
group3,thf_n-heptane,THF 5% / n-heptane 95%,3.2,0.7282517332598993,group3.xlsx,thf_n-heptane
group3,thf_n-heptane,THF 5% / n-heptane 95%,3.3,0.7608356373879226,group3.xlsx,thf_n-heptane
group3,thf_n-heptane,THF 5% / n-heptane 95%,3.4,0.55043539072332,group3.xlsx,thf_n-heptane
group3,thf_n-heptane,THF 5% / n-heptane 95%,3.5,0.8652727128670212,group3.xlsx,thf_n-heptane
group3,thf_n-heptane,THF 5% / n-heptane 95%,3.6,1.094604215826922,group3.xlsx,thf_n-heptane
group3,thf_n-heptane,THF 5% / n-heptane 95%,3.7,1.0211878802743,group3.xlsx,thf_n-heptane
group3,thf_n-heptane,THF 5% / n-heptane 95%,3.8,1.573373257316736,group3.xlsx,thf_n-heptane
group3,thf_n-heptane,THF 5% / n-heptane 95%,3.9,1.018556257388101,group3.xlsx,thf_n-heptane
group3,thf_n-heptane,THF 5% / n-heptane 95%,4.0,1.095991859048647,group3.xlsx,thf_n-heptane
group3,thf_n-heptane,THF 5% / n-heptane 95%,4.1,1.098648538092206,group3.xlsx,thf_n-heptane
group3,thf_n-heptane,THF 5% / n-heptane 95%,4.2,1.03595807397903,group3.xlsx,thf_n-heptane
group3,thf_n-heptane,THF 5% / n-heptane 95%,4.3,1.361572004348693,group3.xlsx,thf_n-heptane
group3,thf_n-heptane,THF 5% / n-heptane 95%,4.4,1.213479501957437,group3.xlsx,thf_n-heptane
group3,thf_n-heptane,THF 5% / n-heptane 95%,4.5,1.013095902722338,group3.xlsx,thf_n-heptane
group3,thf_n-heptane,THF 5% / n-heptane 95%,4.6,1.039392498654223,group3.xlsx,thf_n-heptane
group3,thf_n-heptane,THF 5% / n-heptane 95%,4.7,0.9809298461707322,group3.xlsx,thf_n-heptane
group3,thf_n-heptane,THF 5% / n-heptane 95%,4.8,1.164229568169552,group3.xlsx,thf_n-heptane
group3,thf_n-heptane,THF 5% / n-heptane 95%,4.9,0.7592425386316503,group3.xlsx,thf_n-heptane
group3,thf_n-heptane,THF 5% / n-heptane 95%,5.0,0.6056957891633059,group3.xlsx,thf_n-heptane
group3,thf_n-heptane,THF 5% / n-heptane 95%,5.1,0.3610005702457386,group3.xlsx,thf_n-heptane
group3,thf_n-heptane,THF 5% / n-heptane 95%,5.2,0.6793228230829161,group3.xlsx,thf_n-heptane
group3,thf_n-heptane,THF 5% / n-heptane 95%,5.3,0.991295386727524,group3.xlsx,thf_n-heptane
group3,thf_n-heptane,THF 5% / n-heptane 95%,5.4,0.7007027266398224,group3.xlsx,thf_n-heptane
group3,thf_n-heptane,THF 5% / n-heptane 95%,5.5,0.7699249524329352,group3.xlsx,thf_n-heptane
group3,thf_n-heptane,THF 5% / n-heptane 95%,5.6,1.119887008346981,group3.xlsx,thf_n-heptane
group3,thf_n-heptane,THF 5% / n-heptane 95%,5.7,1.123976245111261,group3.xlsx,thf_n-heptane
group3,thf_n-heptane,THF 5% / n-heptane 95%,5.8,0.7625520441184283,group3.xlsx,thf_n-heptane
group3,thf_n-heptane,THF 5% / n-heptane 95%,5.9,0.7387574786884855,group3.xlsx,thf_n-heptane
group3,thf_n-heptane,THF 5% / n-heptane 95%,6.0,0.4262324597656556,group3.xlsx,thf_n-heptane
group3,thf_n-heptane,THF 5% / n-heptane 95%,6.1,0.7043291269561666,group3.xlsx,thf_n-heptane
group3,thf_n-heptane,THF 5% / n-heptane 95%,6.2,0.8408901463011494,group3.xlsx,thf_n-heptane
group3,thf_n-heptane,THF 5% / n-heptane 95%,6.3,1.176674548234089,group3.xlsx,thf_n-heptane
group3,thf_n-heptane,THF 5% / n-heptane 95%,6.4,1.392050370993198,group3.xlsx,thf_n-heptane
group3,thf_n-heptane,THF 5% / n-heptane 95%,6.5,1.15532409727258,group3.xlsx,thf_n-heptane
group3,thf_n-heptane,THF 5% / n-heptane 95%,6.6,1.357523511238057,group3.xlsx,thf_n-heptane
group3,thf_n-heptane,THF 5% / n-heptane 95%,6.7,1.58753778521901,group3.xlsx,thf_n-heptane
group3,thf_n-heptane,THF 5% / n-heptane 95%,6.8,1.372944497322398,group3.xlsx,thf_n-heptane
group3,thf_n-heptane,THF 5% / n-heptane 95%,6.9,1.442072656407473,group3.xlsx,thf_n-heptane
group3,thf_n-heptane,THF 5% / n-heptane 95%,7.0,1.581193254176757,group3.xlsx,thf_n-heptane
group3,thf_n-heptane,THF 5% / n-heptane 95%,7.1,1.566208572297678,group3.xlsx,thf_n-heptane
group3,thf_n-heptane,THF 5% / n-heptane 95%,7.2,1.686179895988686,group3.xlsx,thf_n-heptane
group3,thf_n-heptane,THF 5% / n-heptane 95%,7.3,1.288093715722643,group3.xlsx,thf_n-heptane
group3,thf_n-heptane,THF 5% / n-heptane 95%,7.4,1.188453210951697,group3.xlsx,thf_n-heptane
group3,thf_n-heptane,THF 5% / n-heptane 95%,7.5,0.9495327098757275,group3.xlsx,thf_n-heptane
group3,thf_n-heptane,THF 5% / n-heptane 95%,7.6,0.7795758885957245,group3.xlsx,thf_n-heptane
group3,thf_n-heptane,THF 5% / n-heptane 95%,7.7,0.6278912892422237,group3.xlsx,thf_n-heptane
group3,thf_n-heptane,THF 5% / n-heptane 95%,7.8,0.5587711796797458,group3.xlsx,thf_n-heptane
group3,thf_n-heptane,THF 5% / n-heptane 95%,7.9,0.8182181515318325,group3.xlsx,thf_n-heptane
group3,thf_n-heptane,THF 5% / n-heptane 95%,8.0,0.8392921944980648,group3.xlsx,thf_n-heptane
group3,thf_n-heptane,THF 5% / n-heptane 95%,8.1,0.8513361392207784,group3.xlsx,thf_n-heptane
group3,thf_n-heptane,THF 5% / n-heptane 95%,8.2,0.6140833697585776,group3.xlsx,thf_n-heptane
group3,thf_n-heptane,THF 5% / n-heptane 95%,8.3,0.9297692588634843,group3.xlsx,thf_n-heptane
group3,thf_n-heptane,THF 5% / n-heptane 95%,8.4,0.2203106133033546,group3.xlsx,thf_n-heptane
group3,thf_n-heptane,THF 5% / n-heptane 95%,8.5,0.46974451706297,group3.xlsx,thf_n-heptane
group3,thf_n-heptane,THF 5% / n-heptane 95%,8.6,0.7168948963468612,group3.xlsx,thf_n-heptane
group3,thf_n-heptane,THF 5% / n-heptane 95%,8.7,0.2113531055048689,group3.xlsx,thf_n-heptane
group3,thf_n-heptane,THF 5% / n-heptane 95%,8.8,0.5597260269071901,group3.xlsx,thf_n-heptane
group3,thf_n-heptane,THF 5% / n-heptane 95%,8.9,0.6239026974980106,group3.xlsx,thf_n-heptane
group3,thf_n-heptane,THF 5% / n-heptane 95%,9.0,0.4711431394760485,group3.xlsx,thf_n-heptane
group3,thf_n-heptane,THF 5% / n-heptane 95%,9.1,0.4203577200934381,group3.xlsx,thf_n-heptane
group3,thf_n-heptane,THF 5% / n-heptane 95%,9.2,0.5387639253178429,group3.xlsx,thf_n-heptane
group3,thf_n-heptane,THF 5% / n-heptane 95%,9.3,0.4132302674061968,group3.xlsx,thf_n-heptane
group3,thf_n-heptane,THF 5% / n-heptane 95%,9.4,0.8887993446022653,group3.xlsx,thf_n-heptane
group3,thf_n-heptane,THF 5% / n-heptane 95%,9.5,1.366927695829359,group3.xlsx,thf_n-heptane
group3,thf_n-heptane,THF 5% / n-heptane 95%,9.6,1.530943652461754,group3.xlsx,thf_n-heptane
group3,thf_n-heptane,THF 5% / n-heptane 95%,9.7,1.659910920937256,group3.xlsx,thf_n-heptane
group3,thf_n-heptane,THF 5% / n-heptane 95%,9.8,1.480752017225886,group3.xlsx,thf_n-heptane
group3,thf_n-heptane,THF 5% / n-heptane 95%,9.9,1.268592027369294,group3.xlsx,thf_n-heptane
group3,thf_n-heptane,THF 5% / n-heptane 95%,10.0,1.084135815812856,group3.xlsx,thf_n-heptane
group3,thf_toluene,THF 5% / toluene 95%,0.0,0.0,group3.xlsx,thf_toluene
group3,thf_toluene,THF 5% / toluene 95%,0.1,0.4188722945000126,group3.xlsx,thf_toluene
group3,thf_toluene,THF 5% / toluene 95%,0.2,0.8583723723573913,group3.xlsx,thf_toluene
group3,thf_toluene,THF 5% / toluene 95%,0.3,1.01583656157576,group3.xlsx,thf_toluene
group3,thf_toluene,THF 5% / toluene 95%,0.4,0.7060583281752075,group3.xlsx,thf_toluene
group3,thf_toluene,THF 5% / toluene 95%,0.5,0.8405419941320335,group3.xlsx,thf_toluene
group3,thf_toluene,THF 5% / toluene 95%,0.6,1.208355189859605,group3.xlsx,thf_toluene
group3,thf_toluene,THF 5% / toluene 95%,0.7,1.311316397961416,group3.xlsx,thf_toluene
group3,thf_toluene,THF 5% / toluene 95%,0.8,0.9765736409940106,group3.xlsx,thf_toluene
group3,thf_toluene,THF 5% / toluene 95%,0.9,0.5503895531482927,group3.xlsx,thf_toluene
group3,thf_toluene,THF 5% / toluene 95%,1.0,0.6045977743428358,group3.xlsx,thf_toluene
group3,thf_toluene,THF 5% / toluene 95%,1.1,0.9698581062674687,group3.xlsx,thf_toluene
group3,thf_toluene,THF 5% / toluene 95%,1.2,0.8921925993669205,group3.xlsx,thf_toluene
group3,thf_toluene,THF 5% / toluene 95%,1.3,0.8942602908288024,group3.xlsx,thf_toluene
group3,thf_toluene,THF 5% / toluene 95%,1.4,0.8564970996810739,group3.xlsx,thf_toluene
group3,thf_toluene,THF 5% / toluene 95%,1.5,0.4089272351460673,group3.xlsx,thf_toluene
group3,thf_toluene,THF 5% / toluene 95%,1.6,0.6500450419099312,group3.xlsx,thf_toluene
group3,thf_toluene,THF 5% / toluene 95%,1.7,0.8602629476035311,group3.xlsx,thf_toluene
group3,thf_toluene,THF 5% / toluene 95%,1.8,0.9053436014378793,group3.xlsx,thf_toluene
group3,thf_toluene,THF 5% / toluene 95%,1.9,1.591634063498685,group3.xlsx,thf_toluene
group3,thf_toluene,THF 5% / toluene 95%,2.0,1.080447013534536,group3.xlsx,thf_toluene
group3,thf_toluene,THF 5% / toluene 95%,2.1,1.315923591020101,group3.xlsx,thf_toluene
group3,thf_toluene,THF 5% / toluene 95%,2.2,1.368191775931129,group3.xlsx,thf_toluene
group3,thf_toluene,THF 5% / toluene 95%,2.3,1.494364464704676,group3.xlsx,thf_toluene
group3,thf_toluene,THF 5% / toluene 95%,2.4,1.624433419812387,group3.xlsx,thf_toluene
group3,thf_toluene,THF 5% / toluene 95%,2.5,1.695373412147232,group3.xlsx,thf_toluene
group3,thf_toluene,THF 5% / toluene 95%,2.6,1.662339398493172,group3.xlsx,thf_toluene
group3,thf_toluene,THF 5% / toluene 95%,2.7,1.73337346669825,group3.xlsx,thf_toluene
group3,thf_toluene,THF 5% / toluene 95%,2.8,1.766219190504384,group3.xlsx,thf_toluene
group3,thf_toluene,THF 5% / toluene 95%,2.9,1.64535814053862,group3.xlsx,thf_toluene
group3,thf_toluene,THF 5% / toluene 95%,3.0,1.856303674517982,group3.xlsx,thf_toluene
group3,thf_toluene,THF 5% / toluene 95%,3.1,1.867490704068652,group3.xlsx,thf_toluene
group3,thf_toluene,THF 5% / toluene 95%,3.2,1.690025932839518,group3.xlsx,thf_toluene
group3,thf_toluene,THF 5% / toluene 95%,3.3,1.727501650642459,group3.xlsx,thf_toluene
group3,thf_toluene,THF 5% / toluene 95%,3.4,1.605996094265578,group3.xlsx,thf_toluene
group3,thf_toluene,THF 5% / toluene 95%,3.5,1.714067388242218,group3.xlsx,thf_toluene
group3,thf_toluene,THF 5% / toluene 95%,3.6,2.072313539908542,group3.xlsx,thf_toluene
group3,thf_toluene,THF 5% / toluene 95%,3.7,1.709586425788671,group3.xlsx,thf_toluene
group3,thf_toluene,THF 5% / toluene 95%,3.8,1.387009676124698,group3.xlsx,thf_toluene
group3,thf_toluene,THF 5% / toluene 95%,3.9,1.509164193280041,group3.xlsx,thf_toluene
group3,thf_toluene,THF 5% / toluene 95%,4.0,1.282322275401252,group3.xlsx,thf_toluene
group3,thf_toluene,THF 5% / toluene 95%,4.1,1.478537691644188,group3.xlsx,thf_toluene
group3,thf_toluene,THF 5% / toluene 95%,4.2,1.427296059929108,group3.xlsx,thf_toluene
group3,thf_toluene,THF 5% / toluene 95%,4.3,1.558515925916015,group3.xlsx,thf_toluene
group3,thf_toluene,THF 5% / toluene 95%,4.4,1.604967576020512,group3.xlsx,thf_toluene
group3,thf_toluene,THF 5% / toluene 95%,4.5,1.43982075109233,group3.xlsx,thf_toluene
group3,thf_toluene,THF 5% / toluene 95%,4.6,1.842235879504225,group3.xlsx,thf_toluene
group3,thf_toluene,THF 5% / toluene 95%,4.7,1.833391874044708,group3.xlsx,thf_toluene
group3,thf_toluene,THF 5% / toluene 95%,4.8,1.917614761775983,group3.xlsx,thf_toluene
group3,thf_toluene,THF 5% / toluene 95%,4.9,2.261105519827783,group3.xlsx,thf_toluene
group3,thf_toluene,THF 5% / toluene 95%,5.0,2.137858274947712,group3.xlsx,thf_toluene
group3,thf_toluene,THF 5% / toluene 95%,5.1,1.740311407604189,group3.xlsx,thf_toluene
group3,thf_toluene,THF 5% / toluene 95%,5.2,2.102840700885572,group3.xlsx,thf_toluene
group3,thf_toluene,THF 5% / toluene 95%,5.3,2.337258037640992,group3.xlsx,thf_toluene
group3,thf_toluene,THF 5% / toluene 95%,5.4,1.952211201854504,group3.xlsx,thf_toluene
group3,thf_toluene,THF 5% / toluene 95%,5.5,1.783834093153796,group3.xlsx,thf_toluene
group3,thf_toluene,THF 5% / toluene 95%,5.6,1.845906793407515,group3.xlsx,thf_toluene
group3,thf_toluene,THF 5% / toluene 95%,5.7,2.448440099250292,group3.xlsx,thf_toluene
group3,thf_toluene,THF 5% / toluene 95%,5.8,1.97788719793816,group3.xlsx,thf_toluene
group3,thf_toluene,THF 5% / toluene 95%,5.9,1.505844946155013,group3.xlsx,thf_toluene
group3,thf_toluene,THF 5% / toluene 95%,6.0,1.41436851394724,group3.xlsx,thf_toluene
group3,thf_toluene,THF 5% / toluene 95%,6.1,1.441515754982829,group3.xlsx,thf_toluene
group3,thf_toluene,THF 5% / toluene 95%,6.2,1.617974907246057,group3.xlsx,thf_toluene
group3,thf_toluene,THF 5% / toluene 95%,6.3,2.013305969115357,group3.xlsx,thf_toluene
group3,thf_toluene,THF 5% / toluene 95%,6.4,1.660629034235076,group3.xlsx,thf_toluene
group3,thf_toluene,THF 5% / toluene 95%,6.5,1.495923550986519,group3.xlsx,thf_toluene
group3,thf_toluene,THF 5% / toluene 95%,6.6,1.258605904173042,group3.xlsx,thf_toluene
group3,thf_toluene,THF 5% / toluene 95%,6.7,0.9309759608909584,group3.xlsx,thf_toluene
group3,thf_toluene,THF 5% / toluene 95%,6.8,1.136420494376619,group3.xlsx,thf_toluene
group3,thf_toluene,THF 5% / toluene 95%,6.9,1.013079002700718,group3.xlsx,thf_toluene
group3,thf_toluene,THF 5% / toluene 95%,7.0,1.398767470705673,group3.xlsx,thf_toluene
group3,thf_toluene,THF 5% / toluene 95%,7.1,1.233316880939795,group3.xlsx,thf_toluene
group3,thf_toluene,THF 5% / toluene 95%,7.2,0.9733024307912531,group3.xlsx,thf_toluene
group3,thf_toluene,THF 5% / toluene 95%,7.3,1.188195715769141,group3.xlsx,thf_toluene
group3,thf_toluene,THF 5% / toluene 95%,7.4,0.8926382505390584,group3.xlsx,thf_toluene
group3,thf_toluene,THF 5% / toluene 95%,7.5,0.5750921499884308,group3.xlsx,thf_toluene
group3,thf_toluene,THF 5% / toluene 95%,7.6,0.6316408231537264,group3.xlsx,thf_toluene
group3,thf_toluene,THF 5% / toluene 95%,7.7,0.4429117934924763,group3.xlsx,thf_toluene
group3,thf_toluene,THF 5% / toluene 95%,7.8,1.010830686403441,group3.xlsx,thf_toluene
group3,thf_toluene,THF 5% / toluene 95%,7.9,0.8579239458923447,group3.xlsx,thf_toluene
group3,thf_toluene,THF 5% / toluene 95%,8.0,0.8192169939207112,group3.xlsx,thf_toluene
group3,thf_toluene,THF 5% / toluene 95%,8.1,0.776880147610862,group3.xlsx,thf_toluene
group3,thf_toluene,THF 5% / toluene 95%,8.2,1.188566422343581,group3.xlsx,thf_toluene
group3,thf_toluene,THF 5% / toluene 95%,8.3,1.017796274436558,group3.xlsx,thf_toluene
group3,thf_toluene,THF 5% / toluene 95%,8.4,1.09395212685312,group3.xlsx,thf_toluene
group3,thf_toluene,THF 5% / toluene 95%,8.5,1.201151828924226,group3.xlsx,thf_toluene
group3,thf_toluene,THF 5% / toluene 95%,8.6,1.064076880158308,group3.xlsx,thf_toluene
group3,thf_toluene,THF 5% / toluene 95%,8.7,0.9827737912902657,group3.xlsx,thf_toluene
group3,thf_toluene,THF 5% / toluene 95%,8.8,0.7115689526788059,group3.xlsx,thf_toluene
group3,thf_toluene,THF 5% / toluene 95%,8.9,1.299491528502674,group3.xlsx,thf_toluene
group3,thf_toluene,THF 5% / toluene 95%,9.0,1.45267515620958,group3.xlsx,thf_toluene
group3,thf_toluene,THF 5% / toluene 95%,9.1,1.045861125367466,group3.xlsx,thf_toluene
group3,thf_toluene,THF 5% / toluene 95%,9.2,1.548260730554483,group3.xlsx,thf_toluene
group3,thf_toluene,THF 5% / toluene 95%,9.3,1.68479480984341,group3.xlsx,thf_toluene
group3,thf_toluene,THF 5% / toluene 95%,9.4,1.625177013909762,group3.xlsx,thf_toluene
group3,thf_toluene,THF 5% / toluene 95%,9.5,1.869053744182371,group3.xlsx,thf_toluene
group3,thf_toluene,THF 5% / toluene 95%,9.6,1.589051609278835,group3.xlsx,thf_toluene
group3,thf_toluene,THF 5% / toluene 95%,9.7,1.716603982948256,group3.xlsx,thf_toluene
group3,thf_toluene,THF 5% / toluene 95%,9.8,1.58434498947141,group3.xlsx,thf_toluene
group3,thf_toluene,THF 5% / toluene 95%,9.9,1.787787326352092,group3.xlsx,thf_toluene
group3,thf_toluene,THF 5% / toluene 95%,10.0,1.302420970545016,group3.xlsx,thf_toluene
group3,toluene_n-heptane,toluene 5% / n-heptane 95%,0.0,0.0,group3.xlsx,toluene_n-heptane
group3,toluene_n-heptane,toluene 5% / n-heptane 95%,0.1,0.7413231889240769,group3.xlsx,toluene_n-heptane
group3,toluene_n-heptane,toluene 5% / n-heptane 95%,0.2,0.8953903488375243,group3.xlsx,toluene_n-heptane
group3,toluene_n-heptane,toluene 5% / n-heptane 95%,0.3,1.274400887176343,group3.xlsx,toluene_n-heptane
group3,toluene_n-heptane,toluene 5% / n-heptane 95%,0.4,1.694700199406235,group3.xlsx,toluene_n-heptane
group3,toluene_n-heptane,toluene 5% / n-heptane 95%,0.5,1.56850230750495,group3.xlsx,toluene_n-heptane
group3,toluene_n-heptane,toluene 5% / n-heptane 95%,0.6,1.557170154628383,group3.xlsx,toluene_n-heptane
group3,toluene_n-heptane,toluene 5% / n-heptane 95%,0.7,1.348037056174359,group3.xlsx,toluene_n-heptane
group3,toluene_n-heptane,toluene 5% / n-heptane 95%,0.8,0.7721062365351988,group3.xlsx,toluene_n-heptane
group3,toluene_n-heptane,toluene 5% / n-heptane 95%,0.9,1.17256284434629,group3.xlsx,toluene_n-heptane
group3,toluene_n-heptane,toluene 5% / n-heptane 95%,1.0,1.174865999950283,group3.xlsx,toluene_n-heptane
group3,toluene_n-heptane,toluene 5% / n-heptane 95%,1.1,1.182297410689866,group3.xlsx,toluene_n-heptane
group3,toluene_n-heptane,toluene 5% / n-heptane 95%,1.2,1.249768516815964,group3.xlsx,toluene_n-heptane
group3,toluene_n-heptane,toluene 5% / n-heptane 95%,1.3,1.341126815945181,group3.xlsx,toluene_n-heptane
group3,toluene_n-heptane,toluene 5% / n-heptane 95%,1.4,1.253289860373063,group3.xlsx,toluene_n-heptane
group3,toluene_n-heptane,toluene 5% / n-heptane 95%,1.5,1.403313464132931,group3.xlsx,toluene_n-heptane
group3,toluene_n-heptane,toluene 5% / n-heptane 95%,1.6,1.761110119021547,group3.xlsx,toluene_n-heptane
group3,toluene_n-heptane,toluene 5% / n-heptane 95%,1.7,1.820540967022024,group3.xlsx,toluene_n-heptane
group3,toluene_n-heptane,toluene 5% / n-heptane 95%,1.8,1.97944909515469,group3.xlsx,toluene_n-heptane
group3,toluene_n-heptane,toluene 5% / n-heptane 95%,1.9,1.897227688816714,group3.xlsx,toluene_n-heptane
group3,toluene_n-heptane,toluene 5% / n-heptane 95%,2.0,2.076483253320106,group3.xlsx,toluene_n-heptane
group3,toluene_n-heptane,toluene 5% / n-heptane 95%,2.1,1.89080928338155,group3.xlsx,toluene_n-heptane
group3,toluene_n-heptane,toluene 5% / n-heptane 95%,2.2,1.800406010474598,group3.xlsx,toluene_n-heptane
group3,toluene_n-heptane,toluene 5% / n-heptane 95%,2.3,2.486903308586336,group3.xlsx,toluene_n-heptane
group3,toluene_n-heptane,toluene 5% / n-heptane 95%,2.4,2.580194046512265,group3.xlsx,toluene_n-heptane
group3,toluene_n-heptane,toluene 5% / n-heptane 95%,2.5,2.687865969460929,group3.xlsx,toluene_n-heptane
group3,toluene_n-heptane,toluene 5% / n-heptane 95%,2.6,2.677806492362939,group3.xlsx,toluene_n-heptane
group3,toluene_n-heptane,toluene 5% / n-heptane 95%,2.7,2.757555600466988,group3.xlsx,toluene_n-heptane
group3,toluene_n-heptane,toluene 5% / n-heptane 95%,2.8,2.764356251059673,group3.xlsx,toluene_n-heptane
group3,toluene_n-heptane,toluene 5% / n-heptane 95%,2.9,2.682577562990212,group3.xlsx,toluene_n-heptane
group3,toluene_n-heptane,toluene 5% / n-heptane 95%,3.0,2.573020613701921,group3.xlsx,toluene_n-heptane
group3,toluene_n-heptane,toluene 5% / n-heptane 95%,3.1,2.405699808891157,group3.xlsx,toluene_n-heptane
group3,toluene_n-heptane,toluene 5% / n-heptane 95%,3.2,2.354812976405506,group3.xlsx,toluene_n-heptane
group3,toluene_n-heptane,toluene 5% / n-heptane 95%,3.3,2.27614516012347,group3.xlsx,toluene_n-heptane
group3,toluene_n-heptane,toluene 5% / n-heptane 95%,3.4,2.594067230174306,group3.xlsx,toluene_n-heptane
group3,toluene_n-heptane,toluene 5% / n-heptane 95%,3.5,2.513014083413244,group3.xlsx,toluene_n-heptane
group3,toluene_n-heptane,toluene 5% / n-heptane 95%,3.6,1.827812621800323,group3.xlsx,toluene_n-heptane
group3,toluene_n-heptane,toluene 5% / n-heptane 95%,3.7,1.927383306108023,group3.xlsx,toluene_n-heptane
group3,toluene_n-heptane,toluene 5% / n-heptane 95%,3.8,1.755607541311628,group3.xlsx,toluene_n-heptane
group3,toluene_n-heptane,toluene 5% / n-heptane 95%,3.9,1.67597077895969,group3.xlsx,toluene_n-heptane
group3,toluene_n-heptane,toluene 5% / n-heptane 95%,4.0,1.567291843806689,group3.xlsx,toluene_n-heptane
group3,toluene_n-heptane,toluene 5% / n-heptane 95%,4.1,1.60963166233612,group3.xlsx,toluene_n-heptane
group3,toluene_n-heptane,toluene 5% / n-heptane 95%,4.2,1.7510253290573,group3.xlsx,toluene_n-heptane
group3,toluene_n-heptane,toluene 5% / n-heptane 95%,4.3,2.029833272949403,group3.xlsx,toluene_n-heptane
group3,toluene_n-heptane,toluene 5% / n-heptane 95%,4.4,2.184940673558937,group3.xlsx,toluene_n-heptane
group3,toluene_n-heptane,toluene 5% / n-heptane 95%,4.5,1.802137303896756,group3.xlsx,toluene_n-heptane
group3,toluene_n-heptane,toluene 5% / n-heptane 95%,4.6,1.648404982795016,group3.xlsx,toluene_n-heptane
group3,toluene_n-heptane,toluene 5% / n-heptane 95%,4.7,2.173919840667824,group3.xlsx,toluene_n-heptane
group3,toluene_n-heptane,toluene 5% / n-heptane 95%,4.8,1.968877649975287,group3.xlsx,toluene_n-heptane
group3,toluene_n-heptane,toluene 5% / n-heptane 95%,4.9,1.920647289840142,group3.xlsx,toluene_n-heptane
group3,toluene_n-heptane,toluene 5% / n-heptane 95%,5.0,2.055612606459229,group3.xlsx,toluene_n-heptane
group3,toluene_n-heptane,toluene 5% / n-heptane 95%,5.1,1.888774233786914,group3.xlsx,toluene_n-heptane
group3,toluene_n-heptane,toluene 5% / n-heptane 95%,5.2,1.880046240774615,group3.xlsx,toluene_n-heptane
group3,toluene_n-heptane,toluene 5% / n-heptane 95%,5.3,2.069824189009491,group3.xlsx,toluene_n-heptane
group3,toluene_n-heptane,toluene 5% / n-heptane 95%,5.4,1.607564868288057,group3.xlsx,toluene_n-heptane
group3,toluene_n-heptane,toluene 5% / n-heptane 95%,5.5,1.792912745870477,group3.xlsx,toluene_n-heptane
group3,toluene_n-heptane,toluene 5% / n-heptane 95%,5.6,1.788178407090404,group3.xlsx,toluene_n-heptane
group3,toluene_n-heptane,toluene 5% / n-heptane 95%,5.7,2.14991708276478,group3.xlsx,toluene_n-heptane
group3,toluene_n-heptane,toluene 5% / n-heptane 95%,5.8,2.428843755747268,group3.xlsx,toluene_n-heptane
group3,toluene_n-heptane,toluene 5% / n-heptane 95%,5.9,2.260500390342634,group3.xlsx,toluene_n-heptane
group3,toluene_n-heptane,toluene 5% / n-heptane 95%,6.0,2.281580816470051,group3.xlsx,toluene_n-heptane
group3,toluene_n-heptane,toluene 5% / n-heptane 95%,6.1,2.418000377923443,group3.xlsx,toluene_n-heptane
group3,toluene_n-heptane,toluene 5% / n-heptane 95%,6.2,2.877813221516078,group3.xlsx,toluene_n-heptane
group3,toluene_n-heptane,toluene 5% / n-heptane 95%,6.3,2.788328079821608,group3.xlsx,toluene_n-heptane
group3,toluene_n-heptane,toluene 5% / n-heptane 95%,6.4,2.577094171706499,group3.xlsx,toluene_n-heptane
group3,toluene_n-heptane,toluene 5% / n-heptane 95%,6.5,2.822764288842265,group3.xlsx,toluene_n-heptane
group3,toluene_n-heptane,toluene 5% / n-heptane 95%,6.6,2.940668453293412,group3.xlsx,toluene_n-heptane
group3,toluene_n-heptane,toluene 5% / n-heptane 95%,6.7,2.83115795630461,group3.xlsx,toluene_n-heptane
group3,toluene_n-heptane,toluene 5% / n-heptane 95%,6.8,3.086440583392627,group3.xlsx,toluene_n-heptane
group3,toluene_n-heptane,toluene 5% / n-heptane 95%,6.9,3.444576189964684,group3.xlsx,toluene_n-heptane
group3,toluene_n-heptane,toluene 5% / n-heptane 95%,7.0,3.186238380640187,group3.xlsx,toluene_n-heptane
group3,toluene_n-heptane,toluene 5% / n-heptane 95%,7.1,3.190384490086647,group3.xlsx,toluene_n-heptane
group3,toluene_n-heptane,toluene 5% / n-heptane 95%,7.2,3.300001220622692,group3.xlsx,toluene_n-heptane
group3,toluene_n-heptane,toluene 5% / n-heptane 95%,7.3,3.116482594966916,group3.xlsx,toluene_n-heptane
group3,toluene_n-heptane,toluene 5% / n-heptane 95%,7.4,3.434630572542791,group3.xlsx,toluene_n-heptane
group3,toluene_n-heptane,toluene 5% / n-heptane 95%,7.5,3.149235359295742,group3.xlsx,toluene_n-heptane
group3,toluene_n-heptane,toluene 5% / n-heptane 95%,7.6,2.930882607225076,group3.xlsx,toluene_n-heptane
group3,toluene_n-heptane,toluene 5% / n-heptane 95%,7.7,3.318878678623062,group3.xlsx,toluene_n-heptane
group3,toluene_n-heptane,toluene 5% / n-heptane 95%,7.8,3.235114957579882,group3.xlsx,toluene_n-heptane
group3,toluene_n-heptane,toluene 5% / n-heptane 95%,7.9,3.199555873398426,group3.xlsx,toluene_n-heptane
group3,toluene_n-heptane,toluene 5% / n-heptane 95%,8.0,3.205684353885739,group3.xlsx,toluene_n-heptane
group3,toluene_n-heptane,toluene 5% / n-heptane 95%,8.1,2.366755816060417,group3.xlsx,toluene_n-heptane
group3,toluene_n-heptane,toluene 5% / n-heptane 95%,8.2,2.6554285511376,group3.xlsx,toluene_n-heptane
group3,toluene_n-heptane,toluene 5% / n-heptane 95%,8.3,2.677604839784559,group3.xlsx,toluene_n-heptane
group3,toluene_n-heptane,toluene 5% / n-heptane 95%,8.4,2.979561191543885,group3.xlsx,toluene_n-heptane
group3,toluene_n-heptane,toluene 5% / n-heptane 95%,8.5,2.240529433290526,group3.xlsx,toluene_n-heptane
group3,toluene_n-heptane,toluene 5% / n-heptane 95%,8.6,2.324594997485792,group3.xlsx,toluene_n-heptane
group3,toluene_n-heptane,toluene 5% / n-heptane 95%,8.7,2.710077523174514,group3.xlsx,toluene_n-heptane
group3,toluene_n-heptane,toluene 5% / n-heptane 95%,8.8,2.91276173314454,group3.xlsx,toluene_n-heptane
group3,toluene_n-heptane,toluene 5% / n-heptane 95%,8.9,3.294143580947517,group3.xlsx,toluene_n-heptane
group3,toluene_n-heptane,toluene 5% / n-heptane 95%,9.0,3.319770386543665,group3.xlsx,toluene_n-heptane
group3,toluene_n-heptane,toluene 5% / n-heptane 95%,9.1,3.246052542155523,group3.xlsx,toluene_n-heptane
group3,toluene_n-heptane,toluene 5% / n-heptane 95%,9.2,3.22333428445416,group3.xlsx,toluene_n-heptane
group3,toluene_n-heptane,toluene 5% / n-heptane 95%,9.3,2.850967724299633,group3.xlsx,toluene_n-heptane
group3,toluene_n-heptane,toluene 5% / n-heptane 95%,9.4,2.845316808002345,group3.xlsx,toluene_n-heptane
group3,toluene_n-heptane,toluene 5% / n-heptane 95%,9.5,2.6814050316388,group3.xlsx,toluene_n-heptane
group3,toluene_n-heptane,toluene 5% / n-heptane 95%,9.6,3.046723636572625,group3.xlsx,toluene_n-heptane
group3,toluene_n-heptane,toluene 5% / n-heptane 95%,9.7,2.933541899416182,group3.xlsx,toluene_n-heptane
group3,toluene_n-heptane,toluene 5% / n-heptane 95%,9.8,2.80241527429009,group3.xlsx,toluene_n-heptane
group3,toluene_n-heptane,toluene 5% / n-heptane 95%,9.9,2.845149511143794,group3.xlsx,toluene_n-heptane
group3,toluene_n-heptane,toluene 5% / n-heptane 95%,10.0,3.064594875066951,group3.xlsx,toluene_n-heptane
