group,system,display_label,curve_id,color_hex,marker,alpha,K_alpha_A2_ps_minus_alpha,alpha_fit_r2,fit_tau_min_ps,fit_tau_max_ps,record_type,time_ps,OPA_COM_x_A,OPA_COM_y_A,OPA_COM_z_A,OPA_displacement_from_t0_A,lag_ps,TAMSD_A2,TAMSD_powerlaw_fit_A2,in_alpha_fit_window
group1,acetone_10_n-heptane_90,acetone 10% / n-heptane 90%,group1 | acetone 10% / n-heptane 90%,#bf5e18,o,0.8901040222908211,1.6504909470024345,0.9954162864012377,0.1999999999999999,3.2999999999999994,displacement,0.0,23.82706467691491,23.36812621558184,25.830663686629208,0.0,,,,False
group1,acetone_10_n-heptane_90,acetone 10% / n-heptane 90%,group1 | acetone 10% / n-heptane 90%,#bf5e18,o,0.8901040222908211,1.6504909470024345,0.9954162864012377,0.1999999999999999,3.2999999999999994,displacement,0.1,23.188205188164307,23.61626031282005,26.245304572178338,0.8010237453083835,,,,False
group1,acetone_10_n-heptane_90,acetone 10% / n-heptane 90%,group1 | acetone 10% / n-heptane 90%,#bf5e18,o,0.8901040222908211,1.6504909470024345,0.9954162864012377,0.1999999999999999,3.2999999999999994,displacement,0.2,23.062431597703217,23.400716374890465,26.06315414427992,0.7998610361851347,,,,False
group1,acetone_10_n-heptane_90,acetone 10% / n-heptane 90%,group1 | acetone 10% / n-heptane 90%,#bf5e18,o,0.8901040222908211,1.6504909470024345,0.9954162864012377,0.1999999999999999,3.2999999999999994,displacement,0.3,23.197850698800995,23.75852873355781,25.944183646804543,0.7491402656740119,,,,False
group1,acetone_10_n-heptane_90,acetone 10% / n-heptane 90%,group1 | acetone 10% / n-heptane 90%,#bf5e18,o,0.8901040222908211,1.6504909470024345,0.9954162864012377,0.1999999999999999,3.2999999999999994,displacement,0.4,23.12952614869628,23.67614501684955,26.207894241122357,0.850728200735711,,,,False
group1,acetone_10_n-heptane_90,acetone 10% / n-heptane 90%,group1 | acetone 10% / n-heptane 90%,#bf5e18,o,0.8901040222908211,1.6504909470024345,0.9954162864012377,0.1999999999999999,3.2999999999999994,displacement,0.5,23.073984747488904,23.81646928147719,25.40487667121261,0.9743897922998264,,,,False
group1,acetone_10_n-heptane_90,acetone 10% / n-heptane 90%,group1 | acetone 10% / n-heptane 90%,#bf5e18,o,0.8901040222908211,1.6504909470024345,0.9954162864012377,0.1999999999999999,3.2999999999999994,displacement,0.6,22.9874556873702,23.822732679814862,25.30297875619776,1.0908994813690158,,,,False
group1,acetone_10_n-heptane_90,acetone 10% / n-heptane 90%,group1 | acetone 10% / n-heptane 90%,#bf5e18,o,0.8901040222908211,1.6504909470024345,0.9954162864012377,0.1999999999999999,3.2999999999999994,displacement,0.7,23.3134505576804,23.45982949801452,25.55473222344835,0.5902093932318447,,,,False
group1,acetone_10_n-heptane_90,acetone 10% / n-heptane 90%,group1 | acetone 10% / n-heptane 90%,#bf5e18,o,0.8901040222908211,1.6504909470024345,0.9954162864012377,0.1999999999999999,3.2999999999999994,displacement,0.8,23.26814230276582,23.679689544527296,25.424213535551058,0.7580683699901237,,,,False
group1,acetone_10_n-heptane_90,acetone 10% / n-heptane 90%,group1 | acetone 10% / n-heptane 90%,#bf5e18,o,0.8901040222908211,1.6504909470024345,0.9954162864012377,0.1999999999999999,3.2999999999999994,displacement,0.9,23.04994699479309,23.180481605885145,25.82206191030414,0.7994975809660532,,,,False
group1,acetone_10_n-heptane_90,acetone 10% / n-heptane 90%,group1 | acetone 10% / n-heptane 90%,#bf5e18,o,0.8901040222908211,1.6504909470024345,0.9954162864012377,0.1999999999999999,3.2999999999999994,displacement,1.0,23.425363063563346,23.02100712179124,26.14443617539115,0.6166920026618824,,,,False
group1,acetone_10_n-heptane_90,acetone 10% / n-heptane 90%,group1 | acetone 10% / n-heptane 90%,#bf5e18,o,0.8901040222908211,1.6504909470024345,0.9954162864012377,0.1999999999999999,3.2999999999999994,displacement,1.1,23.088581752278586,23.15523686981079,26.28395898953591,0.892275481653243,,,,False
group1,acetone_10_n-heptane_90,acetone 10% / n-heptane 90%,group1 | acetone 10% / n-heptane 90%,#bf5e18,o,0.8901040222908211,1.6504909470024345,0.9954162864012377,0.1999999999999999,3.2999999999999994,displacement,1.2,23.000190673177887,22.77129693588096,26.003448005963104,1.0343018071008323,,,,False
group1,acetone_10_n-heptane_90,acetone 10% / n-heptane 90%,group1 | acetone 10% / n-heptane 90%,#bf5e18,o,0.8901040222908211,1.6504909470024345,0.9954162864012377,0.1999999999999999,3.2999999999999994,displacement,1.3,22.95609404270251,22.813016565214603,25.83360203489157,1.0328335797608916,,,,False
group1,acetone_10_n-heptane_90,acetone 10% / n-heptane 90%,group1 | acetone 10% / n-heptane 90%,#bf5e18,o,0.8901040222908211,1.6504909470024345,0.9954162864012377,0.1999999999999999,3.2999999999999994,displacement,1.4,22.94156305086921,23.0688316659416,25.66041395129464,0.9500922742320512,,,,False
group1,acetone_10_n-heptane_90,acetone 10% / n-heptane 90%,group1 | acetone 10% / n-heptane 90%,#bf5e18,o,0.8901040222908211,1.6504909470024345,0.9954162864012377,0.1999999999999999,3.2999999999999994,displacement,1.5,23.311104384653262,22.77160525948298,26.1503316635832,0.8510228491325473,,,,False
group1,acetone_10_n-heptane_90,acetone 10% / n-heptane 90%,group1 | acetone 10% / n-heptane 90%,#bf5e18,o,0.8901040222908211,1.6504909470024345,0.9954162864012377,0.1999999999999999,3.2999999999999994,displacement,1.6,23.394733943065702,22.746513346482203,26.405475071823407,0.9506421782194112,,,,False
group1,acetone_10_n-heptane_90,acetone 10% / n-heptane 90%,group1 | acetone 10% / n-heptane 90%,#bf5e18,o,0.8901040222908211,1.6504909470024345,0.9954162864012377,0.1999999999999999,3.2999999999999994,displacement,1.7,23.280346559422888,22.482601924601056,26.967739974417142,1.541426759259303,,,,False
group1,acetone_10_n-heptane_90,acetone 10% / n-heptane 90%,group1 | acetone 10% / n-heptane 90%,#bf5e18,o,0.8901040222908211,1.6504909470024345,0.9954162864012377,0.1999999999999999,3.2999999999999994,displacement,1.8,23.31030127311323,22.17714581952558,26.753477095411498,1.5928161559726253,,,,False
group1,acetone_10_n-heptane_90,acetone 10% / n-heptane 90%,group1 | acetone 10% / n-heptane 90%,#bf5e18,o,0.8901040222908211,1.6504909470024345,0.9954162864012377,0.1999999999999999,3.2999999999999994,displacement,1.9,23.23997692457096,21.829569234045803,26.50588714690905,1.7798191862371409,,,,False
group1,acetone_10_n-heptane_90,acetone 10% / n-heptane 90%,group1 | acetone 10% / n-heptane 90%,#bf5e18,o,0.8901040222908211,1.6504909470024345,0.9954162864012377,0.1999999999999999,3.2999999999999994,displacement,2.0,23.39771207000723,21.683275118145293,25.91228104915864,1.7406114659675824,,,,False
group1,acetone_10_n-heptane_90,acetone 10% / n-heptane 90%,group1 | acetone 10% / n-heptane 90%,#bf5e18,o,0.8901040222908211,1.6504909470024345,0.9954162864012377,0.1999999999999999,3.2999999999999994,displacement,2.1,23.40225460651192,21.839254316882688,25.470982974390235,1.6270473543521948,,,,False
group1,acetone_10_n-heptane_90,acetone 10% / n-heptane 90%,group1 | acetone 10% / n-heptane 90%,#bf5e18,o,0.8901040222908211,1.6504909470024345,0.9954162864012377,0.1999999999999999,3.2999999999999994,displacement,2.2,23.49621610528737,21.472281179139344,25.61172242698752,1.9369110600967503,,,,False
group1,acetone_10_n-heptane_90,acetone 10% / n-heptane 90%,group1 | acetone 10% / n-heptane 90%,#bf5e18,o,0.8901040222908211,1.6504909470024345,0.9954162864012377,0.1999999999999999,3.2999999999999994,displacement,2.3,23.62753926978939,21.83314444226246,25.546938042916988,1.5736834730692275,,,,False
group1,acetone_10_n-heptane_90,acetone 10% / n-heptane 90%,group1 | acetone 10% / n-heptane 90%,#bf5e18,o,0.8901040222908211,1.6504909470024345,0.9954162864012377,0.1999999999999999,3.2999999999999994,displacement,2.4,23.76586491440917,21.72956887617944,25.705365015741613,1.6444802590382257,,,,False
group1,acetone_10_n-heptane_90,acetone 10% / n-heptane 90%,group1 | acetone 10% / n-heptane 90%,#bf5e18,o,0.8901040222908211,1.6504909470024345,0.9954162864012377,0.1999999999999999,3.2999999999999994,displacement,2.5,23.642834722260027,21.43694279463759,25.39750142432282,1.9877222207865104,,,,False
group1,acetone_10_n-heptane_90,acetone 10% / n-heptane 90%,group1 | acetone 10% / n-heptane 90%,#bf5e18,o,0.8901040222908211,1.6504909470024345,0.9954162864012377,0.1999999999999999,3.2999999999999994,displacement,2.6,23.533018094503383,21.283213018548768,25.734815153871622,2.107727063218182,,,,False
group1,acetone_10_n-heptane_90,acetone 10% / n-heptane 90%,group1 | acetone 10% / n-heptane 90%,#bf5e18,o,0.8901040222908211,1.6504909470024345,0.9954162864012377,0.1999999999999999,3.2999999999999994,displacement,2.7,23.764931839160955,21.572873968170565,25.58272291543861,1.8133575894955676,,,,False
group1,acetone_10_n-heptane_90,acetone 10% / n-heptane 90%,group1 | acetone 10% / n-heptane 90%,#bf5e18,o,0.8901040222908211,1.6504909470024345,0.9954162864012377,0.1999999999999999,3.2999999999999994,displacement,2.8,23.88642569923462,22.06636281053448,25.867473497853165,1.3036359368679866,,,,False
group1,acetone_10_n-heptane_90,acetone 10% / n-heptane 90%,group1 | acetone 10% / n-heptane 90%,#bf5e18,o,0.8901040222908211,1.6504909470024345,0.9954162864012377,0.1999999999999999,3.2999999999999994,displacement,2.9,23.771003291005982,22.014414850796687,26.027372817969788,1.369076995822833,,,,False
group1,acetone_10_n-heptane_90,acetone 10% / n-heptane 90%,group1 | acetone 10% / n-heptane 90%,#bf5e18,o,0.8901040222908211,1.6504909470024345,0.9954162864012377,0.1999999999999999,3.2999999999999994,displacement,3.0,23.557080611846,22.138651099789325,26.37979360144477,1.3733332148788575,,,,False
group1,acetone_10_n-heptane_90,acetone 10% / n-heptane 90%,group1 | acetone 10% / n-heptane 90%,#bf5e18,o,0.8901040222908211,1.6504909470024345,0.9954162864012377,0.1999999999999999,3.2999999999999994,displacement,3.1,22.96489965227704,22.334315892132736,26.53553113509604,1.5195165133972413,,,,False
group1,acetone_10_n-heptane_90,acetone 10% / n-heptane 90%,group1 | acetone 10% / n-heptane 90%,#bf5e18,o,0.8901040222908211,1.6504909470024345,0.9954162864012377,0.1999999999999999,3.2999999999999994,displacement,3.2,22.987459539695656,22.316721875858683,26.4405319960758,1.477270194277572,,,,False
group1,acetone_10_n-heptane_90,acetone 10% / n-heptane 90%,group1 | acetone 10% / n-heptane 90%,#bf5e18,o,0.8901040222908211,1.6504909470024345,0.9954162864012377,0.1999999999999999,3.2999999999999994,displacement,3.3,23.06694251463831,22.821977740055395,26.26434008324785,1.0315711686006173,,,,False
group1,acetone_10_n-heptane_90,acetone 10% / n-heptane 90%,group1 | acetone 10% / n-heptane 90%,#bf5e18,o,0.8901040222908211,1.6504909470024345,0.9954162864012377,0.1999999999999999,3.2999999999999994,displacement,3.4,22.762970371916836,22.62354041997197,26.828900013413676,1.6380416542522558,,,,False
group1,acetone_10_n-heptane_90,acetone 10% / n-heptane 90%,group1 | acetone 10% / n-heptane 90%,#bf5e18,o,0.8901040222908211,1.6504909470024345,0.9954162864012377,0.1999999999999999,3.2999999999999994,displacement,3.5,22.34378037966335,22.680906333493,26.944161999190843,1.977948928786803,,,,False
group1,acetone_10_n-heptane_90,acetone 10% / n-heptane 90%,group1 | acetone 10% / n-heptane 90%,#bf5e18,o,0.8901040222908211,1.6504909470024345,0.9954162864012377,0.1999999999999999,3.2999999999999994,displacement,3.6,22.56055561828602,23.051636383031028,26.802020068518537,1.6271890579567605,,,,False
group1,acetone_10_n-heptane_90,acetone 10% / n-heptane 90%,group1 | acetone 10% / n-heptane 90%,#bf5e18,o,0.8901040222908211,1.6504909470024345,0.9954162864012377,0.1999999999999999,3.2999999999999994,displacement,3.7,22.99588516944349,22.74553550470972,26.39176018892042,1.1803846202776953,,,,False
group1,acetone_10_n-heptane_90,acetone 10% / n-heptane 90%,group1 | acetone 10% / n-heptane 90%,#bf5e18,o,0.8901040222908211,1.6504909470024345,0.9954162864012377,0.1999999999999999,3.2999999999999994,displacement,3.8,22.707867265201628,22.70530555939202,26.531608543522783,1.4775851112755485,,,,False
group1,acetone_10_n-heptane_90,acetone 10% / n-heptane 90%,group1 | acetone 10% / n-heptane 90%,#bf5e18,o,0.8901040222908211,1.6504909470024345,0.9954162864012377,0.1999999999999999,3.2999999999999994,displacement,3.9,23.164576043781917,22.963714102967504,26.44263342894413,0.9884064504891752,,,,False
group1,acetone_10_n-heptane_90,acetone 10% / n-heptane 90%,group1 | acetone 10% / n-heptane 90%,#bf5e18,o,0.8901040222908211,1.6504909470024345,0.9954162864012377,0.1999999999999999,3.2999999999999994,displacement,4.0,23.115496902038743,22.837653732262684,25.57775558364408,0.9228717475123758,,,,False
group1,acetone_10_n-heptane_90,acetone 10% / n-heptane 90%,group1 | acetone 10% / n-heptane 90%,#bf5e18,o,0.8901040222908211,1.6504909470024345,0.9954162864012377,0.1999999999999999,3.2999999999999994,displacement,4.1,23.552746877243877,22.809055273452906,25.122453080651017,0.9430656583553928,,,,False
group1,acetone_10_n-heptane_90,acetone 10% / n-heptane 90%,group1 | acetone 10% / n-heptane 90%,#bf5e18,o,0.8901040222908211,1.6504909470024345,0.9954162864012377,0.1999999999999999,3.2999999999999994,displacement,4.2,23.4189723947696,23.075916006035065,25.23665023311097,0.7776748036747725,,,,False
group1,acetone_10_n-heptane_90,acetone 10% / n-heptane 90%,group1 | acetone 10% / n-heptane 90%,#bf5e18,o,0.8901040222908211,1.6504909470024345,0.9954162864012377,0.1999999999999999,3.2999999999999994,displacement,4.3,23.44475736505299,23.424977707926264,24.980112324166164,0.934252959895026,,,,False
group1,acetone_10_n-heptane_90,acetone 10% / n-heptane 90%,group1 | acetone 10% / n-heptane 90%,#bf5e18,o,0.8901040222908211,1.6504909470024345,0.9954162864012377,0.1999999999999999,3.2999999999999994,displacement,4.4,23.329217536295435,23.43386989218525,25.06311798797285,0.9172242942498864,,,,False
group1,acetone_10_n-heptane_90,acetone 10% / n-heptane 90%,group1 | acetone 10% / n-heptane 90%,#bf5e18,o,0.8901040222908211,1.6504909470024345,0.9954162864012377,0.1999999999999999,3.2999999999999994,displacement,4.5,23.688140973760103,23.349251279760463,25.06014355483555,0.7831713299143589,,,,False
group1,acetone_10_n-heptane_90,acetone 10% / n-heptane 90%,group1 | acetone 10% / n-heptane 90%,#bf5e18,o,0.8901040222908211,1.6504909470024345,0.9954162864012377,0.1999999999999999,3.2999999999999994,displacement,4.6,23.56534188112433,23.38250889225579,25.506566081420463,0.4168272315082018,,,,False
group1,acetone_10_n-heptane_90,acetone 10% / n-heptane 90%,group1 | acetone 10% / n-heptane 90%,#bf5e18,o,0.8901040222908211,1.6504909470024345,0.9954162864012377,0.1999999999999999,3.2999999999999994,displacement,4.7,23.568087429764063,23.49732060640048,25.5852045401726,0.3794872827118694,,,,False
group1,acetone_10_n-heptane_90,acetone 10% / n-heptane 90%,group1 | acetone 10% / n-heptane 90%,#bf5e18,o,0.8901040222908211,1.6504909470024345,0.9954162864012377,0.1999999999999999,3.2999999999999994,displacement,4.8,23.585033341872347,23.1521371452602,25.94943701770053,0.3454526737697495,,,,False
group1,acetone_10_n-heptane_90,acetone 10% / n-heptane 90%,group1 | acetone 10% / n-heptane 90%,#bf5e18,o,0.8901040222908211,1.6504909470024345,0.9954162864012377,0.1999999999999999,3.2999999999999994,displacement,4.9,23.62925594456765,23.04700258662142,25.449378375705617,0.5363088363952607,,,,False
group1,acetone_10_n-heptane_90,acetone 10% / n-heptane 90%,group1 | acetone 10% / n-heptane 90%,#bf5e18,o,0.8901040222908211,1.6504909470024345,0.9954162864012377,0.1999999999999999,3.2999999999999994,displacement,5.0,23.753095494837183,23.25183827770511,25.287749746340516,0.5601337973669026,,,,False
group1,acetone_10_n-heptane_90,acetone 10% / n-heptane 90%,group1 | acetone 10% / n-heptane 90%,#bf5e18,o,0.8901040222908211,1.6504909470024345,0.9954162864012377,0.1999999999999999,3.2999999999999994,displacement,5.1,23.97843361128312,23.37136925701916,25.34083508510788,0.5126939930191041,,,,False
group1,acetone_10_n-heptane_90,acetone 10% / n-heptane 90%,group1 | acetone 10% / n-heptane 90%,#bf5e18,o,0.8901040222908211,1.6504909470024345,0.9954162864012377,0.1999999999999999,3.2999999999999994,displacement,5.2,23.782319284604387,23.32961804112241,25.571425272948808,0.2658751300154846,,,,False
group1,acetone_10_n-heptane_90,acetone 10% / n-heptane 90%,group1 | acetone 10% / n-heptane 90%,#bf5e18,o,0.8901040222908211,1.6504909470024345,0.9954162864012377,0.1999999999999999,3.2999999999999994,displacement,5.3,23.73187586037793,23.2490020102952,25.768209204920627,0.164778789182263,,,,False
group1,acetone_10_n-heptane_90,acetone 10% / n-heptane 90%,group1 | acetone 10% / n-heptane 90%,#bf5e18,o,0.8901040222908211,1.6504909470024345,0.9954162864012377,0.1999999999999999,3.2999999999999994,displacement,5.4,23.475545555115783,23.028878782308,26.279805953172747,0.6636138105624289,,,,False
group1,acetone_10_n-heptane_90,acetone 10% / n-heptane 90%,group1 | acetone 10% / n-heptane 90%,#bf5e18,o,0.8901040222908211,1.6504909470024345,0.9954162864012377,0.1999999999999999,3.2999999999999994,displacement,5.5,23.503826741420493,23.0707810853047,26.18711357302612,0.5656442441628796,,,,False
group1,acetone_10_n-heptane_90,acetone 10% / n-heptane 90%,group1 | acetone 10% / n-heptane 90%,#bf5e18,o,0.8901040222908211,1.6504909470024345,0.9954162864012377,0.1999999999999999,3.2999999999999994,displacement,5.6,23.91520767071412,23.491770433083207,26.041029889343772,0.2594436723490458,,,,False
group1,acetone_10_n-heptane_90,acetone 10% / n-heptane 90%,group1 | acetone 10% / n-heptane 90%,#bf5e18,o,0.8901040222908211,1.6504909470024345,0.9954162864012377,0.1999999999999999,3.2999999999999994,displacement,5.7,24.00579347471616,23.340976485297297,26.269242753322786,0.4743761047521346,,,,False
group1,acetone_10_n-heptane_90,acetone 10% / n-heptane 90%,group1 | acetone 10% / n-heptane 90%,#bf5e18,o,0.8901040222908211,1.6504909470024345,0.9954162864012377,0.1999999999999999,3.2999999999999994,displacement,5.8,23.92780709927342,23.21900312373789,26.11653386469189,0.3377994832579658,,,,False
group1,acetone_10_n-heptane_90,acetone 10% / n-heptane 90%,group1 | acetone 10% / n-heptane 90%,#bf5e18,o,0.8901040222908211,1.6504909470024345,0.9954162864012377,0.1999999999999999,3.2999999999999994,displacement,5.9,24.10916580878398,22.87335474103815,26.19424076590911,0.6756982708292599,,,,False
group1,acetone_10_n-heptane_90,acetone 10% / n-heptane 90%,group1 | acetone 10% / n-heptane 90%,#bf5e18,o,0.8901040222908211,1.6504909470024345,0.9954162864012377,0.1999999999999999,3.2999999999999994,displacement,6.0,24.267574882137414,22.844140982372732,26.11080718497132,0.739655423281493,,,,False
group1,acetone_10_n-heptane_90,acetone 10% / n-heptane 90%,group1 | acetone 10% / n-heptane 90%,#bf5e18,o,0.8901040222908211,1.6504909470024345,0.9954162864012377,0.1999999999999999,3.2999999999999994,displacement,6.1,23.979373748496258,22.709663355454666,26.153814418199328,0.7491313548151168,,,,False
group1,acetone_10_n-heptane_90,acetone 10% / n-heptane 90%,group1 | acetone 10% / n-heptane 90%,#bf5e18,o,0.8901040222908211,1.6504909470024345,0.9954162864012377,0.1999999999999999,3.2999999999999994,displacement,6.2,23.814084881478102,22.484436712428057,26.25011747855219,0.978272506325476,,,,False
group1,acetone_10_n-heptane_90,acetone 10% / n-heptane 90%,group1 | acetone 10% / n-heptane 90%,#bf5e18,o,0.8901040222908211,1.6504909470024345,0.9954162864012377,0.1999999999999999,3.2999999999999994,displacement,6.3,23.669422683510973,22.721925301578864,25.97636520097185,0.68092257314939,,,,False
group1,acetone_10_n-heptane_90,acetone 10% / n-heptane 90%,group1 | acetone 10% / n-heptane 90%,#bf5e18,o,0.8901040222908211,1.6504909470024345,0.9954162864012377,0.1999999999999999,3.2999999999999994,displacement,6.4,23.56856822993688,22.935354938465988,26.31066425278674,0.6960689153440947,,,,False
group1,acetone_10_n-heptane_90,acetone 10% / n-heptane 90%,group1 | acetone 10% / n-heptane 90%,#bf5e18,o,0.8901040222908211,1.6504909470024345,0.9954162864012377,0.1999999999999999,3.2999999999999994,displacement,6.5,23.796963699718876,22.76868947627625,26.29837967864294,0.7609130846836996,,,,False
group1,acetone_10_n-heptane_90,acetone 10% / n-heptane 90%,group1 | acetone 10% / n-heptane 90%,#bf5e18,o,0.8901040222908211,1.6504909470024345,0.9954162864012377,0.1999999999999999,3.2999999999999994,displacement,6.6,23.893180438863684,22.851157406068328,25.869942486783447,0.5226575055707513,,,,False
group1,acetone_10_n-heptane_90,acetone 10% / n-heptane 90%,group1 | acetone 10% / n-heptane 90%,#bf5e18,o,0.8901040222908211,1.6504909470024345,0.9954162864012377,0.1999999999999999,3.2999999999999994,displacement,6.7,23.73177564459637,22.81593057115916,25.818732057525192,0.5604840704004532,,,,False
group1,acetone_10_n-heptane_90,acetone 10% / n-heptane 90%,group1 | acetone 10% / n-heptane 90%,#bf5e18,o,0.8901040222908211,1.6504909470024345,0.9954162864012377,0.1999999999999999,3.2999999999999994,displacement,6.8,23.549242129523893,22.428907025414464,26.15876152779621,1.0329405831876015,,,,False
group1,acetone_10_n-heptane_90,acetone 10% / n-heptane 90%,group1 | acetone 10% / n-heptane 90%,#bf5e18,o,0.8901040222908211,1.6504909470024345,0.9954162864012377,0.1999999999999999,3.2999999999999994,displacement,6.9,24.13479902193878,22.62911156450314,25.97036888748397,0.8126257593518117,,,,False
group1,acetone_10_n-heptane_90,acetone 10% / n-heptane 90%,group1 | acetone 10% / n-heptane 90%,#bf5e18,o,0.8901040222908211,1.6504909470024345,0.9954162864012377,0.1999999999999999,3.2999999999999994,displacement,7.0,24.032839474339895,22.61406203614475,25.798222548207267,0.7823097094038479,,,,False
group1,acetone_10_n-heptane_90,acetone 10% / n-heptane 90%,group1 | acetone 10% / n-heptane 90%,#bf5e18,o,0.8901040222908211,1.6504909470024345,0.9954162864012377,0.1999999999999999,3.2999999999999994,displacement,7.1,24.221788052880264,22.7349126518763,25.102733790125203,1.042424047601783,,,,False
group1,acetone_10_n-heptane_90,acetone 10% / n-heptane 90%,group1 | acetone 10% / n-heptane 90%,#bf5e18,o,0.8901040222908211,1.6504909470024345,0.9954162864012377,0.1999999999999999,3.2999999999999994,displacement,7.2,24.09253512999781,22.83695808687436,25.34615069516933,0.7663987090986252,,,,False
group1,acetone_10_n-heptane_90,acetone 10% / n-heptane 90%,group1 | acetone 10% / n-heptane 90%,#bf5e18,o,0.8901040222908211,1.6504909470024345,0.9954162864012377,0.1999999999999999,3.2999999999999994,displacement,7.3,24.24790869704548,22.76965861724912,25.594858975618084,0.7686852524075315,,,,False
group1,acetone_10_n-heptane_90,acetone 10% / n-heptane 90%,group1 | acetone 10% / n-heptane 90%,#bf5e18,o,0.8901040222908211,1.6504909470024345,0.9954162864012377,0.1999999999999999,3.2999999999999994,displacement,7.4,24.221035190884862,22.75263226941926,25.536140488979218,0.7879019466878525,,,,False
group1,acetone_10_n-heptane_90,acetone 10% / n-heptane 90%,group1 | acetone 10% / n-heptane 90%,#bf5e18,o,0.8901040222908211,1.6504909470024345,0.9954162864012377,0.1999999999999999,3.2999999999999994,displacement,7.5,24.31095433914832,22.52937317252248,25.51262162282625,1.0192186354289956,,,,False
group1,acetone_10_n-heptane_90,acetone 10% / n-heptane 90%,group1 | acetone 10% / n-heptane 90%,#bf5e18,o,0.8901040222908211,1.6504909470024345,0.9954162864012377,0.1999999999999999,3.2999999999999994,displacement,7.6,24.078132822314657,22.047903507758985,25.106722182925896,1.5264712616586624,,,,False
group1,acetone_10_n-heptane_90,acetone 10% / n-heptane 90%,group1 | acetone 10% / n-heptane 90%,#bf5e18,o,0.8901040222908211,1.6504909470024345,0.9954162864012377,0.1999999999999999,3.2999999999999994,displacement,7.7,24.157271193520536,22.234021061018105,24.93039227815983,1.4851664735390078,,,,False
group1,acetone_10_n-heptane_90,acetone 10% / n-heptane 90%,group1 | acetone 10% / n-heptane 90%,#bf5e18,o,0.8901040222908211,1.6504909470024345,0.9954162864012377,0.1999999999999999,3.2999999999999994,displacement,7.8,24.46942235581714,21.692395746021177,24.80444446314852,2.0673223959750358,,,,False
group1,acetone_10_n-heptane_90,acetone 10% / n-heptane 90%,group1 | acetone 10% / n-heptane 90%,#bf5e18,o,0.8901040222908211,1.6504909470024345,0.9954162864012377,0.1999999999999999,3.2999999999999994,displacement,7.9,24.246330636420097,21.67440648470833,24.733764455672816,2.06098481178847,,,,False
group1,acetone_10_n-heptane_90,acetone 10% / n-heptane 90%,group1 | acetone 10% / n-heptane 90%,#bf5e18,o,0.8901040222908211,1.6504909470024345,0.9954162864012377,0.1999999999999999,3.2999999999999994,displacement,8.0,24.387183589245264,21.250329425709293,24.18599959701763,2.739291223437639,,,,False
group1,acetone_10_n-heptane_90,acetone 10% / n-heptane 90%,group1 | acetone 10% / n-heptane 90%,#bf5e18,o,0.8901040222908211,1.6504909470024345,0.9954162864012377,0.1999999999999999,3.2999999999999994,displacement,8.1,24.8176807351421,21.48616508120205,24.44945979708523,2.5359065579443314,,,,False
group1,acetone_10_n-heptane_90,acetone 10% / n-heptane 90%,group1 | acetone 10% / n-heptane 90%,#bf5e18,o,0.8901040222908211,1.6504909470024345,0.9954162864012377,0.1999999999999999,3.2999999999999994,displacement,8.2,24.79864036173998,21.24667513902513,24.75834648534332,2.567952133849172,,,,False
group1,acetone_10_n-heptane_90,acetone 10% / n-heptane 90%,group1 | acetone 10% / n-heptane 90%,#bf5e18,o,0.8901040222908211,1.6504909470024345,0.9954162864012377,0.1999999999999999,3.2999999999999994,displacement,8.3,24.555510536211973,21.110408086991686,24.67018391035773,2.6409539619665385,,,,False
group1,acetone_10_n-heptane_90,acetone 10% / n-heptane 90%,group1 | acetone 10% / n-heptane 90%,#bf5e18,o,0.8901040222908211,1.6504909470024345,0.9954162864012377,0.1999999999999999,3.2999999999999994,displacement,8.4,24.51428024411315,20.85437069557539,24.233193070772977,3.056655757308397,,,,False
group1,acetone_10_n-heptane_90,acetone 10% / n-heptane 90%,group1 | acetone 10% / n-heptane 90%,#bf5e18,o,0.8901040222908211,1.6504909470024345,0.9954162864012377,0.1999999999999999,3.2999999999999994,displacement,8.5,24.29198746425265,21.31344490738485,24.395121034761985,2.5492452180537573,,,,False
group1,acetone_10_n-heptane_90,acetone 10% / n-heptane 90%,group1 | acetone 10% / n-heptane 90%,#bf5e18,o,0.8901040222908211,1.6504909470024345,0.9954162864012377,0.1999999999999999,3.2999999999999994,displacement,8.6,24.422326264054607,21.1203722247182,24.374598865578182,2.743512187629177,,,,False
group1,acetone_10_n-heptane_90,acetone 10% / n-heptane 90%,group1 | acetone 10% / n-heptane 90%,#bf5e18,o,0.8901040222908211,1.6504909470024345,0.9954162864012377,0.1999999999999999,3.2999999999999994,displacement,8.7,24.09819713543634,21.19995418381536,24.2772522673034,2.680964342748724,,,,False
group1,acetone_10_n-heptane_90,acetone 10% / n-heptane 90%,group1 | acetone 10% / n-heptane 90%,#bf5e18,o,0.8901040222908211,1.6504909470024345,0.9954162864012377,0.1999999999999999,3.2999999999999994,displacement,8.8,24.91269302966977,21.42930415993155,23.672053817174284,3.09793745131974,,,,False
group1,acetone_10_n-heptane_90,acetone 10% / n-heptane 90%,group1 | acetone 10% / n-heptane 90%,#bf5e18,o,0.8901040222908211,1.6504909470024345,0.9954162864012377,0.1999999999999999,3.2999999999999994,displacement,8.9,24.655765689214,21.14822835593261,23.669076530086745,3.207358868351044,,,,False
group1,acetone_10_n-heptane_90,acetone 10% / n-heptane 90%,group1 | acetone 10% / n-heptane 90%,#bf5e18,o,0.8901040222908211,1.6504909470024345,0.9954162864012377,0.1999999999999999,3.2999999999999994,displacement,9.0,24.864040264286,21.068199418898555,23.80128663341714,3.2378006212565253,,,,False
group1,acetone_10_n-heptane_90,acetone 10% / n-heptane 90%,group1 | acetone 10% / n-heptane 90%,#bf5e18,o,0.8901040222908211,1.6504909470024345,0.9954162864012377,0.1999999999999999,3.2999999999999994,displacement,9.1,25.007632065596017,21.06987000448255,23.72062371987069,3.3358641507699422,,,,False
group1,acetone_10_n-heptane_90,acetone 10% / n-heptane 90%,group1 | acetone 10% / n-heptane 90%,#bf5e18,o,0.8901040222908211,1.6504909470024345,0.9954162864012377,0.1999999999999999,3.2999999999999994,displacement,9.2,25.200211109321643,21.13840051377724,23.805081270160027,3.310618062541866,,,,False
group1,acetone_10_n-heptane_90,acetone 10% / n-heptane 90%,group1 | acetone 10% / n-heptane 90%,#bf5e18,o,0.8901040222908211,1.6504909470024345,0.9954162864012377,0.1999999999999999,3.2999999999999994,displacement,9.3,25.346777906293735,21.17499871678082,23.82054549907301,3.340645394753901,,,,False
group1,acetone_10_n-heptane_90,acetone 10% / n-heptane 90%,group1 | acetone 10% / n-heptane 90%,#bf5e18,o,0.8901040222908211,1.6504909470024345,0.9954162864012377,0.1999999999999999,3.2999999999999994,displacement,9.4,25.60888367193282,20.81736081969778,23.828434378530744,3.700027734768301,,,,False
group1,acetone_10_n-heptane_90,acetone 10% / n-heptane 90%,group1 | acetone 10% / n-heptane 90%,#bf5e18,o,0.8901040222908211,1.6504909470024345,0.9954162864012377,0.1999999999999999,3.2999999999999994,displacement,9.5,25.742595723356143,21.32171952896329,23.711701031086847,3.5138358317514613,,,,False
group1,acetone_10_n-heptane_90,acetone 10% / n-heptane 90%,group1 | acetone 10% / n-heptane 90%,#bf5e18,o,0.8901040222908211,1.6504909470024345,0.9954162864012377,0.1999999999999999,3.2999999999999994,displacement,9.6,25.2667713149104,21.506307725557328,23.94735043966926,3.0142979413887145,,,,False
group1,acetone_10_n-heptane_90,acetone 10% / n-heptane 90%,group1 | acetone 10% / n-heptane 90%,#bf5e18,o,0.8901040222908211,1.6504909470024345,0.9954162864012377,0.1999999999999999,3.2999999999999994,displacement,9.7,25.55611324002368,20.867225781444983,23.548983363781364,3.80133884450274,,,,False
group1,acetone_10_n-heptane_90,acetone 10% / n-heptane 90%,group1 | acetone 10% / n-heptane 90%,#bf5e18,o,0.8901040222908211,1.6504909470024345,0.9954162864012377,0.1999999999999999,3.2999999999999994,displacement,9.8,25.73956075666842,21.138325044374582,23.19151672373348,3.9490190186869847,,,,False
group1,acetone_10_n-heptane_90,acetone 10% / n-heptane 90%,group1 | acetone 10% / n-heptane 90%,#bf5e18,o,0.8901040222908211,1.6504909470024345,0.9954162864012377,0.1999999999999999,3.2999999999999994,displacement,9.9,25.687349692276594,21.4257263639156,23.21352210776877,3.752733345966956,,,,False
group1,acetone_10_n-heptane_90,acetone 10% / n-heptane 90%,group1 | acetone 10% / n-heptane 90%,#bf5e18,o,0.8901040222908211,1.6504909470024345,0.9954162864012377,0.1999999999999999,3.2999999999999994,displacement,10.0,25.462845989991227,21.26554713304701,23.12866070142484,3.794395793084319,,,,False
group1,acetone_10_n-heptane_90,acetone 10% / n-heptane 90%,group1 | acetone 10% / n-heptane 90%,#bf5e18,o,0.8901040222908211,1.6504909470024345,0.9954162864012377,0.1999999999999999,3.2999999999999994,tamsd,,,,,,0.09999999999999998,0.21076649616979515,0.2125735005145023,False
group1,acetone_10_n-heptane_90,acetone 10% / n-heptane 90%,group1 | acetone 10% / n-heptane 90%,#bf5e18,o,0.8901040222908211,1.6504909470024345,0.9954162864012377,0.1999999999999999,3.2999999999999994,tamsd,,,,,,0.19999999999999996,0.3814005358861938,0.3939645406076942,True
group1,acetone_10_n-heptane_90,acetone 10% / n-heptane 90%,group1 | acetone 10% / n-heptane 90%,#bf5e18,o,0.8901040222908211,1.6504909470024345,0.9954162864012377,0.1999999999999999,3.2999999999999994,tamsd,,,,,,0.29999999999999993,0.5357265034410738,0.5651928669980326,True
group1,acetone_10_n-heptane_90,acetone 10% / n-heptane 90%,group1 | acetone 10% / n-heptane 90%,#bf5e18,o,0.8901040222908211,1.6504909470024345,0.9954162864012377,0.1999999999999999,3.2999999999999994,tamsd,,,,,,0.3999999999999999,0.7013060094409967,0.7301383233590908,True
group1,acetone_10_n-heptane_90,acetone 10% / n-heptane 90%,group1 | acetone 10% / n-heptane 90%,#bf5e18,o,0.8901040222908211,1.6504909470024345,0.9954162864012377,0.1999999999999999,3.2999999999999994,tamsd,,,,,,0.4999999999999999,0.8773416938928635,0.8905640026145825,True
group1,acetone_10_n-heptane_90,acetone 10% / n-heptane 90%,group1 | acetone 10% / n-heptane 90%,#bf5e18,o,0.8901040222908211,1.6504909470024345,0.9954162864012377,0.1999999999999999,3.2999999999999994,tamsd,,,,,,0.5999999999999999,1.032895297829536,1.047477449741835,True
group1,acetone_10_n-heptane_90,acetone 10% / n-heptane 90%,group1 | acetone 10% / n-heptane 90%,#bf5e18,o,0.8901040222908211,1.6504909470024345,0.9954162864012377,0.1999999999999999,3.2999999999999994,tamsd,,,,,,0.6999999999999998,1.1726868466230156,1.201529087283428,True
group1,acetone_10_n-heptane_90,acetone 10% / n-heptane 90%,group1 | acetone 10% / n-heptane 90%,#bf5e18,o,0.8901040222908211,1.6504909470024345,0.9954162864012377,0.1999999999999999,3.2999999999999994,tamsd,,,,,,0.7999999999999998,1.3295951273475146,1.353172471855739,True
group1,acetone_10_n-heptane_90,acetone 10% / n-heptane 90%,group1 | acetone 10% / n-heptane 90%,#bf5e18,o,0.8901040222908211,1.6504909470024345,0.9954162864012377,0.1999999999999999,3.2999999999999994,tamsd,,,,,,0.8999999999999998,1.5250338417722507,1.502741292457865,True
group1,acetone_10_n-heptane_90,acetone 10% / n-heptane 90%,group1 | acetone 10% / n-heptane 90%,#bf5e18,o,0.8901040222908211,1.6504909470024345,0.9954162864012377,0.1999999999999999,3.2999999999999994,tamsd,,,,,,0.9999999999999998,1.715494041260307,1.650490947002434,True
group1,acetone_10_n-heptane_90,acetone 10% / n-heptane 90%,group1 | acetone 10% / n-heptane 90%,#bf5e18,o,0.8901040222908211,1.6504909470024345,0.9954162864012377,0.1999999999999999,3.2999999999999994,tamsd,,,,,,1.0999999999999996,1.9062221739409348,1.796622946122526,True
group1,acetone_10_n-heptane_90,acetone 10% / n-heptane 90%,group1 | acetone 10% / n-heptane 90%,#bf5e18,o,0.8901040222908211,1.6504909470024345,0.9954162864012377,0.1999999999999999,3.2999999999999994,tamsd,,,,,,1.1999999999999997,2.071484686928896,1.9413001681096549,True
group1,acetone_10_n-heptane_90,acetone 10% / n-heptane 90%,group1 | acetone 10% / n-heptane 90%,#bf5e18,o,0.8901040222908211,1.6504909470024345,0.9954162864012377,0.1999999999999999,3.2999999999999994,tamsd,,,,,,1.2999999999999998,2.196171432089331,2.0846568771644995,True
group1,acetone_10_n-heptane_90,acetone 10% / n-heptane 90%,group1 | acetone 10% / n-heptane 90%,#bf5e18,o,0.8901040222908211,1.6504909470024345,0.9954162864012377,0.1999999999999999,3.2999999999999994,tamsd,,,,,,1.3999999999999997,2.3307122852725835,2.226805569615692,True
group1,acetone_10_n-heptane_90,acetone 10% / n-heptane 90%,group1 | acetone 10% / n-heptane 90%,#bf5e18,o,0.8901040222908211,1.6504909470024345,0.9954162864012377,0.1999999999999999,3.2999999999999994,tamsd,,,,,,1.4999999999999996,2.4679465560507428,2.367841808431997,True
group1,acetone_10_n-heptane_90,acetone 10% / n-heptane 90%,group1 | acetone 10% / n-heptane 90%,#bf5e18,o,0.8901040222908211,1.6504909470024345,0.9954162864012377,0.1999999999999999,3.2999999999999994,tamsd,,,,,,1.5999999999999996,2.598577712928753,2.5078477324188144,True
group1,acetone_10_n-heptane_90,acetone 10% / n-heptane 90%,group1 | acetone 10% / n-heptane 90%,#bf5e18,o,0.8901040222908211,1.6504909470024345,0.9954162864012377,0.1999999999999999,3.2999999999999994,tamsd,,,,,,1.6999999999999997,2.715430795968906,2.646894663829962,True
group1,acetone_10_n-heptane_90,acetone 10% / n-heptane 90%,group1 | acetone 10% / n-heptane 90%,#bf5e18,o,0.8901040222908211,1.6504909470024345,0.9954162864012377,0.1999999999999999,3.2999999999999994,tamsd,,,,,,1.7999999999999996,2.832215529834738,2.785045085593751,True
group1,acetone_10_n-heptane_90,acetone 10% / n-heptane 90%,group1 | acetone 10% / n-heptane 90%,#bf5e18,o,0.8901040222908211,1.6504909470024345,0.9954162864012377,0.1999999999999999,3.2999999999999994,tamsd,,,,,,1.8999999999999995,2.9594873006401654,2.9223541671886366,True
group1,acetone_10_n-heptane_90,acetone 10% / n-heptane 90%,group1 | acetone 10% / n-heptane 90%,#bf5e18,o,0.8901040222908211,1.6504909470024345,0.9954162864012377,0.1999999999999999,3.2999999999999994,tamsd,,,,,,1.9999999999999996,3.106533292573696,3.058870960581521,True
group1,acetone_10_n-heptane_90,acetone 10% / n-heptane 90%,group1 | acetone 10% / n-heptane 90%,#bf5e18,o,0.8901040222908211,1.6504909470024345,0.9954162864012377,0.1999999999999999,3.2999999999999994,tamsd,,,,,,2.0999999999999996,3.270936561255348,3.1946393505286443,True
group1,acetone_10_n-heptane_90,acetone 10% / n-heptane 90%,group1 | acetone 10% / n-heptane 90%,#bf5e18,o,0.8901040222908211,1.6504909470024345,0.9954162864012377,0.1999999999999999,3.2999999999999994,tamsd,,,,,,2.1999999999999993,3.419102342047641,3.3296988190026764,True
group1,acetone_10_n-heptane_90,acetone 10% / n-heptane 90%,group1 | acetone 10% / n-heptane 90%,#bf5e18,o,0.8901040222908211,1.6504909470024345,0.9954162864012377,0.1999999999999999,3.2999999999999994,tamsd,,,,,,2.2999999999999994,3.601835228862033,3.4640850669084036,True
group1,acetone_10_n-heptane_90,acetone 10% / n-heptane 90%,group1 | acetone 10% / n-heptane 90%,#bf5e18,o,0.8901040222908211,1.6504909470024345,0.9954162864012377,0.1999999999999999,3.2999999999999994,tamsd,,,,,,2.3999999999999995,3.756445902811983,3.59783052478257,True
group1,acetone_10_n-heptane_90,acetone 10% / n-heptane 90%,group1 | acetone 10% / n-heptane 90%,#bf5e18,o,0.8901040222908211,1.6504909470024345,0.9954162864012377,0.1999999999999999,3.2999999999999994,tamsd,,,,,,2.4999999999999996,3.882685807886752,3.7309647761048104,True
group1,acetone_10_n-heptane_90,acetone 10% / n-heptane 90%,group1 | acetone 10% / n-heptane 90%,#bf5e18,o,0.8901040222908211,1.6504909470024345,0.9954162864012377,0.1999999999999999,3.2999999999999994,tamsd,,,,,,2.5999999999999996,3.939657548709553,3.863514911073089,True
group1,acetone_10_n-heptane_90,acetone 10% / n-heptane 90%,group1 | acetone 10% / n-heptane 90%,#bf5e18,o,0.8901040222908211,1.6504909470024345,0.9954162864012377,0.1999999999999999,3.2999999999999994,tamsd,,,,,,2.6999999999999993,3.9482248364863146,3.995505824502549,True
group1,acetone_10_n-heptane_90,acetone 10% / n-heptane 90%,group1 | acetone 10% / n-heptane 90%,#bf5e18,o,0.8901040222908211,1.6504909470024345,0.9954162864012377,0.1999999999999999,3.2999999999999994,tamsd,,,,,,2.7999999999999994,3.950135808248236,4.126960468416667,True
group1,acetone_10_n-heptane_90,acetone 10% / n-heptane 90%,group1 | acetone 10% / n-heptane 90%,#bf5e18,o,0.8901040222908211,1.6504909470024345,0.9954162864012377,0.1999999999999999,3.2999999999999994,tamsd,,,,,,2.8999999999999995,4.011012107327545,4.257900067594159,True
group1,acetone_10_n-heptane_90,acetone 10% / n-heptane 90%,group1 | acetone 10% / n-heptane 90%,#bf5e18,o,0.8901040222908211,1.6504909470024345,0.9954162864012377,0.1999999999999999,3.2999999999999994,tamsd,,,,,,2.999999999999999,4.122116331839191,4.3883443045948365,True
group1,acetone_10_n-heptane_90,acetone 10% / n-heptane 90%,group1 | acetone 10% / n-heptane 90%,#bf5e18,o,0.8901040222908211,1.6504909470024345,0.9954162864012377,0.1999999999999999,3.2999999999999994,tamsd,,,,,,3.099999999999999,4.226399081061053,4.518311479459592,True
group1,acetone_10_n-heptane_90,acetone 10% / n-heptane 90%,group1 | acetone 10% / n-heptane 90%,#bf5e18,o,0.8901040222908211,1.6504909470024345,0.9954162864012377,0.1999999999999999,3.2999999999999994,tamsd,,,,,,3.1999999999999993,4.303920182841837,4.647818648256309,True
group1,acetone_10_n-heptane_90,acetone 10% / n-heptane 90%,group1 | acetone 10% / n-heptane 90%,#bf5e18,o,0.8901040222908211,1.6504909470024345,0.9954162864012377,0.1999999999999999,3.2999999999999994,tamsd,,,,,,3.2999999999999994,4.34209743939766,4.776881743847308,True
group1,acetone_1_n-heptane_99,acetone 1% / n-heptane 99%,group1 | acetone 1% / n-heptane 99%,#4731d8,s,0.8600190614488402,1.5804427727342865,0.9963673720089933,0.1999999999999999,3.2999999999999994,displacement,0.0,23.32706467691491,22.86812621558184,25.330663686629205,0.0,,,,False
group1,acetone_1_n-heptane_99,acetone 1% / n-heptane 99%,group1 | acetone 1% / n-heptane 99%,#4731d8,s,0.8600190614488402,1.5804427727342865,0.9963673720089933,0.1999999999999999,3.2999999999999994,displacement,0.1,23.600680249312585,23.044373654047007,25.037662529632904,0.4379250152996615,,,,False
group1,acetone_1_n-heptane_99,acetone 1% / n-heptane 99%,group1 | acetone 1% / n-heptane 99%,#4731d8,s,0.8600190614488402,1.5804427727342865,0.9963673720089933,0.1999999999999999,3.2999999999999994,displacement,0.2,23.21570161719175,23.40677434943073,24.729998381083774,0.8144583184275166,,,,False
group1,acetone_1_n-heptane_99,acetone 1% / n-heptane 99%,group1 | acetone 1% / n-heptane 99%,#4731d8,s,0.8600190614488402,1.5804427727342865,0.9963673720089933,0.1999999999999999,3.2999999999999994,displacement,0.3,23.20366503208687,23.260553635221655,25.21961938726536,0.4260957503309091,,,,False
group1,acetone_1_n-heptane_99,acetone 1% / n-heptane 99%,group1 | acetone 1% / n-heptane 99%,#4731d8,s,0.8600190614488402,1.5804427727342865,0.9963673720089933,0.1999999999999999,3.2999999999999994,displacement,0.4,23.364851416965237,23.13404307107773,24.59231280387648,0.7856854573060258,,,,False
group1,acetone_1_n-heptane_99,acetone 1% / n-heptane 99%,group1 | acetone 1% / n-heptane 99%,#4731d8,s,0.8600190614488402,1.5804427727342865,0.9963673720089933,0.1999999999999999,3.2999999999999994,displacement,0.5,23.32516531210246,23.11329658947045,24.737638621633558,0.6417093170061257,,,,False
group1,acetone_1_n-heptane_99,acetone 1% / n-heptane 99%,group1 | acetone 1% / n-heptane 99%,#4731d8,s,0.8600190614488402,1.5804427727342865,0.9963673720089933,0.1999999999999999,3.2999999999999994,displacement,0.6,22.932164912989357,23.16200801892664,24.791892615928667,0.7297853139858711,,,,False
group1,acetone_1_n-heptane_99,acetone 1% / n-heptane 99%,group1 | acetone 1% / n-heptane 99%,#4731d8,s,0.8600190614488402,1.5804427727342865,0.9963673720089933,0.1999999999999999,3.2999999999999994,displacement,0.7,22.91616226966969,22.981489394499597,24.66539955995631,0.7901065477846047,,,,False
group1,acetone_1_n-heptane_99,acetone 1% / n-heptane 99%,group1 | acetone 1% / n-heptane 99%,#4731d8,s,0.8600190614488402,1.5804427727342865,0.9963673720089933,0.1999999999999999,3.2999999999999994,displacement,0.8,23.166416417200377,22.56954690087219,25.00466795516864,0.4703516636010775,,,,False
group1,acetone_1_n-heptane_99,acetone 1% / n-heptane 99%,group1 | acetone 1% / n-heptane 99%,#4731d8,s,0.8600190614488402,1.5804427727342865,0.9963673720089933,0.1999999999999999,3.2999999999999994,displacement,0.9,23.193593820268863,22.648856849104536,24.842873334402704,0.5512104429112727,,,,False
group1,acetone_1_n-heptane_99,acetone 1% / n-heptane 99%,group1 | acetone 1% / n-heptane 99%,#4731d8,s,0.8600190614488402,1.5804427727342865,0.9963673720089933,0.1999999999999999,3.2999999999999994,displacement,1.0,23.242910073780106,22.546916615715823,24.8813431174114,0.5587007948777881,,,,False
group1,acetone_1_n-heptane_99,acetone 1% / n-heptane 99%,group1 | acetone 1% / n-heptane 99%,#4731d8,s,0.8600190614488402,1.5804427727342865,0.9963673720089933,0.1999999999999999,3.2999999999999994,displacement,1.1,23.381077892040643,23.294206163459204,24.127301776018115,1.277709449484103,,,,False
group1,acetone_1_n-heptane_99,acetone 1% / n-heptane 99%,group1 | acetone 1% / n-heptane 99%,#4731d8,s,0.8600190614488402,1.5804427727342865,0.9963673720089933,0.1999999999999999,3.2999999999999994,displacement,1.2,23.37998765855063,23.1779096615828,24.11650668974156,1.25417057790903,,,,False
group1,acetone_1_n-heptane_99,acetone 1% / n-heptane 99%,group1 | acetone 1% / n-heptane 99%,#4731d8,s,0.8600190614488402,1.5804427727342865,0.9963673720089933,0.1999999999999999,3.2999999999999994,displacement,1.3,23.35145859841825,22.92547161662304,24.31247648041816,1.0200925180191918,,,,False
group1,acetone_1_n-heptane_99,acetone 1% / n-heptane 99%,group1 | acetone 1% / n-heptane 99%,#4731d8,s,0.8600190614488402,1.5804427727342865,0.9963673720089933,0.1999999999999999,3.2999999999999994,displacement,1.4,22.99444807820087,22.552244894951517,24.535051682659176,0.918375343377892,,,,False
group1,acetone_1_n-heptane_99,acetone 1% / n-heptane 99%,group1 | acetone 1% / n-heptane 99%,#4731d8,s,0.8600190614488402,1.5804427727342865,0.9963673720089933,0.1999999999999999,3.2999999999999994,displacement,1.5,23.00380775083438,22.411291676285323,24.57892671123909,0.9371773133841692,,,,False
group1,acetone_1_n-heptane_99,acetone 1% / n-heptane 99%,group1 | acetone 1% / n-heptane 99%,#4731d8,s,0.8600190614488402,1.5804427727342865,0.9963673720089933,0.1999999999999999,3.2999999999999994,displacement,1.6,23.28289949696278,22.486109209475185,24.501377151944485,0.9141136213208322,,,,False
group1,acetone_1_n-heptane_99,acetone 1% / n-heptane 99%,group1 | acetone 1% / n-heptane 99%,#4731d8,s,0.8600190614488402,1.5804427727342865,0.9963673720089933,0.1999999999999999,3.2999999999999994,displacement,1.7,22.860528653347068,22.994917281653137,24.782482817569115,0.7309131965736205,,,,False
group1,acetone_1_n-heptane_99,acetone 1% / n-heptane 99%,group1 | acetone 1% / n-heptane 99%,#4731d8,s,0.8600190614488402,1.5804427727342865,0.9963673720089933,0.1999999999999999,3.2999999999999994,displacement,1.8,22.64470152954441,22.963985728042992,24.601825570242926,1.003002248709426,,,,False
group1,acetone_1_n-heptane_99,acetone 1% / n-heptane 99%,group1 | acetone 1% / n-heptane 99%,#4731d8,s,0.8600190614488402,1.5804427727342865,0.9963673720089933,0.1999999999999999,3.2999999999999994,displacement,1.9,22.677341549616838,23.00805165518019,24.06891460670648,1.4260890615521258,,,,False
group1,acetone_1_n-heptane_99,acetone 1% / n-heptane 99%,group1 | acetone 1% / n-heptane 99%,#4731d8,s,0.8600190614488402,1.5804427727342865,0.9963673720089933,0.1999999999999999,3.2999999999999994,displacement,2.0,22.57568398027284,23.295414537601168,24.3727305297764,1.2902651643822671,,,,False
group1,acetone_1_n-heptane_99,acetone 1% / n-heptane 99%,group1 | acetone 1% / n-heptane 99%,#4731d8,s,0.8600190614488402,1.5804427727342865,0.9963673720089933,0.1999999999999999,3.2999999999999994,displacement,2.1,22.983373556279407,23.308183833733587,24.483310117041142,1.0147819300670975,,,,False
group1,acetone_1_n-heptane_99,acetone 1% / n-heptane 99%,group1 | acetone 1% / n-heptane 99%,#4731d8,s,0.8600190614488402,1.5804427727342865,0.9963673720089933,0.1999999999999999,3.2999999999999994,displacement,2.2,23.163202086637792,23.87069096135928,24.245073385745684,1.4867727867231355,,,,False
group1,acetone_1_n-heptane_99,acetone 1% / n-heptane 99%,group1 | acetone 1% / n-heptane 99%,#4731d8,s,0.8600190614488402,1.5804427727342865,0.9963673720089933,0.1999999999999999,3.2999999999999994,displacement,2.3,23.392449655481677,23.633001160070467,24.25392437672323,1.3223752937897215,,,,False
group1,acetone_1_n-heptane_99,acetone 1% / n-heptane 99%,group1 | acetone 1% / n-heptane 99%,#4731d8,s,0.8600190614488402,1.5804427727342865,0.9963673720089933,0.1999999999999999,3.2999999999999994,displacement,2.4,23.31406930935636,23.72020095935541,24.15802846409894,1.4495770464771371,,,,False
group1,acetone_1_n-heptane_99,acetone 1% / n-heptane 99%,group1 | acetone 1% / n-heptane 99%,#4731d8,s,0.8600190614488402,1.5804427727342865,0.9963673720089933,0.1999999999999999,3.2999999999999994,displacement,2.5,23.607895421762613,23.607550480897796,23.85250148014463,1.676477754122942,,,,False
group1,acetone_1_n-heptane_99,acetone 1% / n-heptane 99%,group1 | acetone 1% / n-heptane 99%,#4731d8,s,0.8600190614488402,1.5804427727342865,0.9963673720089933,0.1999999999999999,3.2999999999999994,displacement,2.6,23.60982557472704,23.732539947404625,23.88836400923797,1.7051079685750576,,,,False
group1,acetone_1_n-heptane_99,acetone 1% / n-heptane 99%,group1 | acetone 1% / n-heptane 99%,#4731d8,s,0.8600190614488402,1.5804427727342865,0.9963673720089933,0.1999999999999999,3.2999999999999994,displacement,2.7,24.07915332098892,23.920405815999104,23.090219513807096,2.5869904865561346,,,,False
group1,acetone_1_n-heptane_99,acetone 1% / n-heptane 99%,group1 | acetone 1% / n-heptane 99%,#4731d8,s,0.8600190614488402,1.5804427727342865,0.9963673720089933,0.1999999999999999,3.2999999999999994,displacement,2.8,23.635153327725043,23.718439487444694,23.817018650971004,1.7632562408898038,,,,False
group1,acetone_1_n-heptane_99,acetone 1% / n-heptane 99%,group1 | acetone 1% / n-heptane 99%,#4731d8,s,0.8600190614488402,1.5804427727342865,0.9963673720089933,0.1999999999999999,3.2999999999999994,displacement,2.9,23.73172340263043,23.74138443111878,24.04863077948001,1.6031022956486234,,,,False
group1,acetone_1_n-heptane_99,acetone 1% / n-heptane 99%,group1 | acetone 1% / n-heptane 99%,#4731d8,s,0.8600190614488402,1.5804427727342865,0.9963673720089933,0.1999999999999999,3.2999999999999994,displacement,3.0,23.488620725596896,23.56413914407712,23.876362310330485,1.6203477548361844,,,,False
group1,acetone_1_n-heptane_99,acetone 1% / n-heptane 99%,group1 | acetone 1% / n-heptane 99%,#4731d8,s,0.8600190614488402,1.5804427727342865,0.9963673720089933,0.1999999999999999,3.2999999999999994,displacement,3.1,23.42244586223553,23.177461855379825,23.88334180573336,1.4830801514018972,,,,False
group1,acetone_1_n-heptane_99,acetone 1% / n-heptane 99%,group1 | acetone 1% / n-heptane 99%,#4731d8,s,0.8600190614488402,1.5804427727342865,0.9963673720089933,0.1999999999999999,3.2999999999999994,displacement,3.2,23.26112546734099,23.23222913748271,24.378168703273037,1.0218442202286315,,,,False
group1,acetone_1_n-heptane_99,acetone 1% / n-heptane 99%,group1 | acetone 1% / n-heptane 99%,#4731d8,s,0.8600190614488402,1.5804427727342865,0.9963673720089933,0.1999999999999999,3.2999999999999994,displacement,3.3,23.34934075291033,23.269392406755504,24.558552978883068,0.8704399604550644,,,,False
group1,acetone_1_n-heptane_99,acetone 1% / n-heptane 99%,group1 | acetone 1% / n-heptane 99%,#4731d8,s,0.8600190614488402,1.5804427727342865,0.9963673720089933,0.1999999999999999,3.2999999999999994,displacement,3.4,23.19921749956427,22.948718819591093,24.70272947432737,0.6458648802626168,,,,False
group1,acetone_1_n-heptane_99,acetone 1% / n-heptane 99%,group1 | acetone 1% / n-heptane 99%,#4731d8,s,0.8600190614488402,1.5804427727342865,0.9963673720089933,0.1999999999999999,3.2999999999999994,displacement,3.5,22.990032518170988,23.023338865099447,24.86037220766133,0.5990456725389597,,,,False
group1,acetone_1_n-heptane_99,acetone 1% / n-heptane 99%,group1 | acetone 1% / n-heptane 99%,#4731d8,s,0.8600190614488402,1.5804427727342865,0.9963673720089933,0.1999999999999999,3.2999999999999994,displacement,3.6,23.060985340698902,22.957377506809664,24.99560029609251,0.4370714836556267,,,,False
group1,acetone_1_n-heptane_99,acetone 1% / n-heptane 99%,group1 | acetone 1% / n-heptane 99%,#4731d8,s,0.8600190614488402,1.5804427727342865,0.9963673720089933,0.1999999999999999,3.2999999999999994,displacement,3.7,23.192159892369634,23.175681910542693,24.366289209536298,1.0211796798136354,,,,False
group1,acetone_1_n-heptane_99,acetone 1% / n-heptane 99%,group1 | acetone 1% / n-heptane 99%,#4731d8,s,0.8600190614488402,1.5804427727342865,0.9963673720089933,0.1999999999999999,3.2999999999999994,displacement,3.8,23.09196619611446,23.346625134793328,24.758398391260712,0.7821253605685162,,,,False
group1,acetone_1_n-heptane_99,acetone 1% / n-heptane 99%,group1 | acetone 1% / n-heptane 99%,#4731d8,s,0.8600190614488402,1.5804427727342865,0.9963673720089933,0.1999999999999999,3.2999999999999994,displacement,3.9,22.72882074595212,22.960545328051108,24.52255322671705,1.0096928288855247,,,,False
group1,acetone_1_n-heptane_99,acetone 1% / n-heptane 99%,group1 | acetone 1% / n-heptane 99%,#4731d8,s,0.8600190614488402,1.5804427727342865,0.9963673720089933,0.1999999999999999,3.2999999999999994,displacement,4.0,22.602728321001397,22.75582502636571,24.420550772902303,1.1685804334019532,,,,False
group1,acetone_1_n-heptane_99,acetone 1% / n-heptane 99%,group1 | acetone 1% / n-heptane 99%,#4731d8,s,0.8600190614488402,1.5804427727342865,0.9963673720089933,0.1999999999999999,3.2999999999999994,displacement,4.1,22.212403088963832,22.716877237718325,24.683942094550847,1.2975344028651978,,,,False
group1,acetone_1_n-heptane_99,acetone 1% / n-heptane 99%,group1 | acetone 1% / n-heptane 99%,#4731d8,s,0.8600190614488402,1.5804427727342865,0.9963673720089933,0.1999999999999999,3.2999999999999994,displacement,4.2,22.27519226739629,22.66869799638397,24.87451685394837,1.1637341249115691,,,,False
group1,acetone_1_n-heptane_99,acetone 1% / n-heptane 99%,group1 | acetone 1% / n-heptane 99%,#4731d8,s,0.8600190614488402,1.5804427727342865,0.9963673720089933,0.1999999999999999,3.2999999999999994,displacement,4.3,22.482974173932664,23.216447052716266,24.970459500557045,0.9816125704526996,,,,False
group1,acetone_1_n-heptane_99,acetone 1% / n-heptane 99%,group1 | acetone 1% / n-heptane 99%,#4731d8,s,0.8600190614488402,1.5804427727342865,0.9963673720089933,0.1999999999999999,3.2999999999999994,displacement,4.4,22.40377885303123,23.189526780069816,25.033166766363102,1.0218901374441256,,,,False
group1,acetone_1_n-heptane_99,acetone 1% / n-heptane 99%,group1 | acetone 1% / n-heptane 99%,#4731d8,s,0.8600190614488402,1.5804427727342865,0.9963673720089933,0.1999999999999999,3.2999999999999994,displacement,4.5,22.3968106437132,23.565804445374923,24.4487066174624,1.4594436441564185,,,,False
group1,acetone_1_n-heptane_99,acetone 1% / n-heptane 99%,group1 | acetone 1% / n-heptane 99%,#4731d8,s,0.8600190614488402,1.5804427727342865,0.9963673720089933,0.1999999999999999,3.2999999999999994,displacement,4.6,22.60789745370555,23.216438455627003,24.423802377270206,1.2086853792100984,,,,False
group1,acetone_1_n-heptane_99,acetone 1% / n-heptane 99%,group1 | acetone 1% / n-heptane 99%,#4731d8,s,0.8600190614488402,1.5804427727342865,0.9963673720089933,0.1999999999999999,3.2999999999999994,displacement,4.7,22.684373097951116,22.8991501985056,24.26069382590824,1.248539328991554,,,,False
group1,acetone_1_n-heptane_99,acetone 1% / n-heptane 99%,group1 | acetone 1% / n-heptane 99%,#4731d8,s,0.8600190614488402,1.5804427727342865,0.9963673720089933,0.1999999999999999,3.2999999999999994,displacement,4.8,22.45873048520363,22.950747561457117,23.876386307487007,1.695804602769383,,,,False
group1,acetone_1_n-heptane_99,acetone 1% / n-heptane 99%,group1 | acetone 1% / n-heptane 99%,#4731d8,s,0.8600190614488402,1.5804427727342865,0.9963673720089933,0.1999999999999999,3.2999999999999994,displacement,4.9,22.3522111022338,23.166773895496316,23.937239085004087,1.7266041958714662,,,,False
group1,acetone_1_n-heptane_99,acetone 1% / n-heptane 99%,group1 | acetone 1% / n-heptane 99%,#4731d8,s,0.8600190614488402,1.5804427727342865,0.9963673720089933,0.1999999999999999,3.2999999999999994,displacement,5.0,22.408835841596463,22.80393974452016,24.177809300427505,1.4752414490049155,,,,False
group1,acetone_1_n-heptane_99,acetone 1% / n-heptane 99%,group1 | acetone 1% / n-heptane 99%,#4731d8,s,0.8600190614488402,1.5804427727342865,0.9963673720089933,0.1999999999999999,3.2999999999999994,displacement,5.1,22.540929553173005,22.85285661419692,24.034215970713955,1.516251388658565,,,,False
group1,acetone_1_n-heptane_99,acetone 1% / n-heptane 99%,group1 | acetone 1% / n-heptane 99%,#4731d8,s,0.8600190614488402,1.5804427727342865,0.9963673720089933,0.1999999999999999,3.2999999999999994,displacement,5.2,22.33938467793445,23.081363105386814,24.30987952891906,1.4363084794680243,,,,False
group1,acetone_1_n-heptane_99,acetone 1% / n-heptane 99%,group1 | acetone 1% / n-heptane 99%,#4731d8,s,0.8600190614488402,1.5804427727342865,0.9963673720089933,0.1999999999999999,3.2999999999999994,displacement,5.3,22.390225796076628,23.13028718641617,23.903243314299704,1.7274039430950765,,,,False
group1,acetone_1_n-heptane_99,acetone 1% / n-heptane 99%,group1 | acetone 1% / n-heptane 99%,#4731d8,s,0.8600190614488402,1.5804427727342865,0.9963673720089933,0.1999999999999999,3.2999999999999994,displacement,5.4,22.320457986545417,22.90406685930322,24.389434637934944,1.378572044208658,,,,False
group1,acetone_1_n-heptane_99,acetone 1% / n-heptane 99%,group1 | acetone 1% / n-heptane 99%,#4731d8,s,0.8600190614488402,1.5804427727342865,0.9963673720089933,0.1999999999999999,3.2999999999999994,displacement,5.5,22.350394633882768,22.56337884557765,24.5675199391809,1.276379141066759,,,,False
group1,acetone_1_n-heptane_99,acetone 1% / n-heptane 99%,group1 | acetone 1% / n-heptane 99%,#4731d8,s,0.8600190614488402,1.5804427727342865,0.9963673720089933,0.1999999999999999,3.2999999999999994,displacement,5.6,22.64842352924744,22.402892354808213,24.342078398774632,1.286194862328513,,,,False
group1,acetone_1_n-heptane_99,acetone 1% / n-heptane 99%,group1 | acetone 1% / n-heptane 99%,#4731d8,s,0.8600190614488402,1.5804427727342865,0.9963673720089933,0.1999999999999999,3.2999999999999994,displacement,5.7,22.0901679310696,22.491494842869145,24.04013797157544,1.8268063312812357,,,,False
group1,acetone_1_n-heptane_99,acetone 1% / n-heptane 99%,group1 | acetone 1% / n-heptane 99%,#4731d8,s,0.8600190614488402,1.5804427727342865,0.9963673720089933,0.1999999999999999,3.2999999999999994,displacement,5.8,21.823982819005288,22.13264624441387,24.15672379530476,2.044094109381741,,,,False
group1,acetone_1_n-heptane_99,acetone 1% / n-heptane 99%,group1 | acetone 1% / n-heptane 99%,#4731d8,s,0.8600190614488402,1.5804427727342865,0.9963673720089933,0.1999999999999999,3.2999999999999994,displacement,5.9,21.58566023858396,22.052893574606248,24.44607264577094,2.1165053711997723,,,,False
group1,acetone_1_n-heptane_99,acetone 1% / n-heptane 99%,group1 | acetone 1% / n-heptane 99%,#4731d8,s,0.8600190614488402,1.5804427727342865,0.9963673720089933,0.1999999999999999,3.2999999999999994,displacement,6.0,21.833484234941736,22.29459990829314,24.438032906670493,1.8320766007802995,,,,False
group1,acetone_1_n-heptane_99,acetone 1% / n-heptane 99%,group1 | acetone 1% / n-heptane 99%,#4731d8,s,0.8600190614488402,1.5804427727342865,0.9963673720089933,0.1999999999999999,3.2999999999999994,displacement,6.1,22.045361368049623,22.663391446586424,24.333328466734333,1.636874228043984,,,,False
group1,acetone_1_n-heptane_99,acetone 1% / n-heptane 99%,group1 | acetone 1% / n-heptane 99%,#4731d8,s,0.8600190614488402,1.5804427727342865,0.9963673720089933,0.1999999999999999,3.2999999999999994,displacement,6.2,21.961910329518616,22.43162638454467,23.438677246131935,2.373560866237897,,,,False
group1,acetone_1_n-heptane_99,acetone 1% / n-heptane 99%,group1 | acetone 1% / n-heptane 99%,#4731d8,s,0.8600190614488402,1.5804427727342865,0.9963673720089933,0.1999999999999999,3.2999999999999994,displacement,6.3,22.0691666815374,22.460134398789272,23.195942554255264,2.511135002812144,,,,False
group1,acetone_1_n-heptane_99,acetone 1% / n-heptane 99%,group1 | acetone 1% / n-heptane 99%,#4731d8,s,0.8600190614488402,1.5804427727342865,0.9963673720089933,0.1999999999999999,3.2999999999999994,displacement,6.4,21.82803652035411,22.321239257146807,22.95658872729346,2.86048993566022,,,,False
group1,acetone_1_n-heptane_99,acetone 1% / n-heptane 99%,group1 | acetone 1% / n-heptane 99%,#4731d8,s,0.8600190614488402,1.5804427727342865,0.9963673720089933,0.1999999999999999,3.2999999999999994,displacement,6.5,21.74386602838715,22.05533347142301,23.593049324867035,2.4872582648087675,,,,False
group1,acetone_1_n-heptane_99,acetone 1% / n-heptane 99%,group1 | acetone 1% / n-heptane 99%,#4731d8,s,0.8600190614488402,1.5804427727342865,0.9963673720089933,0.1999999999999999,3.2999999999999994,displacement,6.6,22.1390618136608,22.24020866049177,23.391121827034304,2.35954527064244,,,,False
group1,acetone_1_n-heptane_99,acetone 1% / n-heptane 99%,group1 | acetone 1% / n-heptane 99%,#4731d8,s,0.8600190614488402,1.5804427727342865,0.9963673720089933,0.1999999999999999,3.2999999999999994,displacement,6.7,21.948536322236624,21.832280672560437,23.633922515390697,2.4191417932451085,,,,False
group1,acetone_1_n-heptane_99,acetone 1% / n-heptane 99%,group1 | acetone 1% / n-heptane 99%,#4731d8,s,0.8600190614488402,1.5804427727342865,0.9963673720089933,0.1999999999999999,3.2999999999999994,displacement,6.8,22.26330548053446,22.03003530447852,23.217272583923407,2.5100601499075696,,,,False
group1,acetone_1_n-heptane_99,acetone 1% / n-heptane 99%,group1 | acetone 1% / n-heptane 99%,#4731d8,s,0.8600190614488402,1.5804427727342865,0.9963673720089933,0.1999999999999999,3.2999999999999994,displacement,6.9,22.001443439195704,21.82286825674344,23.284929954944303,2.6523314965065468,,,,False
group1,acetone_1_n-heptane_99,acetone 1% / n-heptane 99%,group1 | acetone 1% / n-heptane 99%,#4731d8,s,0.8600190614488402,1.5804427727342865,0.9963673720089933,0.1999999999999999,3.2999999999999994,displacement,7.0,21.851688300609062,21.92432308217576,23.3883412201606,2.615361613646797,,,,False
group1,acetone_1_n-heptane_99,acetone 1% / n-heptane 99%,group1 | acetone 1% / n-heptane 99%,#4731d8,s,0.8600190614488402,1.5804427727342865,0.9963673720089933,0.1999999999999999,3.2999999999999994,displacement,7.1,21.60224485929418,21.88780493893165,23.479970935830707,2.713134140909434,,,,False
group1,acetone_1_n-heptane_99,acetone 1% / n-heptane 99%,group1 | acetone 1% / n-heptane 99%,#4731d8,s,0.8600190614488402,1.5804427727342865,0.9963673720089933,0.1999999999999999,3.2999999999999994,displacement,7.2,21.67388370463556,22.126556185389653,23.937649362587205,2.285480768628767,,,,False
group1,acetone_1_n-heptane_99,acetone 1% / n-heptane 99%,group1 | acetone 1% / n-heptane 99%,#4731d8,s,0.8600190614488402,1.5804427727342865,0.9963673720089933,0.1999999999999999,3.2999999999999994,displacement,7.3,21.931907718156253,21.99963049198284,24.321912878160187,1.928296127432028,,,,False
group1,acetone_1_n-heptane_99,acetone 1% / n-heptane 99%,group1 | acetone 1% / n-heptane 99%,#4731d8,s,0.8600190614488402,1.5804427727342865,0.9963673720089933,0.1999999999999999,3.2999999999999994,displacement,7.4,21.75193605313849,21.694054327879268,24.94187001907003,2.002657108660241,,,,False
group1,acetone_1_n-heptane_99,acetone 1% / n-heptane 99%,group1 | acetone 1% / n-heptane 99%,#4731d8,s,0.8600190614488402,1.5804427727342865,0.9963673720089933,0.1999999999999999,3.2999999999999994,displacement,7.5,21.71680763850744,21.849965103213265,24.85373522791053,1.9639349620637123,,,,False
group1,acetone_1_n-heptane_99,acetone 1% / n-heptane 99%,group1 | acetone 1% / n-heptane 99%,#4731d8,s,0.8600190614488402,1.5804427727342865,0.9963673720089933,0.1999999999999999,3.2999999999999994,displacement,7.6,21.78609410340154,21.442769598187365,25.094659467252058,2.112328049036931,,,,False
group1,acetone_1_n-heptane_99,acetone 1% / n-heptane 99%,group1 | acetone 1% / n-heptane 99%,#4731d8,s,0.8600190614488402,1.5804427727342865,0.9963673720089933,0.1999999999999999,3.2999999999999994,displacement,7.7,21.96565003015163,21.38275116766285,25.10114244154819,2.0279223050564514,,,,False
group1,acetone_1_n-heptane_99,acetone 1% / n-heptane 99%,group1 | acetone 1% / n-heptane 99%,#4731d8,s,0.8600190614488402,1.5804427727342865,0.9963673720089933,0.1999999999999999,3.2999999999999994,displacement,7.8,21.419840413816623,21.09051333107707,25.743003959398884,2.639590206349454,,,,False
group1,acetone_1_n-heptane_99,acetone 1% / n-heptane 99%,group1 | acetone 1% / n-heptane 99%,#4731d8,s,0.8600190614488402,1.5804427727342865,0.9963673720089933,0.1999999999999999,3.2999999999999994,displacement,7.9,21.68007508271049,21.00910380422799,26.35757009269551,2.6875780576856783,,,,False
group1,acetone_1_n-heptane_99,acetone 1% / n-heptane 99%,group1 | acetone 1% / n-heptane 99%,#4731d8,s,0.8600190614488402,1.5804427727342865,0.9963673720089933,0.1999999999999999,3.2999999999999994,displacement,8.0,21.614536621354844,21.25743856834953,26.08415706959919,2.468768785489367,,,,False
group1,acetone_1_n-heptane_99,acetone 1% / n-heptane 99%,group1 | acetone 1% / n-heptane 99%,#4731d8,s,0.8600190614488402,1.5804427727342865,0.9963673720089933,0.1999999999999999,3.2999999999999994,displacement,8.1,21.33681260855823,21.475034950797934,25.72228994778522,2.4607270665480785,,,,False
group1,acetone_1_n-heptane_99,acetone 1% / n-heptane 99%,group1 | acetone 1% / n-heptane 99%,#4731d8,s,0.8600190614488402,1.5804427727342865,0.9963673720089933,0.1999999999999999,3.2999999999999994,displacement,8.2,21.51913872484794,21.50428609751716,26.03184246373943,2.370718834714429,,,,False
group1,acetone_1_n-heptane_99,acetone 1% / n-heptane 99%,group1 | acetone 1% / n-heptane 99%,#4731d8,s,0.8600190614488402,1.5804427727342865,0.9963673720089933,0.1999999999999999,3.2999999999999994,displacement,8.3,21.35429304962514,21.282509098620604,26.104529747789364,2.6466730466106925,,,,False
group1,acetone_1_n-heptane_99,acetone 1% / n-heptane 99%,group1 | acetone 1% / n-heptane 99%,#4731d8,s,0.8600190614488402,1.5804427727342865,0.9963673720089933,0.1999999999999999,3.2999999999999994,displacement,8.4,21.628755339662543,21.369473743518856,26.131122069752998,2.4022796382045573,,,,False
group1,acetone_1_n-heptane_99,acetone 1% / n-heptane 99%,group1 | acetone 1% / n-heptane 99%,#4731d8,s,0.8600190614488402,1.5804427727342865,0.9963673720089933,0.1999999999999999,3.2999999999999994,displacement,8.5,21.678655386797587,21.326474608052035,26.53113464056773,2.5563789582130445,,,,False
group1,acetone_1_n-heptane_99,acetone 1% / n-heptane 99%,group1 | acetone 1% / n-heptane 99%,#4731d8,s,0.8600190614488402,1.5804427727342865,0.9963673720089933,0.1999999999999999,3.2999999999999994,displacement,8.6,22.06873274712059,21.79095442904705,26.24393709349957,1.8914985114831744,,,,False
group1,acetone_1_n-heptane_99,acetone 1% / n-heptane 99%,group1 | acetone 1% / n-heptane 99%,#4731d8,s,0.8600190614488402,1.5804427727342865,0.9963673720089933,0.1999999999999999,3.2999999999999994,displacement,8.7,21.847741815602344,21.749165087083323,26.39941116755864,2.1407221475674247,,,,False
group1,acetone_1_n-heptane_99,acetone 1% / n-heptane 99%,group1 | acetone 1% / n-heptane 99%,#4731d8,s,0.8600190614488402,1.5804427727342865,0.9963673720089933,0.1999999999999999,3.2999999999999994,displacement,8.8,22.01265855200129,22.197010897279995,26.7683935164254,2.060370426684393,,,,False
group1,acetone_1_n-heptane_99,acetone 1% / n-heptane 99%,group1 | acetone 1% / n-heptane 99%,#4731d8,s,0.8600190614488402,1.5804427727342865,0.9963673720089933,0.1999999999999999,3.2999999999999994,displacement,8.9,22.19068928087345,22.01196188581811,26.273189752676192,1.7066697939162616,,,,False
group1,acetone_1_n-heptane_99,acetone 1% / n-heptane 99%,group1 | acetone 1% / n-heptane 99%,#4731d8,s,0.8600190614488402,1.5804427727342865,0.9963673720089933,0.1999999999999999,3.2999999999999994,displacement,9.0,22.90397672911576,21.462044703774595,26.30242092965803,1.7607898139181828,,,,False
group1,acetone_1_n-heptane_99,acetone 1% / n-heptane 99%,group1 | acetone 1% / n-heptane 99%,#4731d8,s,0.8600190614488402,1.5804427727342865,0.9963673720089933,0.1999999999999999,3.2999999999999994,displacement,9.1,22.3290061786786,21.468835005487307,26.151440110092096,1.904681231561356,,,,False
group1,acetone_1_n-heptane_99,acetone 1% / n-heptane 99%,group1 | acetone 1% / n-heptane 99%,#4731d8,s,0.8600190614488402,1.5804427727342865,0.9963673720089933,0.1999999999999999,3.2999999999999994,displacement,9.2,22.33652402371254,21.906253844669028,26.3013215134742,1.6877635676798628,,,,False
group1,acetone_1_n-heptane_99,acetone 1% / n-heptane 99%,group1 | acetone 1% / n-heptane 99%,#4731d8,s,0.8600190614488402,1.5804427727342865,0.9963673720089933,0.1999999999999999,3.2999999999999994,displacement,9.3,22.349674131420272,21.9436249548584,26.46465891028246,1.759528353499861,,,,False
group1,acetone_1_n-heptane_99,acetone 1% / n-heptane 99%,group1 | acetone 1% / n-heptane 99%,#4731d8,s,0.8600190614488402,1.5804427727342865,0.9963673720089933,0.1999999999999999,3.2999999999999994,displacement,9.4,22.58212926572936,21.84375938081025,26.539045386928446,1.750554915629963,,,,False
group1,acetone_1_n-heptane_99,acetone 1% / n-heptane 99%,group1 | acetone 1% / n-heptane 99%,#4731d8,s,0.8600190614488402,1.5804427727342865,0.9963673720089933,0.1999999999999999,3.2999999999999994,displacement,9.5,22.473850940991348,21.369108280877413,26.620242602478907,2.153611438476835,,,,False
group1,acetone_1_n-heptane_99,acetone 1% / n-heptane 99%,group1 | acetone 1% / n-heptane 99%,#4731d8,s,0.8600190614488402,1.5804427727342865,0.9963673720089933,0.1999999999999999,3.2999999999999994,displacement,9.6,22.408802110210008,22.01132634053752,26.47105066037869,1.6964063832658018,,,,False
group1,acetone_1_n-heptane_99,acetone 1% / n-heptane 99%,group1 | acetone 1% / n-heptane 99%,#4731d8,s,0.8600190614488402,1.5804427727342865,0.9963673720089933,0.1999999999999999,3.2999999999999994,displacement,9.7,22.335964906438495,22.17731458908608,26.31338594363436,1.5573190080241843,,,,False
group1,acetone_1_n-heptane_99,acetone 1% / n-heptane 99%,group1 | acetone 1% / n-heptane 99%,#4731d8,s,0.8600190614488402,1.5804427727342865,0.9963673720089933,0.1999999999999999,3.2999999999999994,displacement,9.8,22.289490114651564,22.40128969003177,25.98041937161734,1.3102212652899663,,,,False
group1,acetone_1_n-heptane_99,acetone 1% / n-heptane 99%,group1 | acetone 1% / n-heptane 99%,#4731d8,s,0.8600190614488402,1.5804427727342865,0.9963673720089933,0.1999999999999999,3.2999999999999994,displacement,9.9,22.517240939461598,22.694913981796734,25.8035636342752,0.953651573772764,,,,False
group1,acetone_1_n-heptane_99,acetone 1% / n-heptane 99%,group1 | acetone 1% / n-heptane 99%,#4731d8,s,0.8600190614488402,1.5804427727342865,0.9963673720089933,0.1999999999999999,3.2999999999999994,displacement,10.0,22.503750467073456,22.44713990843541,26.032178119215125,1.160688699892435,,,,False
group1,acetone_1_n-heptane_99,acetone 1% / n-heptane 99%,group1 | acetone 1% / n-heptane 99%,#4731d8,s,0.8600190614488402,1.5804427727342865,0.9963673720089933,0.1999999999999999,3.2999999999999994,tamsd,,,,,,0.09999999999999998,0.22992536359097537,0.2181522584134029,False
group1,acetone_1_n-heptane_99,acetone 1% / n-heptane 99%,group1 | acetone 1% / n-heptane 99%,#4731d8,s,0.8600190614488402,1.5804427727342865,0.9963673720089933,0.1999999999999999,3.2999999999999994,tamsd,,,,,,0.19999999999999996,0.402748548529883,0.39595993811410124,True
group1,acetone_1_n-heptane_99,acetone 1% / n-heptane 99%,group1 | acetone 1% / n-heptane 99%,#4731d8,s,0.8600190614488402,1.5804427727342865,0.9963673720089933,0.1999999999999999,3.2999999999999994,tamsd,,,,,,0.29999999999999993,0.5709698661844219,0.5611682444174201,True
group1,acetone_1_n-heptane_99,acetone 1% / n-heptane 99%,group1 | acetone 1% / n-heptane 99%,#4731d8,s,0.8600190614488402,1.5804427727342865,0.9963673720089933,0.1999999999999999,3.2999999999999994,tamsd,,,,,,0.3999999999999999,0.6940495902334674,0.7186919527287843,True
group1,acetone_1_n-heptane_99,acetone 1% / n-heptane 99%,group1 | acetone 1% / n-heptane 99%,#4731d8,s,0.8600190614488402,1.5804427727342865,0.9963673720089933,0.1999999999999999,3.2999999999999994,tamsd,,,,,,0.4999999999999999,0.8115776850365367,0.870737483714256,True
group1,acetone_1_n-heptane_99,acetone 1% / n-heptane 99%,group1 | acetone 1% / n-heptane 99%,#4731d8,s,0.8600190614488402,1.5804427727342865,0.9963673720089933,0.1999999999999999,3.2999999999999994,tamsd,,,,,,0.5999999999999999,0.9521132005780091,1.0185553197897532,True
group1,acetone_1_n-heptane_99,acetone 1% / n-heptane 99%,group1 | acetone 1% / n-heptane 99%,#4731d8,s,0.8600190614488402,1.5804427727342865,0.9963673720089933,0.1999999999999999,3.2999999999999994,tamsd,,,,,,0.6999999999999998,1.1189721150902072,1.162947572703128,True
group1,acetone_1_n-heptane_99,acetone 1% / n-heptane 99%,group1 | acetone 1% / n-heptane 99%,#4731d8,s,0.8600190614488402,1.5804427727342865,0.9963673720089933,0.1999999999999999,3.2999999999999994,tamsd,,,,,,0.7999999999999998,1.2827302608090951,1.3044706628079916,True
group1,acetone_1_n-heptane_99,acetone 1% / n-heptane 99%,group1 | acetone 1% / n-heptane 99%,#4731d8,s,0.8600190614488402,1.5804427727342865,0.9963673720089933,0.1999999999999999,3.2999999999999994,tamsd,,,,,,0.8999999999999998,1.4538215043506724,1.4435321496684617,True
group1,acetone_1_n-heptane_99,acetone 1% / n-heptane 99%,group1 | acetone 1% / n-heptane 99%,#4731d8,s,0.8600190614488402,1.5804427727342865,0.9963673720089933,0.1999999999999999,3.2999999999999994,tamsd,,,,,,0.9999999999999998,1.6211306577176847,1.580442772734286,True
group1,acetone_1_n-heptane_99,acetone 1% / n-heptane 99%,group1 | acetone 1% / n-heptane 99%,#4731d8,s,0.8600190614488402,1.5804427727342865,0.9963673720089933,0.1999999999999999,3.2999999999999994,tamsd,,,,,,1.0999999999999996,1.7653088765200098,1.7154468747955112,True
group1,acetone_1_n-heptane_99,acetone 1% / n-heptane 99%,group1 | acetone 1% / n-heptane 99%,#4731d8,s,0.8600190614488402,1.5804427727342865,0.9963673720089933,0.1999999999999999,3.2999999999999994,tamsd,,,,,,1.1999999999999997,1.9404416622413452,1.848741353048311,True
group1,acetone_1_n-heptane_99,acetone 1% / n-heptane 99%,group1 | acetone 1% / n-heptane 99%,#4731d8,s,0.8600190614488402,1.5804427727342865,0.9963673720089933,0.1999999999999999,3.2999999999999994,tamsd,,,,,,1.2999999999999998,2.0783251516661347,1.9804880657273747,True
group1,acetone_1_n-heptane_99,acetone 1% / n-heptane 99%,group1 | acetone 1% / n-heptane 99%,#4731d8,s,0.8600190614488402,1.5804427727342865,0.9963673720089933,0.1999999999999999,3.2999999999999994,tamsd,,,,,,1.3999999999999997,2.2103528313227114,2.11082228653739,True
group1,acetone_1_n-heptane_99,acetone 1% / n-heptane 99%,group1 | acetone 1% / n-heptane 99%,#4731d8,s,0.8600190614488402,1.5804427727342865,0.9963673720089933,0.1999999999999999,3.2999999999999994,tamsd,,,,,,1.4999999999999996,2.3279305861963735,2.23985865944329,True
group1,acetone_1_n-heptane_99,acetone 1% / n-heptane 99%,group1 | acetone 1% / n-heptane 99%,#4731d8,s,0.8600190614488402,1.5804427727342865,0.9963673720089933,0.1999999999999999,3.2999999999999994,tamsd,,,,,,1.5999999999999996,2.432859326714234,2.3676955108037467,True
group1,acetone_1_n-heptane_99,acetone 1% / n-heptane 99%,group1 | acetone 1% / n-heptane 99%,#4731d8,s,0.8600190614488402,1.5804427727342865,0.9963673720089933,0.1999999999999999,3.2999999999999994,tamsd,,,,,,1.6999999999999997,2.556258198082664,2.494418046608412,True
group1,acetone_1_n-heptane_99,acetone 1% / n-heptane 99%,group1 | acetone 1% / n-heptane 99%,#4731d8,s,0.8600190614488402,1.5804427727342865,0.9963673720089933,0.1999999999999999,3.2999999999999994,tamsd,,,,,,1.7999999999999996,2.6501008465953135,2.6201007718438665,True
group1,acetone_1_n-heptane_99,acetone 1% / n-heptane 99%,group1 | acetone 1% / n-heptane 99%,#4731d8,s,0.8600190614488402,1.5804427727342865,0.9963673720089933,0.1999999999999999,3.2999999999999994,tamsd,,,,,,1.8999999999999995,2.8070732078550544,2.7448093540173186,True
group1,acetone_1_n-heptane_99,acetone 1% / n-heptane 99%,group1 | acetone 1% / n-heptane 99%,#4731d8,s,0.8600190614488402,1.5804427727342865,0.9963673720089933,0.1999999999999999,3.2999999999999994,tamsd,,,,,,1.9999999999999996,2.908130800455409,2.8686020811155575,True
group1,acetone_1_n-heptane_99,acetone 1% / n-heptane 99%,group1 | acetone 1% / n-heptane 99%,#4731d8,s,0.8600190614488402,1.5804427727342865,0.9963673720089933,0.1999999999999999,3.2999999999999994,tamsd,,,,,,2.0999999999999996,3.0229403557628833,2.991531018150665,True
group1,acetone_1_n-heptane_99,acetone 1% / n-heptane 99%,group1 | acetone 1% / n-heptane 99%,#4731d8,s,0.8600190614488402,1.5804427727342865,0.9963673720089933,0.1999999999999999,3.2999999999999994,tamsd,,,,,,2.1999999999999993,3.153950473626168,3.113642936003302,True
group1,acetone_1_n-heptane_99,acetone 1% / n-heptane 99%,group1 | acetone 1% / n-heptane 99%,#4731d8,s,0.8600190614488402,1.5804427727342865,0.9963673720089933,0.1999999999999999,3.2999999999999994,tamsd,,,,,,2.2999999999999994,3.2423899089556625,3.2349800657127705,True
group1,acetone_1_n-heptane_99,acetone 1% / n-heptane 99%,group1 | acetone 1% / n-heptane 99%,#4731d8,s,0.8600190614488402,1.5804427727342865,0.9963673720089933,0.1999999999999999,3.2999999999999994,tamsd,,,,,,2.3999999999999995,3.383545412490836,3.355580717183235,True
group1,acetone_1_n-heptane_99,acetone 1% / n-heptane 99%,group1 | acetone 1% / n-heptane 99%,#4731d8,s,0.8600190614488402,1.5804427727342865,0.9963673720089933,0.1999999999999999,3.2999999999999994,tamsd,,,,,,2.4999999999999996,3.524618045758185,3.4754797913128206,True
group1,acetone_1_n-heptane_99,acetone 1% / n-heptane 99%,group1 | acetone 1% / n-heptane 99%,#4731d8,s,0.8600190614488402,1.5804427727342865,0.9963673720089933,0.1999999999999999,3.2999999999999994,tamsd,,,,,,2.5999999999999996,3.6233262645130964,3.594709207433755,True
group1,acetone_1_n-heptane_99,acetone 1% / n-heptane 99%,group1 | acetone 1% / n-heptane 99%,#4731d8,s,0.8600190614488402,1.5804427727342865,0.9963673720089933,0.1999999999999999,3.2999999999999994,tamsd,,,,,,2.6999999999999993,3.783093505019541,3.713298262787024,True
group1,acetone_1_n-heptane_99,acetone 1% / n-heptane 99%,group1 | acetone 1% / n-heptane 99%,#4731d8,s,0.8600190614488402,1.5804427727342865,0.9963673720089933,0.1999999999999999,3.2999999999999994,tamsd,,,,,,2.7999999999999994,3.8679136259791065,3.831273936955312,True
group1,acetone_1_n-heptane_99,acetone 1% / n-heptane 99%,group1 | acetone 1% / n-heptane 99%,#4731d8,s,0.8600190614488402,1.5804427727342865,0.9963673720089933,0.1999999999999999,3.2999999999999994,tamsd,,,,,,2.8999999999999995,3.9589788273841173,3.9486611513465464,True
group1,acetone_1_n-heptane_99,acetone 1% / n-heptane 99%,group1 | acetone 1% / n-heptane 99%,#4731d8,s,0.8600190614488402,1.5804427727342865,0.9963673720089933,0.1999999999999999,3.2999999999999994,tamsd,,,,,,2.999999999999999,4.0098038055732514,4.065482991685634,True
group1,acetone_1_n-heptane_99,acetone 1% / n-heptane 99%,group1 | acetone 1% / n-heptane 99%,#4731d8,s,0.8600190614488402,1.5804427727342865,0.9963673720089933,0.1999999999999999,3.2999999999999994,tamsd,,,,,,3.099999999999999,4.0271053680950395,4.181760899844835,True
group1,acetone_1_n-heptane_99,acetone 1% / n-heptane 99%,group1 | acetone 1% / n-heptane 99%,#4731d8,s,0.8600190614488402,1.5804427727342865,0.9963673720089933,0.1999999999999999,3.2999999999999994,tamsd,,,,,,3.1999999999999993,3.9945257176938753,4.297514840090638,True
group1,acetone_1_n-heptane_99,acetone 1% / n-heptane 99%,group1 | acetone 1% / n-heptane 99%,#4731d8,s,0.8600190614488402,1.5804427727342865,0.9963673720089933,0.1999999999999999,3.2999999999999994,tamsd,,,,,,3.2999999999999994,3.953636908016377,4.412763443851668,True
group1,acetone_20_n-heptane_80,acetone 20% / n-heptane 80%,group1 | acetone 20% / n-heptane 80%,#2ca314,^,0.966161973720631,1.3656329100325675,0.9889257770564808,0.1999999999999999,3.2999999999999994,displacement,0.0,23.82706467691491,23.36812621558184,25.830663686629208,0.0,,,,False
group1,acetone_20_n-heptane_80,acetone 20% / n-heptane 80%,group1 | acetone 20% / n-heptane 80%,#2ca314,^,0.966161973720631,1.3656329100325675,0.9889257770564808,0.1999999999999999,3.2999999999999994,displacement,0.1,23.43325575594034,23.46629155583181,26.20319099746225,0.5509069772493806,,,,False
group1,acetone_20_n-heptane_80,acetone 20% / n-heptane 80%,group1 | acetone 20% / n-heptane 80%,#2ca314,^,0.966161973720631,1.3656329100325675,0.9889257770564808,0.1999999999999999,3.2999999999999994,displacement,0.2,23.62725139176576,23.302026586987648,25.975189796858285,0.2553082575247679,,,,False
group1,acetone_20_n-heptane_80,acetone 20% / n-heptane 80%,group1 | acetone 20% / n-heptane 80%,#2ca314,^,0.966161973720631,1.3656329100325675,0.9889257770564808,0.1999999999999999,3.2999999999999994,displacement,0.3,23.68547521472868,23.15763481006417,26.36635244433929,0.5927197084085921,,,,False
group1,acetone_20_n-heptane_80,acetone 20% / n-heptane 80%,group1 | acetone 20% / n-heptane 80%,#2ca314,^,0.966161973720631,1.3656329100325675,0.9889257770564808,0.1999999999999999,3.2999999999999994,displacement,0.4,23.557908396139428,23.36090169340524,26.195549924978835,0.4534746565559222,,,,False
group1,acetone_20_n-heptane_80,acetone 20% / n-heptane 80%,group1 | acetone 20% / n-heptane 80%,#2ca314,^,0.966161973720631,1.3656329100325675,0.9889257770564808,0.1999999999999999,3.2999999999999994,displacement,0.5,23.69669545526644,23.28894496953072,26.3936111008134,0.5832457413613125,,,,False
group1,acetone_20_n-heptane_80,acetone 20% / n-heptane 80%,group1 | acetone 20% / n-heptane 80%,#2ca314,^,0.966161973720631,1.3656329100325675,0.9889257770564808,0.1999999999999999,3.2999999999999994,displacement,0.6,23.70604860321932,23.2465964076583,26.598542333873464,0.7867985772739413,,,,False
group1,acetone_20_n-heptane_80,acetone 20% / n-heptane 80%,group1 | acetone 20% / n-heptane 80%,#2ca314,^,0.966161973720631,1.3656329100325675,0.9889257770564808,0.1999999999999999,3.2999999999999994,displacement,0.7,23.314360840947916,23.56441758395339,26.597364018470948,0.9429872340380252,,,,False
group1,acetone_20_n-heptane_80,acetone 20% / n-heptane 80%,group1 | acetone 20% / n-heptane 80%,#2ca314,^,0.966161973720631,1.3656329100325675,0.9889257770564808,0.1999999999999999,3.2999999999999994,displacement,0.8,23.622641108168725,23.30991836161144,26.506635239046258,0.7086005146765575,,,,False
group1,acetone_20_n-heptane_80,acetone 20% / n-heptane 80%,group1 | acetone 20% / n-heptane 80%,#2ca314,^,0.966161973720631,1.3656329100325675,0.9889257770564808,0.1999999999999999,3.2999999999999994,displacement,0.9,23.7177501761049,23.01094168178288,26.439196819725048,0.7140329301565593,,,,False
group1,acetone_20_n-heptane_80,acetone 20% / n-heptane 80%,group1 | acetone 20% / n-heptane 80%,#2ca314,^,0.966161973720631,1.3656329100325675,0.9889257770564808,0.1999999999999999,3.2999999999999994,displacement,1.0,23.89621822151179,23.173333593260423,26.286589023172574,0.5005939381807886,,,,False
group1,acetone_20_n-heptane_80,acetone 20% / n-heptane 80%,group1 | acetone 20% / n-heptane 80%,#2ca314,^,0.966161973720631,1.3656329100325675,0.9889257770564808,0.1999999999999999,3.2999999999999994,displacement,1.1,24.04534379939388,23.010123498781702,26.27498837167524,0.6109305576640583,,,,False
group1,acetone_20_n-heptane_80,acetone 20% / n-heptane 80%,group1 | acetone 20% / n-heptane 80%,#2ca314,^,0.966161973720631,1.3656329100325675,0.9889257770564808,0.1999999999999999,3.2999999999999994,displacement,1.2,24.056250484199843,23.256173065927776,25.85081692675629,0.2558628442465432,,,,False
group1,acetone_20_n-heptane_80,acetone 20% / n-heptane 80%,group1 | acetone 20% / n-heptane 80%,#2ca314,^,0.966161973720631,1.3656329100325675,0.9889257770564808,0.1999999999999999,3.2999999999999994,displacement,1.3,24.0024851487064,22.83494798072546,25.95004312833958,0.5738491292588962,,,,False
group1,acetone_20_n-heptane_80,acetone 20% / n-heptane 80%,group1 | acetone 20% / n-heptane 80%,#2ca314,^,0.966161973720631,1.3656329100325675,0.9889257770564808,0.1999999999999999,3.2999999999999994,displacement,1.4,24.28238021409247,23.18806841850258,25.79075966694369,0.4912487958981534,,,,False
group1,acetone_20_n-heptane_80,acetone 20% / n-heptane 80%,group1 | acetone 20% / n-heptane 80%,#2ca314,^,0.966161973720631,1.3656329100325675,0.9889257770564808,0.1999999999999999,3.2999999999999994,displacement,1.5,24.26966230328604,23.47063006142298,25.69955552738034,0.4728520346823179,,,,False
group1,acetone_20_n-heptane_80,acetone 20% / n-heptane 80%,group1 | acetone 20% / n-heptane 80%,#2ca314,^,0.966161973720631,1.3656329100325675,0.9889257770564808,0.1999999999999999,3.2999999999999994,displacement,1.6,24.26824306325094,23.18965533191897,26.07817474886863,0.5364251586347824,,,,False
group1,acetone_20_n-heptane_80,acetone 20% / n-heptane 80%,group1 | acetone 20% / n-heptane 80%,#2ca314,^,0.966161973720631,1.3656329100325675,0.9889257770564808,0.1999999999999999,3.2999999999999994,displacement,1.7,24.318285106736614,23.21520555211732,25.837339136703168,0.51451608490147,,,,False
group1,acetone_20_n-heptane_80,acetone 20% / n-heptane 80%,group1 | acetone 20% / n-heptane 80%,#2ca314,^,0.966161973720631,1.3656329100325675,0.9889257770564808,0.1999999999999999,3.2999999999999994,displacement,1.8,23.909683775369505,23.23005176593729,26.245251914522868,0.4447177394506541,,,,False
group1,acetone_20_n-heptane_80,acetone 20% / n-heptane 80%,group1 | acetone 20% / n-heptane 80%,#2ca314,^,0.966161973720631,1.3656329100325675,0.9889257770564808,0.1999999999999999,3.2999999999999994,displacement,1.9,23.18686061310512,22.88542492115861,26.26623580708982,0.91246087865672,,,,False
group1,acetone_20_n-heptane_80,acetone 20% / n-heptane 80%,group1 | acetone 20% / n-heptane 80%,#2ca314,^,0.966161973720631,1.3656329100325675,0.9889257770564808,0.1999999999999999,3.2999999999999994,displacement,2.0,23.62425312640655,23.02263618268852,26.13161138399647,0.501064271724587,,,,False
group1,acetone_20_n-heptane_80,acetone 20% / n-heptane 80%,group1 | acetone 20% / n-heptane 80%,#2ca314,^,0.966161973720631,1.3656329100325675,0.9889257770564808,0.1999999999999999,3.2999999999999994,displacement,2.1,23.48066873665583,22.859382533383133,25.55530355124921,0.6742651449997709,,,,False
group1,acetone_20_n-heptane_80,acetone 20% / n-heptane 80%,group1 | acetone 20% / n-heptane 80%,#2ca314,^,0.966161973720631,1.3656329100325675,0.9889257770564808,0.1999999999999999,3.2999999999999994,displacement,2.2,23.847461613597723,23.33802360932736,25.32723601284936,0.5047391649721092,,,,False
group1,acetone_20_n-heptane_80,acetone 20% / n-heptane 80%,group1 | acetone 20% / n-heptane 80%,#2ca314,^,0.966161973720631,1.3656329100325675,0.9889257770564808,0.1999999999999999,3.2999999999999994,displacement,2.3,24.11544102996173,23.06980239303713,25.4607515228534,0.5558714176889911,,,,False
group1,acetone_20_n-heptane_80,acetone 20% / n-heptane 80%,group1 | acetone 20% / n-heptane 80%,#2ca314,^,0.966161973720631,1.3656329100325675,0.9889257770564808,0.1999999999999999,3.2999999999999994,displacement,2.4,24.222125919501654,23.085231868371118,25.736583947328302,0.4949278679008572,,,,False
group1,acetone_20_n-heptane_80,acetone 20% / n-heptane 80%,group1 | acetone 20% / n-heptane 80%,#2ca314,^,0.966161973720631,1.3656329100325675,0.9889257770564808,0.1999999999999999,3.2999999999999994,displacement,2.5,24.16799615939749,23.18372241224997,25.640030728527854,0.4319490284113338,,,,False
group1,acetone_20_n-heptane_80,acetone 20% / n-heptane 80%,group1 | acetone 20% / n-heptane 80%,#2ca314,^,0.966161973720631,1.3656329100325675,0.9889257770564808,0.1999999999999999,3.2999999999999994,displacement,2.6,24.288146049527104,23.83803093025404,25.599654455483968,0.6976902879612269,,,,False
group1,acetone_20_n-heptane_80,acetone 20% / n-heptane 80%,group1 | acetone 20% / n-heptane 80%,#2ca314,^,0.966161973720631,1.3656329100325675,0.9889257770564808,0.1999999999999999,3.2999999999999994,displacement,2.7,24.523710830283083,23.269419985118827,26.08546241553596,0.7483188993920863,,,,False
group1,acetone_20_n-heptane_80,acetone 20% / n-heptane 80%,group1 | acetone 20% / n-heptane 80%,#2ca314,^,0.966161973720631,1.3656329100325675,0.9889257770564808,0.1999999999999999,3.2999999999999994,displacement,2.8,24.390505838267064,23.192899272238588,26.013609532371,0.6177698652843621,,,,False
group1,acetone_20_n-heptane_80,acetone 20% / n-heptane 80%,group1 | acetone 20% / n-heptane 80%,#2ca314,^,0.966161973720631,1.3656329100325675,0.9889257770564808,0.1999999999999999,3.2999999999999994,displacement,2.9,24.72665678914459,23.177201010004456,26.500843424258637,1.1379188385995147,,,,False
group1,acetone_20_n-heptane_80,acetone 20% / n-heptane 80%,group1 | acetone 20% / n-heptane 80%,#2ca314,^,0.966161973720631,1.3656329100325675,0.9889257770564808,0.1999999999999999,3.2999999999999994,displacement,3.0,24.74890051949517,22.8041786271821,26.60579574753193,1.3299052278139345,,,,False
group1,acetone_20_n-heptane_80,acetone 20% / n-heptane 80%,group1 | acetone 20% / n-heptane 80%,#2ca314,^,0.966161973720631,1.3656329100325675,0.9889257770564808,0.1999999999999999,3.2999999999999994,displacement,3.1,24.927555514778582,22.834322963948697,26.91403564713642,1.6339280279404125,,,,False
group1,acetone_20_n-heptane_80,acetone 20% / n-heptane 80%,group1 | acetone 20% / n-heptane 80%,#2ca314,^,0.966161973720631,1.3656329100325675,0.9889257770564808,0.1999999999999999,3.2999999999999994,displacement,3.2,24.815539724769963,23.16070056322921,26.72666478972152,1.3501578790010451,,,,False
group1,acetone_20_n-heptane_80,acetone 20% / n-heptane 80%,group1 | acetone 20% / n-heptane 80%,#2ca314,^,0.966161973720631,1.3656329100325675,0.9889257770564808,0.1999999999999999,3.2999999999999994,displacement,3.3,24.955907032125317,23.30995229263445,26.35423279434085,1.2457101905250771,,,,False
group1,acetone_20_n-heptane_80,acetone 20% / n-heptane 80%,group1 | acetone 20% / n-heptane 80%,#2ca314,^,0.966161973720631,1.3656329100325675,0.9889257770564808,0.1999999999999999,3.2999999999999994,displacement,3.4,24.36619397847235,23.48576348308709,26.23024408531713,0.6812954025380715,,,,False
group1,acetone_20_n-heptane_80,acetone 20% / n-heptane 80%,group1 | acetone 20% / n-heptane 80%,#2ca314,^,0.966161973720631,1.3656329100325675,0.9889257770564808,0.1999999999999999,3.2999999999999994,displacement,3.5,24.239450008490827,23.567399673682992,25.90211412687886,0.4635479891170266,,,,False
group1,acetone_20_n-heptane_80,acetone 20% / n-heptane 80%,group1 | acetone 20% / n-heptane 80%,#2ca314,^,0.966161973720631,1.3656329100325675,0.9889257770564808,0.1999999999999999,3.2999999999999994,displacement,3.6,23.901836449771707,23.677973662573567,25.770358292239948,0.3243963609781782,,,,False
group1,acetone_20_n-heptane_80,acetone 20% / n-heptane 80%,group1 | acetone 20% / n-heptane 80%,#2ca314,^,0.966161973720631,1.3656329100325675,0.9889257770564808,0.1999999999999999,3.2999999999999994,displacement,3.7,23.70817674737397,23.66120067469439,25.63366085054946,0.372608502047537,,,,False
group1,acetone_20_n-heptane_80,acetone 20% / n-heptane 80%,group1 | acetone 20% / n-heptane 80%,#2ca314,^,0.966161973720631,1.3656329100325675,0.9889257770564808,0.1999999999999999,3.2999999999999994,displacement,3.8,23.92718222517868,23.59305239099446,25.32625796993235,0.5612846291255158,,,,False
group1,acetone_20_n-heptane_80,acetone 20% / n-heptane 80%,group1 | acetone 20% / n-heptane 80%,#2ca314,^,0.966161973720631,1.3656329100325675,0.9889257770564808,0.1999999999999999,3.2999999999999994,displacement,3.9,23.53081469159166,23.6624228326651,25.07595559056975,0.8625304996858764,,,,False
group1,acetone_20_n-heptane_80,acetone 20% / n-heptane 80%,group1 | acetone 20% / n-heptane 80%,#2ca314,^,0.966161973720631,1.3656329100325675,0.9889257770564808,0.1999999999999999,3.2999999999999994,displacement,4.0,23.220750704535952,23.565312286412997,25.21502387888941,0.8862907832679277,,,,False
group1,acetone_20_n-heptane_80,acetone 20% / n-heptane 80%,group1 | acetone 20% / n-heptane 80%,#2ca314,^,0.966161973720631,1.3656329100325675,0.9889257770564808,0.1999999999999999,3.2999999999999994,displacement,4.1,23.13926410016282,23.56556540200671,25.14125812573805,0.9936457583587174,,,,False
group1,acetone_20_n-heptane_80,acetone 20% / n-heptane 80%,group1 | acetone 20% / n-heptane 80%,#2ca314,^,0.966161973720631,1.3656329100325675,0.9889257770564808,0.1999999999999999,3.2999999999999994,displacement,4.2,23.187899421325174,23.28727647553599,25.159748888954866,0.930158895112542,,,,False
group1,acetone_20_n-heptane_80,acetone 20% / n-heptane 80%,group1 | acetone 20% / n-heptane 80%,#2ca314,^,0.966161973720631,1.3656329100325675,0.9889257770564808,0.1999999999999999,3.2999999999999994,displacement,4.3,23.489018330169024,23.331185027175305,25.10083957618485,0.8051603667189703,,,,False
group1,acetone_20_n-heptane_80,acetone 20% / n-heptane 80%,group1 | acetone 20% / n-heptane 80%,#2ca314,^,0.966161973720631,1.3656329100325675,0.9889257770564808,0.1999999999999999,3.2999999999999994,displacement,4.4,23.627286975308813,23.047074132319352,25.15194672685239,0.7769441947237166,,,,False
group1,acetone_20_n-heptane_80,acetone 20% / n-heptane 80%,group1 | acetone 20% / n-heptane 80%,#2ca314,^,0.966161973720631,1.3656329100325675,0.9889257770564808,0.1999999999999999,3.2999999999999994,displacement,4.5,23.192460736721056,23.40089736747815,25.137978002983985,0.9400050880890102,,,,False
group1,acetone_20_n-heptane_80,acetone 20% / n-heptane 80%,group1 | acetone 20% / n-heptane 80%,#2ca314,^,0.966161973720631,1.3656329100325675,0.9889257770564808,0.1999999999999999,3.2999999999999994,displacement,4.6,23.37873850964844,23.4726419354014,24.940595828935542,1.0020682008948467,,,,False
group1,acetone_20_n-heptane_80,acetone 20% / n-heptane 80%,group1 | acetone 20% / n-heptane 80%,#2ca314,^,0.966161973720631,1.3656329100325675,0.9889257770564808,0.1999999999999999,3.2999999999999994,displacement,4.7,23.31179094357382,23.67596058769977,24.744188763261523,1.2412480735273377,,,,False
group1,acetone_20_n-heptane_80,acetone 20% / n-heptane 80%,group1 | acetone 20% / n-heptane 80%,#2ca314,^,0.966161973720631,1.3656329100325675,0.9889257770564808,0.1999999999999999,3.2999999999999994,displacement,4.8,23.40686467659357,23.99661059004322,24.96230202122684,1.1513525225370973,,,,False
group1,acetone_20_n-heptane_80,acetone 20% / n-heptane 80%,group1 | acetone 20% / n-heptane 80%,#2ca314,^,0.966161973720631,1.3656329100325675,0.9889257770564808,0.1999999999999999,3.2999999999999994,displacement,4.9,23.31852623204569,23.97745118073149,24.79573316926664,1.3042121908773094,,,,False
group1,acetone_20_n-heptane_80,acetone 20% / n-heptane 80%,group1 | acetone 20% / n-heptane 80%,#2ca314,^,0.966161973720631,1.3656329100325675,0.9889257770564808,0.1999999999999999,3.2999999999999994,displacement,5.0,23.319010444066635,23.69380569795549,24.97766666271335,1.0448876262850142,,,,False
group1,acetone_20_n-heptane_80,acetone 20% / n-heptane 80%,group1 | acetone 20% / n-heptane 80%,#2ca314,^,0.966161973720631,1.3656329100325675,0.9889257770564808,0.1999999999999999,3.2999999999999994,displacement,5.1,23.12683999833094,23.710973222803837,24.951259489406112,1.1752490854932425,,,,False
group1,acetone_20_n-heptane_80,acetone 20% / n-heptane 80%,group1 | acetone 20% / n-heptane 80%,#2ca314,^,0.966161973720631,1.3656329100325675,0.9889257770564808,0.1999999999999999,3.2999999999999994,displacement,5.2,23.293467017247004,23.350646629622016,24.89866138142369,1.0740857951005571,,,,False
group1,acetone_20_n-heptane_80,acetone 20% / n-heptane 80%,group1 | acetone 20% / n-heptane 80%,#2ca314,^,0.966161973720631,1.3656329100325675,0.9889257770564808,0.1999999999999999,3.2999999999999994,displacement,5.3,23.632281427274837,23.349764006657303,24.600044980126125,1.2460738685375998,,,,False
group1,acetone_20_n-heptane_80,acetone 20% / n-heptane 80%,group1 | acetone 20% / n-heptane 80%,#2ca314,^,0.966161973720631,1.3656329100325675,0.9889257770564808,0.1999999999999999,3.2999999999999994,displacement,5.4,23.5084188139559,23.665289486451144,24.128434547686435,1.7571070647517446,,,,False
group1,acetone_20_n-heptane_80,acetone 20% / n-heptane 80%,group1 | acetone 20% / n-heptane 80%,#2ca314,^,0.966161973720631,1.3656329100325675,0.9889257770564808,0.1999999999999999,3.2999999999999994,displacement,5.5,23.18655570818204,23.71036849299897,24.45854033678105,1.5524509662715404,,,,False
group1,acetone_20_n-heptane_80,acetone 20% / n-heptane 80%,group1 | acetone 20% / n-heptane 80%,#2ca314,^,0.966161973720631,1.3656329100325675,0.9889257770564808,0.1999999999999999,3.2999999999999994,displacement,5.6,23.08055089619229,23.60467158963302,24.16457080924892,1.8409513885084328,,,,False
group1,acetone_20_n-heptane_80,acetone 20% / n-heptane 80%,group1 | acetone 20% / n-heptane 80%,#2ca314,^,0.966161973720631,1.3656329100325675,0.9889257770564808,0.1999999999999999,3.2999999999999994,displacement,5.7,22.8604798511394,23.8553266659117,24.24369747866489,1.920966488370303,,,,False
group1,acetone_20_n-heptane_80,acetone 20% / n-heptane 80%,group1 | acetone 20% / n-heptane 80%,#2ca314,^,0.966161973720631,1.3656329100325675,0.9889257770564808,0.1999999999999999,3.2999999999999994,displacement,5.8,22.67998876689628,24.02207258515114,24.14335303659869,2.142532666571121,,,,False
group1,acetone_20_n-heptane_80,acetone 20% / n-heptane 80%,group1 | acetone 20% / n-heptane 80%,#2ca314,^,0.966161973720631,1.3656329100325675,0.9889257770564808,0.1999999999999999,3.2999999999999994,displacement,5.9,22.821515708894843,24.118350505911152,23.88681119571567,2.313553050897497,,,,False
group1,acetone_20_n-heptane_80,acetone 20% / n-heptane 80%,group1 | acetone 20% / n-heptane 80%,#2ca314,^,0.966161973720631,1.3656329100325675,0.9889257770564808,0.1999999999999999,3.2999999999999994,displacement,6.0,23.230928534104837,24.143822917962183,23.536570265971157,2.4939824172505287,,,,False
group1,acetone_20_n-heptane_80,acetone 20% / n-heptane 80%,group1 | acetone 20% / n-heptane 80%,#2ca314,^,0.966161973720631,1.3656329100325675,0.9889257770564808,0.1999999999999999,3.2999999999999994,displacement,6.1,22.942440613256714,24.36314457124056,23.42901979351844,2.745999754445944,,,,False
group1,acetone_20_n-heptane_80,acetone 20% / n-heptane 80%,group1 | acetone 20% / n-heptane 80%,#2ca314,^,0.966161973720631,1.3656329100325675,0.9889257770564808,0.1999999999999999,3.2999999999999994,displacement,6.2,22.99662146500305,24.456695682171283,23.02959087102253,3.1177922204874444,,,,False
group1,acetone_20_n-heptane_80,acetone 20% / n-heptane 80%,group1 | acetone 20% / n-heptane 80%,#2ca314,^,0.966161973720631,1.3656329100325675,0.9889257770564808,0.1999999999999999,3.2999999999999994,displacement,6.3,22.75961558202185,24.52091951061708,23.47612909619152,2.83058529086014,,,,False
group1,acetone_20_n-heptane_80,acetone 20% / n-heptane 80%,group1 | acetone 20% / n-heptane 80%,#2ca314,^,0.966161973720631,1.3656329100325675,0.9889257770564808,0.1999999999999999,3.2999999999999994,displacement,6.4,23.075193124384523,24.477542639807083,23.525526248500903,2.666415992021109,,,,False
group1,acetone_20_n-heptane_80,acetone 20% / n-heptane 80%,group1 | acetone 20% / n-heptane 80%,#2ca314,^,0.966161973720631,1.3656329100325675,0.9889257770564808,0.1999999999999999,3.2999999999999994,displacement,6.5,23.113975223602285,24.176087132142204,23.163113661389385,2.876998531155646,,,,False
group1,acetone_20_n-heptane_80,acetone 20% / n-heptane 80%,group1 | acetone 20% / n-heptane 80%,#2ca314,^,0.966161973720631,1.3656329100325675,0.9889257770564808,0.1999999999999999,3.2999999999999994,displacement,6.6,23.216452099568937,24.132328016218548,23.50199971568222,2.5257727532967165,,,,False
group1,acetone_20_n-heptane_80,acetone 20% / n-heptane 80%,group1 | acetone 20% / n-heptane 80%,#2ca314,^,0.966161973720631,1.3656329100325675,0.9889257770564808,0.1999999999999999,3.2999999999999994,displacement,6.7,23.324974920786648,24.278017969346,23.198784185660617,2.8296266245559023,,,,False
group1,acetone_20_n-heptane_80,acetone 20% / n-heptane 80%,group1 | acetone 20% / n-heptane 80%,#2ca314,^,0.966161973720631,1.3656329100325675,0.9889257770564808,0.1999999999999999,3.2999999999999994,displacement,6.8,23.225652311251736,24.22717392460388,23.281895795796423,2.7560619661554786,,,,False
group1,acetone_20_n-heptane_80,acetone 20% / n-heptane 80%,group1 | acetone 20% / n-heptane 80%,#2ca314,^,0.966161973720631,1.3656329100325675,0.9889257770564808,0.1999999999999999,3.2999999999999994,displacement,6.9,23.55590852908166,24.07804993388477,23.340081329876934,2.603942744778103,,,,False
group1,acetone_20_n-heptane_80,acetone 20% / n-heptane 80%,group1 | acetone 20% / n-heptane 80%,#2ca314,^,0.966161973720631,1.3656329100325675,0.9889257770564808,0.1999999999999999,3.2999999999999994,displacement,7.0,23.928165475561443,24.22237001880963,23.53292980133788,2.453474037860605,,,,False
group1,acetone_20_n-heptane_80,acetone 20% / n-heptane 80%,group1 | acetone 20% / n-heptane 80%,#2ca314,^,0.966161973720631,1.3656329100325675,0.9889257770564808,0.1999999999999999,3.2999999999999994,displacement,7.1,23.728819272137173,24.58243711195318,23.419161870928423,2.7017668514759543,,,,False
group1,acetone_20_n-heptane_80,acetone 20% / n-heptane 80%,group1 | acetone 20% / n-heptane 80%,#2ca314,^,0.966161973720631,1.3656329100325675,0.9889257770564808,0.1999999999999999,3.2999999999999994,displacement,7.2,24.07800750585066,24.714790854675545,23.276881723135386,2.8979786525518163,,,,False
group1,acetone_20_n-heptane_80,acetone 20% / n-heptane 80%,group1 | acetone 20% / n-heptane 80%,#2ca314,^,0.966161973720631,1.3656329100325675,0.9889257770564808,0.1999999999999999,3.2999999999999994,displacement,7.3,23.88459003892561,24.461305917060795,23.160901447372808,2.885477679892781,,,,False
group1,acetone_20_n-heptane_80,acetone 20% / n-heptane 80%,group1 | acetone 20% / n-heptane 80%,#2ca314,^,0.966161973720631,1.3656329100325675,0.9889257770564808,0.1999999999999999,3.2999999999999994,displacement,7.4,24.094019977545567,24.529895379287144,24.039830126902185,2.151292067785285,,,,False
group1,acetone_20_n-heptane_80,acetone 20% / n-heptane 80%,group1 | acetone 20% / n-heptane 80%,#2ca314,^,0.966161973720631,1.3656329100325675,0.9889257770564808,0.1999999999999999,3.2999999999999994,displacement,7.5,23.906487021851245,24.38302289979705,23.892696913101123,2.1890724985265053,,,,False
group1,acetone_20_n-heptane_80,acetone 20% / n-heptane 80%,group1 | acetone 20% / n-heptane 80%,#2ca314,^,0.966161973720631,1.3656329100325675,0.9889257770564808,0.1999999999999999,3.2999999999999994,displacement,7.6,24.033627358470508,24.027476809338047,23.679671098409575,2.259243338260376,,,,False
group1,acetone_20_n-heptane_80,acetone 20% / n-heptane 80%,group1 | acetone 20% / n-heptane 80%,#2ca314,^,0.966161973720631,1.3656329100325675,0.9889257770564808,0.1999999999999999,3.2999999999999994,displacement,7.7,24.1186931836496,24.085324859929194,23.25079989899213,2.693532669962459,,,,False
group1,acetone_20_n-heptane_80,acetone 20% / n-heptane 80%,group1 | acetone 20% / n-heptane 80%,#2ca314,^,0.966161973720631,1.3656329100325675,0.9889257770564808,0.1999999999999999,3.2999999999999994,displacement,7.8,24.359026819400924,23.421019230027014,23.144853580405748,2.738495447998313,,,,False
group1,acetone_20_n-heptane_80,acetone 20% / n-heptane 80%,group1 | acetone 20% / n-heptane 80%,#2ca314,^,0.966161973720631,1.3656329100325675,0.9889257770564808,0.1999999999999999,3.2999999999999994,displacement,7.9,24.35565151953097,23.32297879171167,23.267568703190918,2.6174220588578123,,,,False
group1,acetone_20_n-heptane_80,acetone 20% / n-heptane 80%,group1 | acetone 20% / n-heptane 80%,#2ca314,^,0.966161973720631,1.3656329100325675,0.9889257770564808,0.1999999999999999,3.2999999999999994,displacement,8.0,24.73494130750436,23.7728628080014,23.0884227661663,2.9168368057666694,,,,False
group1,acetone_20_n-heptane_80,acetone 20% / n-heptane 80%,group1 | acetone 20% / n-heptane 80%,#2ca314,^,0.966161973720631,1.3656329100325675,0.9889257770564808,0.1999999999999999,3.2999999999999994,displacement,8.1,24.685946877198475,23.854677834696844,23.066001792822338,2.935603259824999,,,,False
group1,acetone_20_n-heptane_80,acetone 20% / n-heptane 80%,group1 | acetone 20% / n-heptane 80%,#2ca314,^,0.966161973720631,1.3656329100325675,0.9889257770564808,0.1999999999999999,3.2999999999999994,displacement,8.2,24.680114637459567,23.41425430150565,23.140292785742428,2.8227500101558016,,,,False
group1,acetone_20_n-heptane_80,acetone 20% / n-heptane 80%,group1 | acetone 20% / n-heptane 80%,#2ca314,^,0.966161973720631,1.3656329100325675,0.9889257770564808,0.1999999999999999,3.2999999999999994,displacement,8.3,24.64167981503712,23.546261219936078,22.92900761313127,3.019095538717121,,,,False
group1,acetone_20_n-heptane_80,acetone 20% / n-heptane 80%,group1 | acetone 20% / n-heptane 80%,#2ca314,^,0.966161973720631,1.3656329100325675,0.9889257770564808,0.1999999999999999,3.2999999999999994,displacement,8.4,24.649805481133765,23.72939036980978,23.185699907332086,2.7934293643925256,,,,False
group1,acetone_20_n-heptane_80,acetone 20% / n-heptane 80%,group1 | acetone 20% / n-heptane 80%,#2ca314,^,0.966161973720631,1.3656329100325675,0.9889257770564808,0.1999999999999999,3.2999999999999994,displacement,8.5,25.033543190132196,23.70515965619537,23.269568464746524,2.8510332650632284,,,,False
group1,acetone_20_n-heptane_80,acetone 20% / n-heptane 80%,group1 | acetone 20% / n-heptane 80%,#2ca314,^,0.966161973720631,1.3656329100325675,0.9889257770564808,0.1999999999999999,3.2999999999999994,displacement,8.6,25.096204248359893,24.324290702701653,23.23016077698564,3.04755330737648,,,,False
group1,acetone_20_n-heptane_80,acetone 20% / n-heptane 80%,group1 | acetone 20% / n-heptane 80%,#2ca314,^,0.966161973720631,1.3656329100325675,0.9889257770564808,0.1999999999999999,3.2999999999999994,displacement,8.7,24.818234225708363,23.943274400127525,23.551929046299367,2.550655615656645,,,,False
group1,acetone_20_n-heptane_80,acetone 20% / n-heptane 80%,group1 | acetone 20% / n-heptane 80%,#2ca314,^,0.966161973720631,1.3656329100325675,0.9889257770564808,0.1999999999999999,3.2999999999999994,displacement,8.8,24.97107885317496,24.018058542827955,23.799396732843174,2.420170635105445,,,,False
group1,acetone_20_n-heptane_80,acetone 20% / n-heptane 80%,group1 | acetone 20% / n-heptane 80%,#2ca314,^,0.966161973720631,1.3656329100325675,0.9889257770564808,0.1999999999999999,3.2999999999999994,displacement,8.9,25.14993600533249,23.87719937247453,23.746368342816865,2.5206013391363173,,,,False
group1,acetone_20_n-heptane_80,acetone 20% / n-heptane 80%,group1 | acetone 20% / n-heptane 80%,#2ca314,^,0.966161973720631,1.3656329100325675,0.9889257770564808,0.1999999999999999,3.2999999999999994,displacement,9.0,25.08797323719926,24.4396284457834,22.99807681242591,3.28048103585954,,,,False
group1,acetone_20_n-heptane_80,acetone 20% / n-heptane 80%,group1 | acetone 20% / n-heptane 80%,#2ca314,^,0.966161973720631,1.3656329100325675,0.9889257770564808,0.1999999999999999,3.2999999999999994,displacement,9.1,25.182493409535684,24.1471129723035,23.19801787193397,3.0618346464161053,,,,False
group1,acetone_20_n-heptane_80,acetone 20% / n-heptane 80%,group1 | acetone 20% / n-heptane 80%,#2ca314,^,0.966161973720631,1.3656329100325675,0.9889257770564808,0.1999999999999999,3.2999999999999994,displacement,9.2,25.108325320035124,24.089815924135337,23.548133522625093,2.7152180060962885,,,,False
group1,acetone_20_n-heptane_80,acetone 20% / n-heptane 80%,group1 | acetone 20% / n-heptane 80%,#2ca314,^,0.966161973720631,1.3656329100325675,0.9889257770564808,0.1999999999999999,3.2999999999999994,displacement,9.3,25.39106048955692,24.398593419803937,23.511862194430705,2.9807358019725685,,,,False
group1,acetone_20_n-heptane_80,acetone 20% / n-heptane 80%,group1 | acetone 20% / n-heptane 80%,#2ca314,^,0.966161973720631,1.3656329100325675,0.9889257770564808,0.1999999999999999,3.2999999999999994,displacement,9.4,25.34995410576766,24.60992865207487,23.77774081701141,2.841787784545369,,,,False
group1,acetone_20_n-heptane_80,acetone 20% / n-heptane 80%,group1 | acetone 20% / n-heptane 80%,#2ca314,^,0.966161973720631,1.3656329100325675,0.9889257770564808,0.1999999999999999,3.2999999999999994,displacement,9.5,25.22050942847357,24.836318154272725,23.305126836699337,3.236605046161328,,,,False
group1,acetone_20_n-heptane_80,acetone 20% / n-heptane 80%,group1 | acetone 20% / n-heptane 80%,#2ca314,^,0.966161973720631,1.3656329100325675,0.9889257770564808,0.1999999999999999,3.2999999999999994,displacement,9.6,25.302136225921608,24.964919516805857,23.06550930762841,3.51733758135755,,,,False
group1,acetone_20_n-heptane_80,acetone 20% / n-heptane 80%,group1 | acetone 20% / n-heptane 80%,#2ca314,^,0.966161973720631,1.3656329100325675,0.9889257770564808,0.1999999999999999,3.2999999999999994,displacement,9.7,25.230562178900183,24.888509001946908,23.650871175072677,3.005472416874268,,,,False
group1,acetone_20_n-heptane_80,acetone 20% / n-heptane 80%,group1 | acetone 20% / n-heptane 80%,#2ca314,^,0.966161973720631,1.3656329100325675,0.9889257770564808,0.1999999999999999,3.2999999999999994,displacement,9.8,24.981958417099563,24.64879567851127,23.458967215808197,2.932377529258896,,,,False
group1,acetone_20_n-heptane_80,acetone 20% / n-heptane 80%,group1 | acetone 20% / n-heptane 80%,#2ca314,^,0.966161973720631,1.3656329100325675,0.9889257770564808,0.1999999999999999,3.2999999999999994,displacement,9.9,24.98104084682896,24.878238437452996,23.34877112788307,3.126002334697398,,,,False
group1,acetone_20_n-heptane_80,acetone 20% / n-heptane 80%,group1 | acetone 20% / n-heptane 80%,#2ca314,^,0.966161973720631,1.3656329100325675,0.9889257770564808,0.1999999999999999,3.2999999999999994,displacement,10.0,24.893101074848023,25.188449765070903,23.59827208223707,3.0714139580823647,,,,False
group1,acetone_20_n-heptane_80,acetone 20% / n-heptane 80%,group1 | acetone 20% / n-heptane 80%,#2ca314,^,0.966161973720631,1.3656329100325675,0.9889257770564808,0.1999999999999999,3.2999999999999994,tamsd,,,,,,0.09999999999999998,0.18831159412861667,0.14762910962517398,False
group1,acetone_20_n-heptane_80,acetone 20% / n-heptane 80%,group1 | acetone 20% / n-heptane 80%,#2ca314,^,0.966161973720631,1.3656329100325675,0.9889257770564808,0.1999999999999999,3.2999999999999994,tamsd,,,,,,0.19999999999999996,0.3220935726060044,0.2884135998346946,True
group1,acetone_20_n-heptane_80,acetone 20% / n-heptane 80%,group1 | acetone 20% / n-heptane 80%,#2ca314,^,0.966161973720631,1.3656329100325675,0.9889257770564808,0.1999999999999999,3.2999999999999994,tamsd,,,,,,0.29999999999999993,0.4568749757633923,0.426725320866085,True
group1,acetone_20_n-heptane_80,acetone 20% / n-heptane 80%,group1 | acetone 20% / n-heptane 80%,#2ca314,^,0.966161973720631,1.3656329100325675,0.9889257770564808,0.1999999999999999,3.2999999999999994,tamsd,,,,,,0.3999999999999999,0.5958597178550286,0.5634553021474225,True
group1,acetone_20_n-heptane_80,acetone 20% / n-heptane 80%,group1 | acetone 20% / n-heptane 80%,#2ca314,^,0.966161973720631,1.3656329100325675,0.9889257770564808,0.1999999999999999,3.2999999999999994,tamsd,,,,,,0.4999999999999999,0.7233294288885935,0.6990210263957565,True
group1,acetone_20_n-heptane_80,acetone 20% / n-heptane 80%,group1 | acetone 20% / n-heptane 80%,#2ca314,^,0.966161973720631,1.3656329100325675,0.9889257770564808,0.1999999999999999,3.2999999999999994,tamsd,,,,,,0.5999999999999999,0.8502617580344165,0.8336661126256363,True
group1,acetone_20_n-heptane_80,acetone 20% / n-heptane 80%,group1 | acetone 20% / n-heptane 80%,#2ca314,^,0.966161973720631,1.3656329100325675,0.9889257770564808,0.1999999999999999,3.2999999999999994,tamsd,,,,,,0.6999999999999998,0.998049584943762,0.9675503865779166,True
group1,acetone_20_n-heptane_80,acetone 20% / n-heptane 80%,group1 | acetone 20% / n-heptane 80%,#2ca314,^,0.966161973720631,1.3656329100325675,0.9889257770564808,0.1999999999999999,3.2999999999999994,tamsd,,,,,,0.7999999999999998,1.1018107530212504,1.100786778778841,True
group1,acetone_20_n-heptane_80,acetone 20% / n-heptane 80%,group1 | acetone 20% / n-heptane 80%,#2ca314,^,0.966161973720631,1.3656329100325675,0.9889257770564808,0.1999999999999999,3.2999999999999994,tamsd,,,,,,0.8999999999999998,1.1980217964685809,1.2334593084696903,True
group1,acetone_20_n-heptane_80,acetone 20% / n-heptane 80%,group1 | acetone 20% / n-heptane 80%,#2ca314,^,0.966161973720631,1.3656329100325675,0.9889257770564808,0.1999999999999999,3.2999999999999994,tamsd,,,,,,0.9999999999999998,1.2806140460694206,1.3656329100325673,True
group1,acetone_20_n-heptane_80,acetone 20% / n-heptane 80%,group1 | acetone 20% / n-heptane 80%,#2ca314,^,0.966161973720631,1.3656329100325675,0.9889257770564808,0.1999999999999999,3.2999999999999994,tamsd,,,,,,1.0999999999999996,1.3821083216426346,1.4973592595189502,True
group1,acetone_20_n-heptane_80,acetone 20% / n-heptane 80%,group1 | acetone 20% / n-heptane 80%,#2ca314,^,0.966161973720631,1.3656329100325675,0.9889257770564808,0.1999999999999999,3.2999999999999994,tamsd,,,,,,1.1999999999999997,1.4898786662755774,1.6286804493573626,True
group1,acetone_20_n-heptane_80,acetone 20% / n-heptane 80%,group1 | acetone 20% / n-heptane 80%,#2ca314,^,0.966161973720631,1.3656329100325675,0.9889257770564808,0.1999999999999999,3.2999999999999994,tamsd,,,,,,1.2999999999999998,1.5851166183486272,1.7596314208028383,True
group1,acetone_20_n-heptane_80,acetone 20% / n-heptane 80%,group1 | acetone 20% / n-heptane 80%,#2ca314,^,0.966161973720631,1.3656329100325675,0.9889257770564808,0.1999999999999999,3.2999999999999994,tamsd,,,,,,1.3999999999999997,1.7246134876283818,1.890241638135589,True
group1,acetone_20_n-heptane_80,acetone 20% / n-heptane 80%,group1 | acetone 20% / n-heptane 80%,#2ca314,^,0.966161973720631,1.3656329100325675,0.9889257770564808,0.1999999999999999,3.2999999999999994,tamsd,,,,,,1.4999999999999996,1.872838451376073,2.0205362786392116,True
group1,acetone_20_n-heptane_80,acetone 20% / n-heptane 80%,group1 | acetone 20% / n-heptane 80%,#2ca314,^,0.966161973720631,1.3656329100325675,0.9889257770564808,0.1999999999999999,3.2999999999999994,tamsd,,,,,,1.5999999999999996,2.0109752900477726,2.150537101552129,True
group1,acetone_20_n-heptane_80,acetone 20% / n-heptane 80%,group1 | acetone 20% / n-heptane 80%,#2ca314,^,0.966161973720631,1.3656329100325675,0.9889257770564808,0.1999999999999999,3.2999999999999994,tamsd,,,,,,1.6999999999999997,2.143219427270967,2.280263097357158,True
group1,acetone_20_n-heptane_80,acetone 20% / n-heptane 80%,group1 | acetone 20% / n-heptane 80%,#2ca314,^,0.966161973720631,1.3656329100325675,0.9889257770564808,0.1999999999999999,3.2999999999999994,tamsd,,,,,,1.7999999999999996,2.247688944714314,2.4097309826536666,True
group1,acetone_20_n-heptane_80,acetone 20% / n-heptane 80%,group1 | acetone 20% / n-heptane 80%,#2ca314,^,0.966161973720631,1.3656329100325675,0.9889257770564808,0.1999999999999999,3.2999999999999994,tamsd,,,,,,1.8999999999999995,2.370278353846999,2.5389555839111333,True
group1,acetone_20_n-heptane_80,acetone 20% / n-heptane 80%,group1 | acetone 20% / n-heptane 80%,#2ca314,^,0.966161973720631,1.3656329100325675,0.9889257770564808,0.1999999999999999,3.2999999999999994,tamsd,,,,,,1.9999999999999996,2.520109455376308,2.6679501396116216,True
group1,acetone_20_n-heptane_80,acetone 20% / n-heptane 80%,group1 | acetone 20% / n-heptane 80%,#2ca314,^,0.966161973720631,1.3656329100325675,0.9889257770564808,0.1999999999999999,3.2999999999999994,tamsd,,,,,,2.0999999999999996,2.6363010175497017,2.796726541363366,True
group1,acetone_20_n-heptane_80,acetone 20% / n-heptane 80%,group1 | acetone 20% / n-heptane 80%,#2ca314,^,0.966161973720631,1.3656329100325675,0.9889257770564808,0.1999999999999999,3.2999999999999994,tamsd,,,,,,2.1999999999999993,2.7593438840132682,2.92529552864032,True
group1,acetone_20_n-heptane_80,acetone 20% / n-heptane 80%,group1 | acetone 20% / n-heptane 80%,#2ca314,^,0.966161973720631,1.3656329100325675,0.9889257770564808,0.1999999999999999,3.2999999999999994,tamsd,,,,,,2.2999999999999994,2.8991408453931027,3.0536668477750863,True
group1,acetone_20_n-heptane_80,acetone 20% / n-heptane 80%,group1 | acetone 20% / n-heptane 80%,#2ca314,^,0.966161973720631,1.3656329100325675,0.9889257770564808,0.1999999999999999,3.2999999999999994,tamsd,,,,,,2.3999999999999995,3.0999722362700988,3.181849383039598,True
group1,acetone_20_n-heptane_80,acetone 20% / n-heptane 80%,group1 | acetone 20% / n-heptane 80%,#2ca314,^,0.966161973720631,1.3656329100325675,0.9889257770564808,0.1999999999999999,3.2999999999999994,tamsd,,,,,,2.4999999999999996,3.315605193382599,3.3098512656751455,True
group1,acetone_20_n-heptane_80,acetone 20% / n-heptane 80%,group1 | acetone 20% / n-heptane 80%,#2ca314,^,0.966161973720631,1.3656329100325675,0.9889257770564808,0.1999999999999999,3.2999999999999994,tamsd,,,,,,2.5999999999999996,3.51421566307079,3.437679965316575,True
group1,acetone_20_n-heptane_80,acetone 20% / n-heptane 80%,group1 | acetone 20% / n-heptane 80%,#2ca314,^,0.966161973720631,1.3656329100325675,0.9889257770564808,0.1999999999999999,3.2999999999999994,tamsd,,,,,,2.6999999999999993,3.76792956758761,3.5653423672226356,True
group1,acetone_20_n-heptane_80,acetone 20% / n-heptane 80%,group1 | acetone 20% / n-heptane 80%,#2ca314,^,0.966161973720631,1.3656329100325675,0.9889257770564808,0.1999999999999999,3.2999999999999994,tamsd,,,,,,2.7999999999999994,3.993398397738981,3.6928448379610885,True
group1,acetone_20_n-heptane_80,acetone 20% / n-heptane 80%,group1 | acetone 20% / n-heptane 80%,#2ca314,^,0.966161973720631,1.3656329100325675,0.9889257770564808,0.1999999999999999,3.2999999999999994,tamsd,,,,,,2.8999999999999995,4.226918006114748,3.82019328162579,True
group1,acetone_20_n-heptane_80,acetone 20% / n-heptane 80%,group1 | acetone 20% / n-heptane 80%,#2ca314,^,0.966161973720631,1.3656329100325675,0.9889257770564808,0.1999999999999999,3.2999999999999994,tamsd,,,,,,2.999999999999999,4.444856551718855,3.9473931882304125,True
group1,acetone_20_n-heptane_80,acetone 20% / n-heptane 80%,group1 | acetone 20% / n-heptane 80%,#2ca314,^,0.966161973720631,1.3656329100325675,0.9889257770564808,0.1999999999999999,3.2999999999999994,tamsd,,,,,,3.099999999999999,4.609854266739333,4.074449675592335,True
group1,acetone_20_n-heptane_80,acetone 20% / n-heptane 80%,group1 | acetone 20% / n-heptane 80%,#2ca314,^,0.966161973720631,1.3656329100325675,0.9889257770564808,0.1999999999999999,3.2999999999999994,tamsd,,,,,,3.1999999999999993,4.7306638377822745,4.201367525764407,True
group1,acetone_20_n-heptane_80,acetone 20% / n-heptane 80%,group1 | acetone 20% / n-heptane 80%,#2ca314,^,0.966161973720631,1.3656329100325675,0.9889257770564808,0.1999999999999999,3.2999999999999994,tamsd,,,,,,3.2999999999999994,4.854819305854003,4.328151216872683,True
group1,acetone_30_n-heptane_70,acetone 30% / n-heptane 70%,group1 | acetone 30% / n-heptane 70%,#b42265,D,0.4501204841953663,1.1270122106385596,0.9135619073669015,0.1999999999999999,3.2999999999999994,displacement,0.0,24.32706467691491,23.86812621558185,26.3306636866292,0.0,,,,False
group1,acetone_30_n-heptane_70,acetone 30% / n-heptane 70%,group1 | acetone 30% / n-heptane 70%,#b42265,D,0.4501204841953663,1.1270122106385596,0.9135619073669015,0.1999999999999999,3.2999999999999994,displacement,0.1,24.29904541878693,24.81114459889699,25.83718591389168,1.0647013958299951,,,,False
group1,acetone_30_n-heptane_70,acetone 30% / n-heptane 70%,group1 | acetone 30% / n-heptane 70%,#b42265,D,0.4501204841953663,1.1270122106385596,0.9135619073669015,0.1999999999999999,3.2999999999999994,displacement,0.2,24.410841200471783,24.963459356336283,25.88333407583284,1.186118449325141,,,,False
group1,acetone_30_n-heptane_70,acetone 30% / n-heptane 70%,group1 | acetone 30% / n-heptane 70%,#b42265,D,0.4501204841953663,1.1270122106385596,0.9135619073669015,0.1999999999999999,3.2999999999999994,displacement,0.3,24.25884728814544,24.81641136631287,25.87123738021745,1.055921810670956,,,,False
group1,acetone_30_n-heptane_70,acetone 30% / n-heptane 70%,group1 | acetone 30% / n-heptane 70%,#b42265,D,0.4501204841953663,1.1270122106385596,0.9135619073669015,0.1999999999999999,3.2999999999999994,displacement,0.4,24.381946918653323,24.89611436973129,25.364193218876014,1.41203288579582,,,,False
group1,acetone_30_n-heptane_70,acetone 30% / n-heptane 70%,group1 | acetone 30% / n-heptane 70%,#b42265,D,0.4501204841953663,1.1270122106385596,0.9135619073669015,0.1999999999999999,3.2999999999999994,displacement,0.5,24.680142848848103,24.74927828366843,25.691346367112388,1.1444735897446974,,,,False
group1,acetone_30_n-heptane_70,acetone 30% / n-heptane 70%,group1 | acetone 30% / n-heptane 70%,#b42265,D,0.4501204841953663,1.1270122106385596,0.9135619073669015,0.1999999999999999,3.2999999999999994,displacement,0.6,24.656783392756303,24.453891493427463,25.78504120763045,0.8657593671999134,,,,False
group1,acetone_30_n-heptane_70,acetone 30% / n-heptane 70%,group1 | acetone 30% / n-heptane 70%,#b42265,D,0.4501204841953663,1.1270122106385596,0.9135619073669015,0.1999999999999999,3.2999999999999994,displacement,0.7,24.34386692019733,24.414254114609207,25.96910336893796,0.6551823111198545,,,,False
group1,acetone_30_n-heptane_70,acetone 30% / n-heptane 70%,group1 | acetone 30% / n-heptane 70%,#b42265,D,0.4501204841953663,1.1270122106385596,0.9135619073669015,0.1999999999999999,3.2999999999999994,displacement,0.8,24.13175305598233,24.5215684234666,26.18262946223178,0.6978878705849232,,,,False
group1,acetone_30_n-heptane_70,acetone 30% / n-heptane 70%,group1 | acetone 30% / n-heptane 70%,#b42265,D,0.4501204841953663,1.1270122106385596,0.9135619073669015,0.1999999999999999,3.2999999999999994,displacement,0.9,24.46923707326002,24.649639969930583,25.75557288359856,0.980666186961292,,,,False
group1,acetone_30_n-heptane_70,acetone 30% / n-heptane 70%,group1 | acetone 30% / n-heptane 70%,#b42265,D,0.4501204841953663,1.1270122106385596,0.9135619073669015,0.1999999999999999,3.2999999999999994,displacement,1.0,24.043569260562244,24.79281800484247,25.830516991312468,1.0888394156418273,,,,False
group1,acetone_30_n-heptane_70,acetone 30% / n-heptane 70%,group1 | acetone 30% / n-heptane 70%,#b42265,D,0.4501204841953663,1.1270122106385596,0.9135619073669015,0.1999999999999999,3.2999999999999994,displacement,1.1,23.7112776291609,24.890390593448707,26.22640721387084,1.1979514007459309,,,,False
group1,acetone_30_n-heptane_70,acetone 30% / n-heptane 70%,group1 | acetone 30% / n-heptane 70%,#b42265,D,0.4501204841953663,1.1270122106385596,0.9135619073669015,0.1999999999999999,3.2999999999999994,displacement,1.2,23.87907873889817,24.64558684273414,26.118997625626548,0.9219213354799644,,,,False
group1,acetone_30_n-heptane_70,acetone 30% / n-heptane 70%,group1 | acetone 30% / n-heptane 70%,#b42265,D,0.4501204841953663,1.1270122106385596,0.9135619073669015,0.1999999999999999,3.2999999999999994,displacement,1.3,24.24346818491286,24.909575462995207,26.492210484653395,1.0572143947018384,,,,False
group1,acetone_30_n-heptane_70,acetone 30% / n-heptane 70%,group1 | acetone 30% / n-heptane 70%,#b42265,D,0.4501204841953663,1.1270122106385596,0.9135619073669015,0.1999999999999999,3.2999999999999994,displacement,1.4,24.429572950249703,25.021843287238823,26.41930158469093,1.1616487009882264,,,,False
group1,acetone_30_n-heptane_70,acetone 30% / n-heptane 70%,group1 | acetone 30% / n-heptane 70%,#b42265,D,0.4501204841953663,1.1270122106385596,0.9135619073669015,0.1999999999999999,3.2999999999999994,displacement,1.5,24.368714211463328,25.15150853341163,26.016110721740286,1.3220243663286444,,,,False
group1,acetone_30_n-heptane_70,acetone 30% / n-heptane 70%,group1 | acetone 30% / n-heptane 70%,#b42265,D,0.4501204841953663,1.1270122106385596,0.9135619073669015,0.1999999999999999,3.2999999999999994,displacement,1.6,24.50692867648992,25.21103747346923,26.30227080265112,1.355200302820356,,,,False
group1,acetone_30_n-heptane_70,acetone 30% / n-heptane 70%,group1 | acetone 30% / n-heptane 70%,#b42265,D,0.4501204841953663,1.1270122106385596,0.9135619073669015,0.1999999999999999,3.2999999999999994,displacement,1.7,24.623469935812118,24.998402096827853,27.00248376676262,1.3478582511892072,,,,False
group1,acetone_30_n-heptane_70,acetone 30% / n-heptane 70%,group1 | acetone 30% / n-heptane 70%,#b42265,D,0.4501204841953663,1.1270122106385596,0.9135619073669015,0.1999999999999999,3.2999999999999994,displacement,1.8,24.543435900182125,24.7731251052908,27.442647393512967,1.4499473304253327,,,,False
group1,acetone_30_n-heptane_70,acetone 30% / n-heptane 70%,group1 | acetone 30% / n-heptane 70%,#b42265,D,0.4501204841953663,1.1270122106385596,0.9135619073669015,0.1999999999999999,3.2999999999999994,displacement,1.9,24.552870144106137,24.573737035620614,27.04488887133908,1.0290735410276004,,,,False
group1,acetone_30_n-heptane_70,acetone 30% / n-heptane 70%,group1 | acetone 30% / n-heptane 70%,#b42265,D,0.4501204841953663,1.1270122106385596,0.9135619073669015,0.1999999999999999,3.2999999999999994,displacement,2.0,24.654425446891228,24.67787454630169,26.957763572059005,1.0752263478585034,,,,False
group1,acetone_30_n-heptane_70,acetone 30% / n-heptane 70%,group1 | acetone 30% / n-heptane 70%,#b42265,D,0.4501204841953663,1.1270122106385596,0.9135619073669015,0.1999999999999999,3.2999999999999994,displacement,2.1,24.85382712291883,24.665041377150928,26.356680269669745,0.95563032175199,,,,False
group1,acetone_30_n-heptane_70,acetone 30% / n-heptane 70%,group1 | acetone 30% / n-heptane 70%,#b42265,D,0.4501204841953663,1.1270122106385596,0.9135619073669015,0.1999999999999999,3.2999999999999994,displacement,2.2,25.376737048541823,24.630794627086807,26.02046372489829,1.334053675802524,,,,False
group1,acetone_30_n-heptane_70,acetone 30% / n-heptane 70%,group1 | acetone 30% / n-heptane 70%,#b42265,D,0.4501204841953663,1.1270122106385596,0.9135619073669015,0.1999999999999999,3.2999999999999994,displacement,2.3,25.62408781030797,24.2500228265275,25.85852429111856,1.4321416266562694,,,,False
group1,acetone_30_n-heptane_70,acetone 30% / n-heptane 70%,group1 | acetone 30% / n-heptane 70%,#b42265,D,0.4501204841953663,1.1270122106385596,0.9135619073669015,0.1999999999999999,3.2999999999999994,displacement,2.4,25.439908853091893,24.53826129471375,25.715796504516955,1.4372073045920688,,,,False
group1,acetone_30_n-heptane_70,acetone 30% / n-heptane 70%,group1 | acetone 30% / n-heptane 70%,#b42265,D,0.4501204841953663,1.1270122106385596,0.9135619073669015,0.1999999999999999,3.2999999999999994,displacement,2.5,25.269144788660984,24.753784216327954,25.325709284909983,1.6376319430103692,,,,False
group1,acetone_30_n-heptane_70,acetone 30% / n-heptane 70%,group1 | acetone 30% / n-heptane 70%,#b42265,D,0.4501204841953663,1.1270122106385596,0.9135619073669015,0.1999999999999999,3.2999999999999994,displacement,2.6,25.269940121423403,24.475962682655982,25.61999621179385,1.327978740172862,,,,False
group1,acetone_30_n-heptane_70,acetone 30% / n-heptane 70%,group1 | acetone 30% / n-heptane 70%,#b42265,D,0.4501204841953663,1.1270122106385596,0.9135619073669015,0.1999999999999999,3.2999999999999994,displacement,2.7,25.0500908112632,24.56888598677685,25.574607844802173,1.2591471255721751,,,,False
group1,acetone_30_n-heptane_70,acetone 30% / n-heptane 70%,group1 | acetone 30% / n-heptane 70%,#b42265,D,0.4501204841953663,1.1270122106385596,0.9135619073669015,0.1999999999999999,3.2999999999999994,displacement,2.8,24.81943005913189,24.660473549703944,25.228197414696144,1.4441848386706044,,,,False
group1,acetone_30_n-heptane_70,acetone 30% / n-heptane 70%,group1 | acetone 30% / n-heptane 70%,#b42265,D,0.4501204841953663,1.1270122106385596,0.9135619073669015,0.1999999999999999,3.2999999999999994,displacement,2.9,25.18872522272403,24.53159178572279,25.10823427554594,1.6361476473863494,,,,False
group1,acetone_30_n-heptane_70,acetone 30% / n-heptane 70%,group1 | acetone 30% / n-heptane 70%,#b42265,D,0.4501204841953663,1.1270122106385596,0.9135619073669015,0.1999999999999999,3.2999999999999994,displacement,3.0,25.166946728869995,24.231077455188256,25.12255004714188,1.5154781520838256,,,,False
group1,acetone_30_n-heptane_70,acetone 30% / n-heptane 70%,group1 | acetone 30% / n-heptane 70%,#b42265,D,0.4501204841953663,1.1270122106385596,0.9135619073669015,0.1999999999999999,3.2999999999999994,displacement,3.1,25.368637261796827,24.26682965147634,24.66102902930712,2.00786398152432,,,,False
group1,acetone_30_n-heptane_70,acetone 30% / n-heptane 70%,group1 | acetone 30% / n-heptane 70%,#b42265,D,0.4501204841953663,1.1270122106385596,0.9135619073669015,0.1999999999999999,3.2999999999999994,displacement,3.2,25.17541287812349,24.58074616620036,24.206345441899757,2.3958818563117337,,,,False
group1,acetone_30_n-heptane_70,acetone 30% / n-heptane 70%,group1 | acetone 30% / n-heptane 70%,#b42265,D,0.4501204841953663,1.1270122106385596,0.9135619073669015,0.1999999999999999,3.2999999999999994,displacement,3.3,25.076781378478906,24.43168749116825,24.57034204653586,1.9945948762907932,,,,False
group1,acetone_30_n-heptane_70,acetone 30% / n-heptane 70%,group1 | acetone 30% / n-heptane 70%,#b42265,D,0.4501204841953663,1.1270122106385596,0.9135619073669015,0.1999999999999999,3.2999999999999994,displacement,3.4,25.139639801422145,24.119709596703988,24.88020513255071,1.6814881943457871,,,,False
group1,acetone_30_n-heptane_70,acetone 30% / n-heptane 70%,group1 | acetone 30% / n-heptane 70%,#b42265,D,0.4501204841953663,1.1270122106385596,0.9135619073669015,0.1999999999999999,3.2999999999999994,displacement,3.5,24.679353972875973,24.25831140207605,24.602874364590075,1.8059922948785452,,,,False
group1,acetone_30_n-heptane_70,acetone 30% / n-heptane 70%,group1 | acetone 30% / n-heptane 70%,#b42265,D,0.4501204841953663,1.1270122106385596,0.9135619073669015,0.1999999999999999,3.2999999999999994,displacement,3.6,24.494293629989876,24.502612304438877,24.72540197056967,1.7341866383829692,,,,False
group1,acetone_30_n-heptane_70,acetone 30% / n-heptane 70%,group1 | acetone 30% / n-heptane 70%,#b42265,D,0.4501204841953663,1.1270122106385596,0.9135619073669015,0.1999999999999999,3.2999999999999994,displacement,3.7,24.79223170531698,23.930403432118315,25.001607925771587,1.4094850235035314,,,,False
group1,acetone_30_n-heptane_70,acetone 30% / n-heptane 70%,group1 | acetone 30% / n-heptane 70%,#b42265,D,0.4501204841953663,1.1270122106385596,0.9135619073669015,0.1999999999999999,3.2999999999999994,displacement,3.8,24.908396095120743,24.18738975503721,24.78468376365798,1.6822393847633188,,,,False
group1,acetone_30_n-heptane_70,acetone 30% / n-heptane 70%,group1 | acetone 30% / n-heptane 70%,#b42265,D,0.4501204841953663,1.1270122106385596,0.9135619073669015,0.1999999999999999,3.2999999999999994,displacement,3.9,25.293830929333364,24.415536416337,25.48714803911429,1.3949242138225664,,,,False
group1,acetone_30_n-heptane_70,acetone 30% / n-heptane 70%,group1 | acetone 30% / n-heptane 70%,#b42265,D,0.4501204841953663,1.1270122106385596,0.9135619073669015,0.1999999999999999,3.2999999999999994,displacement,4.0,25.42628824368949,24.402168452177797,25.405430927203447,1.5328239361830285,,,,False
group1,acetone_30_n-heptane_70,acetone 30% / n-heptane 70%,group1 | acetone 30% / n-heptane 70%,#b42265,D,0.4501204841953663,1.1270122106385596,0.9135619073669015,0.1999999999999999,3.2999999999999994,displacement,4.1,25.324691095737062,24.17168532960012,25.386097655713996,1.406986707113602,,,,False
group1,acetone_30_n-heptane_70,acetone 30% / n-heptane 70%,group1 | acetone 30% / n-heptane 70%,#b42265,D,0.4501204841953663,1.1270122106385596,0.9135619073669015,0.1999999999999999,3.2999999999999994,displacement,4.2,25.17379425003824,23.94715904772136,25.52280894496742,1.172956283150837,,,,False
group1,acetone_30_n-heptane_70,acetone 30% / n-heptane 70%,group1 | acetone 30% / n-heptane 70%,#b42265,D,0.4501204841953663,1.1270122106385596,0.9135619073669015,0.1999999999999999,3.2999999999999994,displacement,4.3,25.24130766046555,24.6356019640806,25.817547936962956,1.2992871237955272,,,,False
group1,acetone_30_n-heptane_70,acetone 30% / n-heptane 70%,group1 | acetone 30% / n-heptane 70%,#b42265,D,0.4501204841953663,1.1270122106385596,0.9135619073669015,0.1999999999999999,3.2999999999999994,displacement,4.4,25.07729604055899,23.857630285161616,25.85939729689625,0.8860300636223168,,,,False
group1,acetone_30_n-heptane_70,acetone 30% / n-heptane 70%,group1 | acetone 30% / n-heptane 70%,#b42265,D,0.4501204841953663,1.1270122106385596,0.9135619073669015,0.1999999999999999,3.2999999999999994,displacement,4.5,25.102583838558942,24.21043230360793,25.817852244154167,0.990746689880978,,,,False
group1,acetone_30_n-heptane_70,acetone 30% / n-heptane 70%,group1 | acetone 30% / n-heptane 70%,#b42265,D,0.4501204841953663,1.1270122106385596,0.9135619073669015,0.1999999999999999,3.2999999999999994,displacement,4.6,24.96297937871578,23.96328499295051,25.841178455625062,0.8081079706623122,,,,False
group1,acetone_30_n-heptane_70,acetone 30% / n-heptane 70%,group1 | acetone 30% / n-heptane 70%,#b42265,D,0.4501204841953663,1.1270122106385596,0.9135619073669015,0.1999999999999999,3.2999999999999994,displacement,4.7,24.76345306894539,23.963695180052508,25.62375317914826,0.8362360439827391,,,,False
group1,acetone_30_n-heptane_70,acetone 30% / n-heptane 70%,group1 | acetone 30% / n-heptane 70%,#b42265,D,0.4501204841953663,1.1270122106385596,0.9135619073669015,0.1999999999999999,3.2999999999999994,displacement,4.8,24.543358411179863,23.69455539831563,25.4794555676876,0.8952458153160148,,,,False
group1,acetone_30_n-heptane_70,acetone 30% / n-heptane 70%,group1 | acetone 30% / n-heptane 70%,#b42265,D,0.4501204841953663,1.1270122106385596,0.9135619073669015,0.1999999999999999,3.2999999999999994,displacement,4.9,24.28442175254274,23.66402904367498,25.30432020097345,1.0473084670369988,,,,False
group1,acetone_30_n-heptane_70,acetone 30% / n-heptane 70%,group1 | acetone 30% / n-heptane 70%,#b42265,D,0.4501204841953663,1.1270122106385596,0.9135619073669015,0.1999999999999999,3.2999999999999994,displacement,5.0,24.18070832774094,23.381716933200963,25.415459568735027,1.0467152183570618,,,,False
group1,acetone_30_n-heptane_70,acetone 30% / n-heptane 70%,group1 | acetone 30% / n-heptane 70%,#b42265,D,0.4501204841953663,1.1270122106385596,0.9135619073669015,0.1999999999999999,3.2999999999999994,displacement,5.1,24.05583744845069,23.886265983018816,25.82186426958407,0.5768622950137389,,,,False
group1,acetone_30_n-heptane_70,acetone 30% / n-heptane 70%,group1 | acetone 30% / n-heptane 70%,#b42265,D,0.4501204841953663,1.1270122106385596,0.9135619073669015,0.1999999999999999,3.2999999999999994,displacement,5.2,24.12465264853905,24.082420380503617,25.387036032320825,0.9885978799928092,,,,False
group1,acetone_30_n-heptane_70,acetone 30% / n-heptane 70%,group1 | acetone 30% / n-heptane 70%,#b42265,D,0.4501204841953663,1.1270122106385596,0.9135619073669015,0.1999999999999999,3.2999999999999994,displacement,5.3,24.141469183634225,24.271815773231225,25.0431867200637,1.3619867420492584,,,,False
group1,acetone_30_n-heptane_70,acetone 30% / n-heptane 70%,group1 | acetone 30% / n-heptane 70%,#b42265,D,0.4501204841953663,1.1270122106385596,0.9135619073669015,0.1999999999999999,3.2999999999999994,displacement,5.4,24.351658842824765,24.390017065673245,25.30561693223036,1.150519787361142,,,,False
group1,acetone_30_n-heptane_70,acetone 30% / n-heptane 70%,group1 | acetone 30% / n-heptane 70%,#b42265,D,0.4501204841953663,1.1270122106385596,0.9135619073669015,0.1999999999999999,3.2999999999999994,displacement,5.5,24.49965960058872,24.46059488347329,25.200424049620107,1.28773047147976,,,,False
group1,acetone_30_n-heptane_70,acetone 30% / n-heptane 70%,group1 | acetone 30% / n-heptane 70%,#b42265,D,0.4501204841953663,1.1270122106385596,0.9135619073669015,0.1999999999999999,3.2999999999999994,displacement,5.6,24.645198799676866,24.48501039869246,25.45707186543055,1.1157589728533417,,,,False
group1,acetone_30_n-heptane_70,acetone 30% / n-heptane 70%,group1 | acetone 30% / n-heptane 70%,#b42265,D,0.4501204841953663,1.1270122106385596,0.9135619073669015,0.1999999999999999,3.2999999999999994,displacement,5.7,24.585616672419963,24.29932744355603,25.432742404732128,1.029099733684628,,,,False
group1,acetone_30_n-heptane_70,acetone 30% / n-heptane 70%,group1 | acetone 30% / n-heptane 70%,#b42265,D,0.4501204841953663,1.1270122106385596,0.9135619073669015,0.1999999999999999,3.2999999999999994,displacement,5.8,24.60402204212567,24.236897712704327,25.77903671712509,0.719020244999211,,,,False
group1,acetone_30_n-heptane_70,acetone 30% / n-heptane 70%,group1 | acetone 30% / n-heptane 70%,#b42265,D,0.4501204841953663,1.1270122106385596,0.9135619073669015,0.1999999999999999,3.2999999999999994,displacement,5.9,24.967385963053854,23.832410031173065,26.36003203510944,0.6419887033303684,,,,False
group1,acetone_30_n-heptane_70,acetone 30% / n-heptane 70%,group1 | acetone 30% / n-heptane 70%,#b42265,D,0.4501204841953663,1.1270122106385596,0.9135619073669015,0.1999999999999999,3.2999999999999994,displacement,6.0,24.99092295968393,23.95591376303468,26.778667067418745,0.8056807694662207,,,,False
group1,acetone_30_n-heptane_70,acetone 30% / n-heptane 70%,group1 | acetone 30% / n-heptane 70%,#b42265,D,0.4501204841953663,1.1270122106385596,0.9135619073669015,0.1999999999999999,3.2999999999999994,displacement,6.1,24.968583923915222,24.3572427973598,26.55682090950914,0.8378120698001241,,,,False
group1,acetone_30_n-heptane_70,acetone 30% / n-heptane 70%,group1 | acetone 30% / n-heptane 70%,#b42265,D,0.4501204841953663,1.1270122106385596,0.9135619073669015,0.1999999999999999,3.2999999999999994,displacement,6.2,25.126544954577767,24.2116716982659,26.06758433732341,0.9090670806247764,,,,False
group1,acetone_30_n-heptane_70,acetone 30% / n-heptane 70%,group1 | acetone 30% / n-heptane 70%,#b42265,D,0.4501204841953663,1.1270122106385596,0.9135619073669015,0.1999999999999999,3.2999999999999994,displacement,6.3,24.922847545771297,23.76749877024769,25.916629675807627,0.7324665669463843,,,,False
group1,acetone_30_n-heptane_70,acetone 30% / n-heptane 70%,group1 | acetone 30% / n-heptane 70%,#b42265,D,0.4501204841953663,1.1270122106385596,0.9135619073669015,0.1999999999999999,3.2999999999999994,displacement,6.4,25.094621837876687,24.40948476770389,25.491378134097825,1.2596083978710542,,,,False
group1,acetone_30_n-heptane_70,acetone 30% / n-heptane 70%,group1 | acetone 30% / n-heptane 70%,#b42265,D,0.4501204841953663,1.1270122106385596,0.9135619073669015,0.1999999999999999,3.2999999999999994,displacement,6.5,25.125574711071764,24.501460715824432,25.411678687369594,1.372320768884186,,,,False
group1,acetone_30_n-heptane_70,acetone 30% / n-heptane 70%,group1 | acetone 30% / n-heptane 70%,#b42265,D,0.4501204841953663,1.1270122106385596,0.9135619073669015,0.1999999999999999,3.2999999999999994,displacement,6.6,25.152379380757974,24.49782956925495,25.606582018450656,1.2656875349781034,,,,False
group1,acetone_30_n-heptane_70,acetone 30% / n-heptane 70%,group1 | acetone 30% / n-heptane 70%,#b42265,D,0.4501204841953663,1.1270122106385596,0.9135619073669015,0.1999999999999999,3.2999999999999994,displacement,6.7,25.222098970804502,24.863741605527984,25.937412614676315,1.395343254374399,,,,False
group1,acetone_30_n-heptane_70,acetone 30% / n-heptane 70%,group1 | acetone 30% / n-heptane 70%,#b42265,D,0.4501204841953663,1.1270122106385596,0.9135619073669015,0.1999999999999999,3.2999999999999994,displacement,6.8,25.739092158531875,24.879910536095032,25.78373203359224,1.8211708742376744,,,,False
group1,acetone_30_n-heptane_70,acetone 30% / n-heptane 70%,group1 | acetone 30% / n-heptane 70%,#b42265,D,0.4501204841953663,1.1270122106385596,0.9135619073669015,0.1999999999999999,3.2999999999999994,displacement,6.9,25.542612979825236,24.605273303042736,26.330102699795567,1.4215990362850075,,,,False
group1,acetone_30_n-heptane_70,acetone 30% / n-heptane 70%,group1 | acetone 30% / n-heptane 70%,#b42265,D,0.4501204841953663,1.1270122106385596,0.9135619073669015,0.1999999999999999,3.2999999999999994,displacement,7.0,25.407156291397445,24.204584851155648,26.126261766367712,1.1496009977963029,,,,False
group1,acetone_30_n-heptane_70,acetone 30% / n-heptane 70%,group1 | acetone 30% / n-heptane 70%,#b42265,D,0.4501204841953663,1.1270122106385596,0.9135619073669015,0.1999999999999999,3.2999999999999994,displacement,7.1,25.20972786330769,24.41388711579067,26.00241308620217,1.0884382010433593,,,,False
group1,acetone_30_n-heptane_70,acetone 30% / n-heptane 70%,group1 | acetone 30% / n-heptane 70%,#b42265,D,0.4501204841953663,1.1270122106385596,0.9135619073669015,0.1999999999999999,3.2999999999999994,displacement,7.2,25.04741499786211,24.34602133696444,26.153765604650705,0.8823725195957127,,,,False
group1,acetone_30_n-heptane_70,acetone 30% / n-heptane 70%,group1 | acetone 30% / n-heptane 70%,#b42265,D,0.4501204841953663,1.1270122106385596,0.9135619073669015,0.1999999999999999,3.2999999999999994,displacement,7.3,24.69079543136768,24.49508489557948,25.781496658739865,0.909374330339252,,,,False
group1,acetone_30_n-heptane_70,acetone 30% / n-heptane 70%,group1 | acetone 30% / n-heptane 70%,#b42265,D,0.4501204841953663,1.1270122106385596,0.9135619073669015,0.1999999999999999,3.2999999999999994,displacement,7.4,24.915474354307644,24.505748477945872,25.51956572626079,1.187715453812669,,,,False
group1,acetone_30_n-heptane_70,acetone 30% / n-heptane 70%,group1 | acetone 30% / n-heptane 70%,#b42265,D,0.4501204841953663,1.1270122106385596,0.9135619073669015,0.1999999999999999,3.2999999999999994,displacement,7.5,24.71017856984004,24.3987004014592,25.574672980714663,0.9999035799019916,,,,False
group1,acetone_30_n-heptane_70,acetone 30% / n-heptane 70%,group1 | acetone 30% / n-heptane 70%,#b42265,D,0.4501204841953663,1.1270122106385596,0.9135619073669015,0.1999999999999999,3.2999999999999994,displacement,7.6,24.988947650450463,24.614469502044223,25.9075792589131,1.0835671667596736,,,,False
group1,acetone_30_n-heptane_70,acetone 30% / n-heptane 70%,group1 | acetone 30% / n-heptane 70%,#b42265,D,0.4501204841953663,1.1270122106385596,0.9135619073669015,0.1999999999999999,3.2999999999999994,displacement,7.7,25.057682080021944,24.513619076301644,25.724397518231,1.1480511704220018,,,,False
group1,acetone_30_n-heptane_70,acetone 30% / n-heptane 70%,group1 | acetone 30% / n-heptane 70%,#b42265,D,0.4501204841953663,1.1270122106385596,0.9135619073669015,0.1999999999999999,3.2999999999999994,displacement,7.8,25.093502402501947,25.25119627076874,25.49696542485916,1.7875576512202618,,,,False
group1,acetone_30_n-heptane_70,acetone 30% / n-heptane 70%,group1 | acetone 30% / n-heptane 70%,#b42265,D,0.4501204841953663,1.1270122106385596,0.9135619073669015,0.1999999999999999,3.2999999999999994,displacement,7.9,24.981984212093423,25.20473495755923,25.130082196084796,1.912286182067589,,,,False
group1,acetone_30_n-heptane_70,acetone 30% / n-heptane 70%,group1 | acetone 30% / n-heptane 70%,#b42265,D,0.4501204841953663,1.1270122106385596,0.9135619073669015,0.1999999999999999,3.2999999999999994,displacement,8.0,24.945735537318143,24.822460939898285,24.97086393321557,1.7727277763187383,,,,False
group1,acetone_30_n-heptane_70,acetone 30% / n-heptane 70%,group1 | acetone 30% / n-heptane 70%,#b42265,D,0.4501204841953663,1.1270122106385596,0.9135619073669015,0.1999999999999999,3.2999999999999994,displacement,8.1,25.16174314027483,24.75840553745823,24.98135001379892,1.819322070399933,,,,False
group1,acetone_30_n-heptane_70,acetone 30% / n-heptane 70%,group1 | acetone 30% / n-heptane 70%,#b42265,D,0.4501204841953663,1.1270122106385596,0.9135619073669015,0.1999999999999999,3.2999999999999994,displacement,8.2,24.774824531784763,24.22395710459769,25.215887954548357,1.2529283467330707,,,,False
group1,acetone_30_n-heptane_70,acetone 30% / n-heptane 70%,group1 | acetone 30% / n-heptane 70%,#b42265,D,0.4501204841953663,1.1270122106385596,0.9135619073669015,0.1999999999999999,3.2999999999999994,displacement,8.3,24.504465792355628,23.959201008963863,25.272036167670148,1.0772455605137523,,,,False
group1,acetone_30_n-heptane_70,acetone 30% / n-heptane 70%,group1 | acetone 30% / n-heptane 70%,#b42265,D,0.4501204841953663,1.1270122106385596,0.9135619073669015,0.1999999999999999,3.2999999999999994,displacement,8.4,24.044491569345983,24.35198417866929,25.77774892716816,0.7871980823110214,,,,False
group1,acetone_30_n-heptane_70,acetone 30% / n-heptane 70%,group1 | acetone 30% / n-heptane 70%,#b42265,D,0.4501204841953663,1.1270122106385596,0.9135619073669015,0.1999999999999999,3.2999999999999994,displacement,8.5,24.40393139366234,24.595948652530925,25.014916689108396,1.505597606718026,,,,False
group1,acetone_30_n-heptane_70,acetone 30% / n-heptane 70%,group1 | acetone 30% / n-heptane 70%,#b42265,D,0.4501204841953663,1.1270122106385596,0.9135619073669015,0.1999999999999999,3.2999999999999994,displacement,8.6,24.37944602306844,24.652542583222388,25.05752829830986,1.496304300681607,,,,False
group1,acetone_30_n-heptane_70,acetone 30% / n-heptane 70%,group1 | acetone 30% / n-heptane 70%,#b42265,D,0.4501204841953663,1.1270122106385596,0.9135619073669015,0.1999999999999999,3.2999999999999994,displacement,8.7,24.420866475811177,24.33097706255853,25.415547274453285,1.029790139716309,,,,False
group1,acetone_30_n-heptane_70,acetone 30% / n-heptane 70%,group1 | acetone 30% / n-heptane 70%,#b42265,D,0.4501204841953663,1.1270122106385596,0.9135619073669015,0.1999999999999999,3.2999999999999994,displacement,8.8,24.505635753796643,24.555312166145843,25.49157486084409,1.099173424764574,,,,False
group1,acetone_30_n-heptane_70,acetone 30% / n-heptane 70%,group1 | acetone 30% / n-heptane 70%,#b42265,D,0.4501204841953663,1.1270122106385596,0.9135619073669015,0.1999999999999999,3.2999999999999994,displacement,8.9,24.426760492212107,24.62171447943628,25.405554794945765,1.1973558320226556,,,,False
group1,acetone_30_n-heptane_70,acetone 30% / n-heptane 70%,group1 | acetone 30% / n-heptane 70%,#b42265,D,0.4501204841953663,1.1270122106385596,0.9135619073669015,0.1999999999999999,3.2999999999999994,displacement,9.0,24.0452052932798,24.686079586901748,25.35230489915864,1.306016212310411,,,,False
group1,acetone_30_n-heptane_70,acetone 30% / n-heptane 70%,group1 | acetone 30% / n-heptane 70%,#b42265,D,0.4501204841953663,1.1270122106385596,0.9135619073669015,0.1999999999999999,3.2999999999999994,displacement,9.1,24.440968636699267,24.857654111018928,25.107464736621992,1.5774521353123316,,,,False
group1,acetone_30_n-heptane_70,acetone 30% / n-heptane 70%,group1 | acetone 30% / n-heptane 70%,#b42265,D,0.4501204841953663,1.1270122106385596,0.9135619073669015,0.1999999999999999,3.2999999999999994,displacement,9.2,24.39900905755615,24.763347921705133,25.39937950459062,1.2937882843554465,,,,False
group1,acetone_30_n-heptane_70,acetone 30% / n-heptane 70%,group1 | acetone 30% / n-heptane 70%,#b42265,D,0.4501204841953663,1.1270122106385596,0.9135619073669015,0.1999999999999999,3.2999999999999994,displacement,9.3,24.668236768440146,24.57766390553448,25.327268442154303,1.2753996025300698,,,,False
group1,acetone_30_n-heptane_70,acetone 30% / n-heptane 70%,group1 | acetone 30% / n-heptane 70%,#b42265,D,0.4501204841953663,1.1270122106385596,0.9135619073669015,0.1999999999999999,3.2999999999999994,displacement,9.4,24.54968175414665,24.542198984137464,25.601761695066173,1.0174628119435067,,,,False
group1,acetone_30_n-heptane_70,acetone 30% / n-heptane 70%,group1 | acetone 30% / n-heptane 70%,#b42265,D,0.4501204841953663,1.1270122106385596,0.9135619073669015,0.1999999999999999,3.2999999999999994,displacement,9.5,24.61585365917151,24.723626414907624,25.277447544763348,1.3872793189570876,,,,False
group1,acetone_30_n-heptane_70,acetone 30% / n-heptane 70%,group1 | acetone 30% / n-heptane 70%,#b42265,D,0.4501204841953663,1.1270122106385596,0.9135619073669015,0.1999999999999999,3.2999999999999994,displacement,9.6,24.78267292837793,25.15145300776803,24.844054547836325,2.0160638050137623,,,,False
group1,acetone_30_n-heptane_70,acetone 30% / n-heptane 70%,group1 | acetone 30% / n-heptane 70%,#b42265,D,0.4501204841953663,1.1270122106385596,0.9135619073669015,0.1999999999999999,3.2999999999999994,displacement,9.7,24.344917003660765,25.389232477469456,24.590526035234543,2.311311751219479,,,,False
group1,acetone_30_n-heptane_70,acetone 30% / n-heptane 70%,group1 | acetone 30% / n-heptane 70%,#b42265,D,0.4501204841953663,1.1270122106385596,0.9135619073669015,0.1999999999999999,3.2999999999999994,displacement,9.8,24.679599597442248,25.3086044580118,25.155016053242115,1.8924602492506812,,,,False
group1,acetone_30_n-heptane_70,acetone 30% / n-heptane 70%,group1 | acetone 30% / n-heptane 70%,#b42265,D,0.4501204841953663,1.1270122106385596,0.9135619073669015,0.1999999999999999,3.2999999999999994,displacement,9.9,24.922898745626718,25.58140553323928,25.22869950468588,2.122420626557421,,,,False
group1,acetone_30_n-heptane_70,acetone 30% / n-heptane 70%,group1 | acetone 30% / n-heptane 70%,#b42265,D,0.4501204841953663,1.1270122106385596,0.9135619073669015,0.1999999999999999,3.2999999999999994,displacement,10.0,24.376430742615867,25.527719284329,25.036430408684424,2.105166487481709,,,,False
group1,acetone_30_n-heptane_70,acetone 30% / n-heptane 70%,group1 | acetone 30% / n-heptane 70%,#b42265,D,0.4501204841953663,1.1270122106385596,0.9135619073669015,0.1999999999999999,3.2999999999999994,tamsd,,,,,,0.09999999999999998,0.22758407977244466,0.3997681010685646,False
group1,acetone_30_n-heptane_70,acetone 30% / n-heptane 70%,group1 | acetone 30% / n-heptane 70%,#b42265,D,0.4501204841953663,1.1270122106385596,0.9135619073669015,0.1999999999999999,3.2999999999999994,tamsd,,,,,,0.19999999999999996,0.4256380783980902,0.5461449278758941,True
group1,acetone_30_n-heptane_70,acetone 30% / n-heptane 70%,group1 | acetone 30% / n-heptane 70%,#b42265,D,0.4501204841953663,1.1270122106385596,0.9135619073669015,0.1999999999999999,3.2999999999999994,tamsd,,,,,,0.29999999999999993,0.5736352970052364,0.6554962136957394,True
group1,acetone_30_n-heptane_70,acetone 30% / n-heptane 70%,group1 | acetone 30% / n-heptane 70%,#b42265,D,0.4501204841953663,1.1270122106385596,0.9135619073669015,0.1999999999999999,3.2999999999999994,tamsd,,,,,,0.3999999999999999,0.7263455059812006,0.7461182656827546,True
group1,acetone_30_n-heptane_70,acetone 30% / n-heptane 70%,group1 | acetone 30% / n-heptane 70%,#b42265,D,0.4501204841953663,1.1270122106385596,0.9135619073669015,0.1999999999999999,3.2999999999999994,tamsd,,,,,,0.4999999999999999,0.8442647785532982,0.824952331023833,True
group1,acetone_30_n-heptane_70,acetone 30% / n-heptane 70%,group1 | acetone 30% / n-heptane 70%,#b42265,D,0.4501204841953663,1.1270122106385596,0.9135619073669015,0.1999999999999999,3.2999999999999994,tamsd,,,,,,0.5999999999999999,0.9068610560113122,0.8955089998298316,True
group1,acetone_30_n-heptane_70,acetone 30% / n-heptane 70%,group1 | acetone 30% / n-heptane 70%,#b42265,D,0.4501204841953663,1.1270122106385596,0.9135619073669015,0.1999999999999999,3.2999999999999994,tamsd,,,,,,0.6999999999999998,0.9751168385200268,0.9598515625418609,True
group1,acetone_30_n-heptane_70,acetone 30% / n-heptane 70%,group1 | acetone 30% / n-heptane 70%,#b42265,D,0.4501204841953663,1.1270122106385596,0.9135619073669015,0.1999999999999999,3.2999999999999994,tamsd,,,,,,0.7999999999999998,1.066805142763315,1.0193127098160002,True
group1,acetone_30_n-heptane_70,acetone 30% / n-heptane 70%,group1 | acetone 30% / n-heptane 70%,#b42265,D,0.4501204841953663,1.1270122106385596,0.9135619073669015,0.1999999999999999,3.2999999999999994,tamsd,,,,,,0.8999999999999998,1.1530863670035796,1.0748113344234949,True
group1,acetone_30_n-heptane_70,acetone 30% / n-heptane 70%,group1 | acetone 30% / n-heptane 70%,#b42265,D,0.4501204841953663,1.1270122106385596,0.9135619073669015,0.1999999999999999,3.2999999999999994,tamsd,,,,,,0.9999999999999998,1.2092424346959352,1.1270122106385594,True
group1,acetone_30_n-heptane_70,acetone 30% / n-heptane 70%,group1 | acetone 30% / n-heptane 70%,#b42265,D,0.4501204841953663,1.1270122106385596,0.9135619073669015,0.1999999999999999,3.2999999999999994,tamsd,,,,,,1.0999999999999996,1.2764714669388086,1.176414359488225,True
group1,acetone_30_n-heptane_70,acetone 30% / n-heptane 70%,group1 | acetone 30% / n-heptane 70%,#b42265,D,0.4501204841953663,1.1270122106385596,0.9135619073669015,0.1999999999999999,3.2999999999999994,tamsd,,,,,,1.1999999999999997,1.3701875515420259,1.2234035102275336,True
group1,acetone_30_n-heptane_70,acetone 30% / n-heptane 70%,group1 | acetone 30% / n-heptane 70%,#b42265,D,0.4501204841953663,1.1270122106385596,0.9135619073669015,0.1999999999999999,3.2999999999999994,tamsd,,,,,,1.2999999999999998,1.4660391941023965,1.268285006632509,True
group1,acetone_30_n-heptane_70,acetone 30% / n-heptane 70%,group1 | acetone 30% / n-heptane 70%,#b42265,D,0.4501204841953663,1.1270122106385596,0.9135619073669015,0.1999999999999999,3.2999999999999994,tamsd,,,,,,1.3999999999999997,1.5428987981252156,1.3113053817820242,True
group1,acetone_30_n-heptane_70,acetone 30% / n-heptane 70%,group1 | acetone 30% / n-heptane 70%,#b42265,D,0.4501204841953663,1.1270122106385596,0.9135619073669015,0.1999999999999999,3.2999999999999994,tamsd,,,,,,1.4999999999999996,1.5696654639935879,1.3526670287603857,True
group1,acetone_30_n-heptane_70,acetone 30% / n-heptane 70%,group1 | acetone 30% / n-heptane 70%,#b42265,D,0.4501204841953663,1.1270122106385596,0.9135619073669015,0.1999999999999999,3.2999999999999994,tamsd,,,,,,1.5999999999999996,1.5831934772789262,1.3925384864310693,True
group1,acetone_30_n-heptane_70,acetone 30% / n-heptane 70%,group1 | acetone 30% / n-heptane 70%,#b42265,D,0.4501204841953663,1.1270122106385596,0.9135619073669015,0.1999999999999999,3.2999999999999994,tamsd,,,,,,1.6999999999999997,1.5560992735968213,1.4310618410851277,True
group1,acetone_30_n-heptane_70,acetone 30% / n-heptane 70%,group1 | acetone 30% / n-heptane 70%,#b42265,D,0.4501204841953663,1.1270122106385596,0.9135619073669015,0.1999999999999999,3.2999999999999994,tamsd,,,,,,1.7999999999999996,1.5780488577346286,1.4683581735257953,True
group1,acetone_30_n-heptane_70,acetone 30% / n-heptane 70%,group1 | acetone 30% / n-heptane 70%,#b42265,D,0.4501204841953663,1.1270122106385596,0.9135619073669015,0.1999999999999999,3.2999999999999994,tamsd,,,,,,1.8999999999999995,1.6094586097631398,1.5045316468538423,True
group1,acetone_30_n-heptane_70,acetone 30% / n-heptane 70%,group1 | acetone 30% / n-heptane 70%,#b42265,D,0.4501204841953663,1.1270122106385596,0.9135619073669015,0.1999999999999999,3.2999999999999994,tamsd,,,,,,1.9999999999999996,1.611488516771486,1.539672627328715,True
group1,acetone_30_n-heptane_70,acetone 30% / n-heptane 70%,group1 | acetone 30% / n-heptane 70%,#b42265,D,0.4501204841953663,1.1270122106385596,0.9135619073669015,0.1999999999999999,3.2999999999999994,tamsd,,,,,,2.0999999999999996,1.5835730950140348,1.5738601035809456,True
group1,acetone_30_n-heptane_70,acetone 30% / n-heptane 70%,group1 | acetone 30% / n-heptane 70%,#b42265,D,0.4501204841953663,1.1270122106385596,0.9135619073669015,0.1999999999999999,3.2999999999999994,tamsd,,,,,,2.1999999999999993,1.592705207894073,1.6071635875836634,True
group1,acetone_30_n-heptane_70,acetone 30% / n-heptane 70%,group1 | acetone 30% / n-heptane 70%,#b42265,D,0.4501204841953663,1.1270122106385596,0.9135619073669015,0.1999999999999999,3.2999999999999994,tamsd,,,,,,2.2999999999999994,1.5833519541060055,1.6396446267425744,True
group1,acetone_30_n-heptane_70,acetone 30% / n-heptane 70%,group1 | acetone 30% / n-heptane 70%,#b42265,D,0.4501204841953663,1.1270122106385596,0.9135619073669015,0.1999999999999999,3.2999999999999994,tamsd,,,,,,2.3999999999999995,1.579258479385198,1.6713580199880333,True
group1,acetone_30_n-heptane_70,acetone 30% / n-heptane 70%,group1 | acetone 30% / n-heptane 70%,#b42265,D,0.4501204841953663,1.1270122106385596,0.9135619073669015,0.1999999999999999,3.2999999999999994,tamsd,,,,,,2.4999999999999996,1.5879895200054455,1.702352805645528,True
group1,acetone_30_n-heptane_70,acetone 30% / n-heptane 70%,group1 | acetone 30% / n-heptane 70%,#b42265,D,0.4501204841953663,1.1270122106385596,0.9135619073669015,0.1999999999999999,3.2999999999999994,tamsd,,,,,,2.5999999999999996,1.6233051465546675,1.7326730712678589,True
group1,acetone_30_n-heptane_70,acetone 30% / n-heptane 70%,group1 | acetone 30% / n-heptane 70%,#b42265,D,0.4501204841953663,1.1270122106385596,0.9135619073669015,0.1999999999999999,3.2999999999999994,tamsd,,,,,,2.6999999999999993,1.68680960687487,1.7623586230834125,True
group1,acetone_30_n-heptane_70,acetone 30% / n-heptane 70%,group1 | acetone 30% / n-heptane 70%,#b42265,D,0.4501204841953663,1.1270122106385596,0.9135619073669015,0.1999999999999999,3.2999999999999994,tamsd,,,,,,2.7999999999999994,1.7332983331075278,1.791445543659787,True
group1,acetone_30_n-heptane_70,acetone 30% / n-heptane 70%,group1 | acetone 30% / n-heptane 70%,#b42265,D,0.4501204841953663,1.1270122106385596,0.9135619073669015,0.1999999999999999,3.2999999999999994,tamsd,,,,,,2.8999999999999995,1.7522340182859972,1.8199666597483835,True
group1,acetone_30_n-heptane_70,acetone 30% / n-heptane 70%,group1 | acetone 30% / n-heptane 70%,#b42265,D,0.4501204841953663,1.1270122106385596,0.9135619073669015,0.1999999999999999,3.2999999999999994,tamsd,,,,,,2.999999999999999,1.738756549600521,1.8479519373551438,True
group1,acetone_30_n-heptane_70,acetone 30% / n-heptane 70%,group1 | acetone 30% / n-heptane 70%,#b42265,D,0.4501204841953663,1.1270122106385596,0.9135619073669015,0.1999999999999999,3.2999999999999994,tamsd,,,,,,3.099999999999999,1.6973729963082245,1.8754288173907883,True
group1,acetone_30_n-heptane_70,acetone 30% / n-heptane 70%,group1 | acetone 30% / n-heptane 70%,#b42265,D,0.4501204841953663,1.1270122106385596,0.9135619073669015,0.1999999999999999,3.2999999999999994,tamsd,,,,,,3.1999999999999993,1.6273121906470134,1.9024225024544024,True
group1,acetone_30_n-heptane_70,acetone 30% / n-heptane 70%,group1 | acetone 30% / n-heptane 70%,#b42265,D,0.4501204841953663,1.1270122106385596,0.9135619073669015,0.1999999999999999,3.2999999999999994,tamsd,,,,,,3.2999999999999994,1.5545798683243532,1.9289562031603213,True
group1,acetone_40_n-heptane_60,acetone 40% / n-heptane 60%,group1 | acetone 40% / n-heptane 60%,#25b4e4,P,0.7439544191437493,1.0307302675154804,0.9877647423758186,0.1999999999999999,3.2999999999999994,displacement,0.0,24.32706467691491,23.86812621558185,26.3306636866292,0.0,,,,False
group1,acetone_40_n-heptane_60,acetone 40% / n-heptane 60%,group1 | acetone 40% / n-heptane 60%,#25b4e4,P,0.7439544191437493,1.0307302675154804,0.9877647423758186,0.1999999999999999,3.2999999999999994,displacement,0.1,24.291898351160302,23.850713676508605,26.902512319682216,0.5731934456260459,,,,False
group1,acetone_40_n-heptane_60,acetone 40% / n-heptane 60%,group1 | acetone 40% / n-heptane 60%,#25b4e4,P,0.7439544191437493,1.0307302675154804,0.9877647423758186,0.1999999999999999,3.2999999999999994,displacement,0.2,24.40647323840089,23.65088334046104,26.80905017733564,0.5313697591305423,,,,False
group1,acetone_40_n-heptane_60,acetone 40% / n-heptane 60%,group1 | acetone 40% / n-heptane 60%,#25b4e4,P,0.7439544191437493,1.0307302675154804,0.9877647423758186,0.1999999999999999,3.2999999999999994,displacement,0.3,24.467196084634853,23.771155972475107,27.091486140047977,0.779673550342653,,,,False
group1,acetone_40_n-heptane_60,acetone 40% / n-heptane 60%,group1 | acetone 40% / n-heptane 60%,#25b4e4,P,0.7439544191437493,1.0307302675154804,0.9877647423758186,0.1999999999999999,3.2999999999999994,displacement,0.4,24.52909836435299,23.541987621148625,27.37465082629278,1.1122468886994663,,,,False
group1,acetone_40_n-heptane_60,acetone 40% / n-heptane 60%,group1 | acetone 40% / n-heptane 60%,#25b4e4,P,0.7439544191437493,1.0307302675154804,0.9877647423758186,0.1999999999999999,3.2999999999999994,displacement,0.5,24.39391430661342,23.140732487833084,27.37498913205212,1.274435617878299,,,,False
group1,acetone_40_n-heptane_60,acetone 40% / n-heptane 60%,group1 | acetone 40% / n-heptane 60%,#25b4e4,P,0.7439544191437493,1.0307302675154804,0.9877647423758186,0.1999999999999999,3.2999999999999994,displacement,0.6,24.58261772195532,22.95052082061141,27.392678277676847,1.4265980552721846,,,,False
group1,acetone_40_n-heptane_60,acetone 40% / n-heptane 60%,group1 | acetone 40% / n-heptane 60%,#25b4e4,P,0.7439544191437493,1.0307302675154804,0.9877647423758186,0.1999999999999999,3.2999999999999994,displacement,0.7,24.789696492335693,22.759579039591117,27.45390563304977,1.6445599740463188,,,,False
group1,acetone_40_n-heptane_60,acetone 40% / n-heptane 60%,group1 | acetone 40% / n-heptane 60%,#25b4e4,P,0.7439544191437493,1.0307302675154804,0.9877647423758186,0.1999999999999999,3.2999999999999994,displacement,0.8,24.98330043434609,23.10814187210679,27.18362363061188,1.3174832969329926,,,,False
group1,acetone_40_n-heptane_60,acetone 40% / n-heptane 60%,group1 | acetone 40% / n-heptane 60%,#25b4e4,P,0.7439544191437493,1.0307302675154804,0.9877647423758186,0.1999999999999999,3.2999999999999994,displacement,0.9,25.038118183494987,22.907118433662152,27.66764129344255,1.7934999769306887,,,,False
group1,acetone_40_n-heptane_60,acetone 40% / n-heptane 60%,group1 | acetone 40% / n-heptane 60%,#25b4e4,P,0.7439544191437493,1.0307302675154804,0.9877647423758186,0.1999999999999999,3.2999999999999994,displacement,1.0,24.84658863657394,22.43185776976112,27.4833922092152,1.91351907226016,,,,False
group1,acetone_40_n-heptane_60,acetone 40% / n-heptane 60%,group1 | acetone 40% / n-heptane 60%,#25b4e4,P,0.7439544191437493,1.0307302675154804,0.9877647423758186,0.1999999999999999,3.2999999999999994,displacement,1.1,24.7670103228792,22.53309211995683,27.073340513858383,1.5897915201646542,,,,False
group1,acetone_40_n-heptane_60,acetone 40% / n-heptane 60%,group1 | acetone 40% / n-heptane 60%,#25b4e4,P,0.7439544191437493,1.0307302675154804,0.9877647423758186,0.1999999999999999,3.2999999999999994,displacement,1.2,24.320687926820447,22.938470729199494,26.977985437601077,1.132839545383131,,,,False
group1,acetone_40_n-heptane_60,acetone 40% / n-heptane 60%,group1 | acetone 40% / n-heptane 60%,#25b4e4,P,0.7439544191437493,1.0307302675154804,0.9877647423758186,0.1999999999999999,3.2999999999999994,displacement,1.3,24.372395087412443,22.53216995493212,26.78770791909893,1.4127007492455417,,,,False
group1,acetone_40_n-heptane_60,acetone 40% / n-heptane 60%,group1 | acetone 40% / n-heptane 60%,#25b4e4,P,0.7439544191437493,1.0307302675154804,0.9877647423758186,0.1999999999999999,3.2999999999999994,displacement,1.4,24.71355824930571,22.647489686474056,27.002264046871566,1.4458139097302207,,,,False
group1,acetone_40_n-heptane_60,acetone 40% / n-heptane 60%,group1 | acetone 40% / n-heptane 60%,#25b4e4,P,0.7439544191437493,1.0307302675154804,0.9877647423758186,0.1999999999999999,3.2999999999999994,displacement,1.5,24.86874360088705,22.703407207687043,27.573370924309454,1.7872626283257778,,,,False
group1,acetone_40_n-heptane_60,acetone 40% / n-heptane 60%,group1 | acetone 40% / n-heptane 60%,#25b4e4,P,0.7439544191437493,1.0307302675154804,0.9877647423758186,0.1999999999999999,3.2999999999999994,displacement,1.6,24.958816174614697,23.28408149783841,27.813948225522868,1.7147452319487368,,,,False
group1,acetone_40_n-heptane_60,acetone 40% / n-heptane 60%,group1 | acetone 40% / n-heptane 60%,#25b4e4,P,0.7439544191437493,1.0307302675154804,0.9877647423758186,0.1999999999999999,3.2999999999999994,displacement,1.7,25.312701440811946,23.65761648891472,27.18877220082913,1.323685913466368,,,,False
group1,acetone_40_n-heptane_60,acetone 40% / n-heptane 60%,group1 | acetone 40% / n-heptane 60%,#25b4e4,P,0.7439544191437493,1.0307302675154804,0.9877647423758186,0.1999999999999999,3.2999999999999994,displacement,1.8,25.124155788464492,23.30580470109656,27.1297195866619,1.2609718700833257,,,,False
group1,acetone_40_n-heptane_60,acetone 40% / n-heptane 60%,group1 | acetone 40% / n-heptane 60%,#25b4e4,P,0.7439544191437493,1.0307302675154804,0.9877647423758186,0.1999999999999999,3.2999999999999994,displacement,1.9,25.02478301982269,23.184869295828506,27.44647200222972,1.482794355797212,,,,False
group1,acetone_40_n-heptane_60,acetone 40% / n-heptane 60%,group1 | acetone 40% / n-heptane 60%,#25b4e4,P,0.7439544191437493,1.0307302675154804,0.9877647423758186,0.1999999999999999,3.2999999999999994,displacement,2.0,25.00254056048146,23.30367316944372,27.36871189036506,1.3610359965312675,,,,False
group1,acetone_40_n-heptane_60,acetone 40% / n-heptane 60%,group1 | acetone 40% / n-heptane 60%,#25b4e4,P,0.7439544191437493,1.0307302675154804,0.9877647423758186,0.1999999999999999,3.2999999999999994,displacement,2.1,25.404143683187996,23.50912603140739,27.59013411713514,1.6956550602378762,,,,False
group1,acetone_40_n-heptane_60,acetone 40% / n-heptane 60%,group1 | acetone 40% / n-heptane 60%,#25b4e4,P,0.7439544191437493,1.0307302675154804,0.9877647423758186,0.1999999999999999,3.2999999999999994,displacement,2.2,24.98897565635982,23.4043060982165,27.555968203986463,1.467864573534845,,,,False
group1,acetone_40_n-heptane_60,acetone 40% / n-heptane 60%,group1 | acetone 40% / n-heptane 60%,#25b4e4,P,0.7439544191437493,1.0307302675154804,0.9877647423758186,0.1999999999999999,3.2999999999999994,displacement,2.3,25.18157659463477,23.563215134590312,27.099343672949445,1.1891300627795007,,,,False
group1,acetone_40_n-heptane_60,acetone 40% / n-heptane 60%,group1 | acetone 40% / n-heptane 60%,#25b4e4,P,0.7439544191437493,1.0307302675154804,0.9877647423758186,0.1999999999999999,3.2999999999999994,displacement,2.4,25.518366534373467,23.76301567218299,27.30942870093668,1.545389690385609,,,,False
group1,acetone_40_n-heptane_60,acetone 40% / n-heptane 60%,group1 | acetone 40% / n-heptane 60%,#25b4e4,P,0.7439544191437493,1.0307302675154804,0.9877647423758186,0.1999999999999999,3.2999999999999994,displacement,2.5,25.85283035705221,23.758029505186965,27.354514438929588,1.8407478261051025,,,,False
group1,acetone_40_n-heptane_60,acetone 40% / n-heptane 60%,group1 | acetone 40% / n-heptane 60%,#25b4e4,P,0.7439544191437493,1.0307302675154804,0.9877647423758186,0.1999999999999999,3.2999999999999994,displacement,2.6,25.98437929150577,23.839614665493198,26.84193925987361,1.734620232794863,,,,False
group1,acetone_40_n-heptane_60,acetone 40% / n-heptane 60%,group1 | acetone 40% / n-heptane 60%,#25b4e4,P,0.7439544191437493,1.0307302675154804,0.9877647423758186,0.1999999999999999,3.2999999999999994,displacement,2.7,25.949374104330047,23.638135037722048,26.525173217306087,1.6500356898253763,,,,False
group1,acetone_40_n-heptane_60,acetone 40% / n-heptane 60%,group1 | acetone 40% / n-heptane 60%,#25b4e4,P,0.7439544191437493,1.0307302675154804,0.9877647423758186,0.1999999999999999,3.2999999999999994,displacement,2.8,25.58692964774881,23.67809870278065,26.788851840383604,1.353996523110966,,,,False
group1,acetone_40_n-heptane_60,acetone 40% / n-heptane 60%,group1 | acetone 40% / n-heptane 60%,#25b4e4,P,0.7439544191437493,1.0307302675154804,0.9877647423758186,0.1999999999999999,3.2999999999999994,displacement,2.9,25.59262647528421,23.882363287555407,27.15261862301689,1.5091253351402578,,,,False
group1,acetone_40_n-heptane_60,acetone 40% / n-heptane 60%,group1 | acetone 40% / n-heptane 60%,#25b4e4,P,0.7439544191437493,1.0307302675154804,0.9877647423758186,0.1999999999999999,3.2999999999999994,displacement,3.0,25.23744626811748,23.886309466133017,26.682022495154666,0.9760011703525574,,,,False
group1,acetone_40_n-heptane_60,acetone 40% / n-heptane 60%,group1 | acetone 40% / n-heptane 60%,#25b4e4,P,0.7439544191437493,1.0307302675154804,0.9877647423758186,0.1999999999999999,3.2999999999999994,displacement,3.1,25.402327418504832,23.60474976090017,26.43097415275562,1.111584144339358,,,,False
group1,acetone_40_n-heptane_60,acetone 40% / n-heptane 60%,group1 | acetone 40% / n-heptane 60%,#25b4e4,P,0.7439544191437493,1.0307302675154804,0.9877647423758186,0.1999999999999999,3.2999999999999994,displacement,3.2,25.15480095807186,23.59013105258443,26.166635226884665,0.8884447070018818,,,,False
group1,acetone_40_n-heptane_60,acetone 40% / n-heptane 60%,group1 | acetone 40% / n-heptane 60%,#25b4e4,P,0.7439544191437493,1.0307302675154804,0.9877647423758186,0.1999999999999999,3.2999999999999994,displacement,3.3,25.349983092025564,23.828839204640143,26.10694336268498,1.047834116903496,,,,False
group1,acetone_40_n-heptane_60,acetone 40% / n-heptane 60%,group1 | acetone 40% / n-heptane 60%,#25b4e4,P,0.7439544191437493,1.0307302675154804,0.9877647423758186,0.1999999999999999,3.2999999999999994,displacement,3.4,25.214859552609745,24.02370494913576,26.18523252153357,0.9129812196454627,,,,False
group1,acetone_40_n-heptane_60,acetone 40% / n-heptane 60%,group1 | acetone 40% / n-heptane 60%,#25b4e4,P,0.7439544191437493,1.0307302675154804,0.9877647423758186,0.1999999999999999,3.2999999999999994,displacement,3.5,25.11555919405374,24.19796235327952,26.00902600675079,0.9132175416662136,,,,False
group1,acetone_40_n-heptane_60,acetone 40% / n-heptane 60%,group1 | acetone 40% / n-heptane 60%,#25b4e4,P,0.7439544191437493,1.0307302675154804,0.9877647423758186,0.1999999999999999,3.2999999999999994,displacement,3.6,25.204708364198,24.22870217302488,26.068779467230225,0.9843052409105736,,,,False
group1,acetone_40_n-heptane_60,acetone 40% / n-heptane 60%,group1 | acetone 40% / n-heptane 60%,#25b4e4,P,0.7439544191437493,1.0307302675154804,0.9877647423758186,0.1999999999999999,3.2999999999999994,displacement,3.7,25.0037107221896,24.211366795296566,25.536779231315613,1.0981422924818638,,,,False
group1,acetone_40_n-heptane_60,acetone 40% / n-heptane 60%,group1 | acetone 40% / n-heptane 60%,#25b4e4,P,0.7439544191437493,1.0307302675154804,0.9877647423758186,0.1999999999999999,3.2999999999999994,displacement,3.8,25.1526554390564,24.18755871535642,26.12417311418773,0.9089970214213032,,,,False
group1,acetone_40_n-heptane_60,acetone 40% / n-heptane 60%,group1 | acetone 40% / n-heptane 60%,#25b4e4,P,0.7439544191437493,1.0307302675154804,0.9877647423758186,0.1999999999999999,3.2999999999999994,displacement,3.9,24.917780598506603,23.991914146651343,25.969744797816077,0.7032291207014187,,,,False
group1,acetone_40_n-heptane_60,acetone 40% / n-heptane 60%,group1 | acetone 40% / n-heptane 60%,#25b4e4,P,0.7439544191437493,1.0307302675154804,0.9877647423758186,0.1999999999999999,3.2999999999999994,displacement,4.0,24.91442555767157,24.015600321130037,26.106322654134203,0.64580981326657,,,,False
group1,acetone_40_n-heptane_60,acetone 40% / n-heptane 60%,group1 | acetone 40% / n-heptane 60%,#25b4e4,P,0.7439544191437493,1.0307302675154804,0.9877647423758186,0.1999999999999999,3.2999999999999994,displacement,4.1,24.764971479319765,24.10359460010478,25.81298600258569,0.7177728834798202,,,,False
group1,acetone_40_n-heptane_60,acetone 40% / n-heptane 60%,group1 | acetone 40% / n-heptane 60%,#25b4e4,P,0.7439544191437493,1.0307302675154804,0.9877647423758186,0.1999999999999999,3.2999999999999994,displacement,4.2,25.096150147044995,24.352125764651,26.02414872105341,0.9590096182970632,,,,False
group1,acetone_40_n-heptane_60,acetone 40% / n-heptane 60%,group1 | acetone 40% / n-heptane 60%,#25b4e4,P,0.7439544191437493,1.0307302675154804,0.9877647423758186,0.1999999999999999,3.2999999999999994,displacement,4.3,24.9892069351396,24.240202299564498,26.157717710408587,0.7789629600241945,,,,False
group1,acetone_40_n-heptane_60,acetone 40% / n-heptane 60%,group1 | acetone 40% / n-heptane 60%,#25b4e4,P,0.7439544191437493,1.0307302675154804,0.9877647423758186,0.1999999999999999,3.2999999999999994,displacement,4.4,25.33912381463093,24.412656307310133,26.16029436236477,1.1618099783021472,,,,False
group1,acetone_40_n-heptane_60,acetone 40% / n-heptane 60%,group1 | acetone 40% / n-heptane 60%,#25b4e4,P,0.7439544191437493,1.0307302675154804,0.9877647423758186,0.1999999999999999,3.2999999999999994,displacement,4.5,25.06909429390316,24.31676633381054,25.9425830717436,0.9499960377927716,,,,False
group1,acetone_40_n-heptane_60,acetone 40% / n-heptane 60%,group1 | acetone 40% / n-heptane 60%,#25b4e4,P,0.7439544191437493,1.0307302675154804,0.9877647423758186,0.1999999999999999,3.2999999999999994,displacement,4.6,24.490723666996576,24.234736319672027,25.67864836936849,0.7657096103603189,,,,False
group1,acetone_40_n-heptane_60,acetone 40% / n-heptane 60%,group1 | acetone 40% / n-heptane 60%,#25b4e4,P,0.7439544191437493,1.0307302675154804,0.9877647423758186,0.1999999999999999,3.2999999999999994,displacement,4.7,25.1971416989252,24.12800953044558,25.730618949065907,1.0884057371459657,,,,False
group1,acetone_40_n-heptane_60,acetone 40% / n-heptane 60%,group1 | acetone 40% / n-heptane 60%,#25b4e4,P,0.7439544191437493,1.0307302675154804,0.9877647423758186,0.1999999999999999,3.2999999999999994,displacement,4.8,25.00879274543079,24.078597083833703,25.837576921963315,0.8672864021035668,,,,False
group1,acetone_40_n-heptane_60,acetone 40% / n-heptane 60%,group1 | acetone 40% / n-heptane 60%,#25b4e4,P,0.7439544191437493,1.0307302675154804,0.9877647423758186,0.1999999999999999,3.2999999999999994,displacement,4.9,25.072818590596917,23.957163406335518,26.02929769295253,0.8092576742015213,,,,False
group1,acetone_40_n-heptane_60,acetone 40% / n-heptane 60%,group1 | acetone 40% / n-heptane 60%,#25b4e4,P,0.7439544191437493,1.0307302675154804,0.9877647423758186,0.1999999999999999,3.2999999999999994,displacement,5.0,25.322485730877908,24.21892452904781,26.098183445393907,1.0807264195753652,,,,False
group1,acetone_40_n-heptane_60,acetone 40% / n-heptane 60%,group1 | acetone 40% / n-heptane 60%,#25b4e4,P,0.7439544191437493,1.0307302675154804,0.9877647423758186,0.1999999999999999,3.2999999999999994,displacement,5.1,25.65784878592469,24.18406412995839,26.042385427611197,1.3978224011497342,,,,False
group1,acetone_40_n-heptane_60,acetone 40% / n-heptane 60%,group1 | acetone 40% / n-heptane 60%,#25b4e4,P,0.7439544191437493,1.0307302675154804,0.9877647423758186,0.1999999999999999,3.2999999999999994,displacement,5.2,25.66419130431221,23.72911108997577,26.21993225267104,1.3488863085184686,,,,False
group1,acetone_40_n-heptane_60,acetone 40% / n-heptane 60%,group1 | acetone 40% / n-heptane 60%,#25b4e4,P,0.7439544191437493,1.0307302675154804,0.9877647423758186,0.1999999999999999,3.2999999999999994,displacement,5.3,25.613270844037288,23.911691471101893,25.83207920504216,1.380148803974261,,,,False
group1,acetone_40_n-heptane_60,acetone 40% / n-heptane 60%,group1 | acetone 40% / n-heptane 60%,#25b4e4,P,0.7439544191437493,1.0307302675154804,0.9877647423758186,0.1999999999999999,3.2999999999999994,displacement,5.4,25.448529865303197,24.09672689680861,25.877800171306667,1.2308646569523345,,,,False
group1,acetone_40_n-heptane_60,acetone 40% / n-heptane 60%,group1 | acetone 40% / n-heptane 60%,#25b4e4,P,0.7439544191437493,1.0307302675154804,0.9877647423758186,0.1999999999999999,3.2999999999999994,displacement,5.5,25.39467877000882,24.015389825710265,25.61006319503854,1.2964380012640355,,,,False
group1,acetone_40_n-heptane_60,acetone 40% / n-heptane 60%,group1 | acetone 40% / n-heptane 60%,#25b4e4,P,0.7439544191437493,1.0307302675154804,0.9877647423758186,0.1999999999999999,3.2999999999999994,displacement,5.6,25.00378668708671,24.3595044630912,25.66567181820959,1.0684659312493456,,,,False
group1,acetone_40_n-heptane_60,acetone 40% / n-heptane 60%,group1 | acetone 40% / n-heptane 60%,#25b4e4,P,0.7439544191437493,1.0307302675154804,0.9877647423758186,0.1999999999999999,3.2999999999999994,displacement,5.7,24.48362299148011,24.54353356450149,25.557103925852765,1.038787897660856,,,,False
group1,acetone_40_n-heptane_60,acetone 40% / n-heptane 60%,group1 | acetone 40% / n-heptane 60%,#25b4e4,P,0.7439544191437493,1.0307302675154804,0.9877647423758186,0.1999999999999999,3.2999999999999994,displacement,5.8,24.898158835313467,24.81317145198849,25.901030862656697,1.1848389764210308,,,,False
group1,acetone_40_n-heptane_60,acetone 40% / n-heptane 60%,group1 | acetone 40% / n-heptane 60%,#25b4e4,P,0.7439544191437493,1.0307302675154804,0.9877647423758186,0.1999999999999999,3.2999999999999994,displacement,5.9,25.35475813608612,25.14595333174841,26.33069810504064,1.6398158390558588,,,,False
group1,acetone_40_n-heptane_60,acetone 40% / n-heptane 60%,group1 | acetone 40% / n-heptane 60%,#25b4e4,P,0.7439544191437493,1.0307302675154804,0.9877647423758186,0.1999999999999999,3.2999999999999994,displacement,6.0,24.995699928548483,25.123687361042908,26.26883381296122,1.423843328107549,,,,False
group1,acetone_40_n-heptane_60,acetone 40% / n-heptane 60%,group1 | acetone 40% / n-heptane 60%,#25b4e4,P,0.7439544191437493,1.0307302675154804,0.9877647423758186,0.1999999999999999,3.2999999999999994,displacement,6.1,24.88078058916458,25.28326705172279,25.882626297196797,1.5842860852515197,,,,False
group1,acetone_40_n-heptane_60,acetone 40% / n-heptane 60%,group1 | acetone 40% / n-heptane 60%,#25b4e4,P,0.7439544191437493,1.0307302675154804,0.9877647423758186,0.1999999999999999,3.2999999999999994,displacement,6.2,25.07068438730063,25.18194327733963,26.12812668184568,1.5231896742515951,,,,False
group1,acetone_40_n-heptane_60,acetone 40% / n-heptane 60%,group1 | acetone 40% / n-heptane 60%,#25b4e4,P,0.7439544191437493,1.0307302675154804,0.9877647423758186,0.1999999999999999,3.2999999999999994,displacement,6.3,24.71996827622996,25.07965332111932,26.07818659901337,1.2984282211881022,,,,False
group1,acetone_40_n-heptane_60,acetone 40% / n-heptane 60%,group1 | acetone 40% / n-heptane 60%,#25b4e4,P,0.7439544191437493,1.0307302675154804,0.9877647423758186,0.1999999999999999,3.2999999999999994,displacement,6.4,24.64737301423521,24.899213217015813,25.85246958703865,1.18085030057421,,,,False
group1,acetone_40_n-heptane_60,acetone 40% / n-heptane 60%,group1 | acetone 40% / n-heptane 60%,#25b4e4,P,0.7439544191437493,1.0307302675154804,0.9877647423758186,0.1999999999999999,3.2999999999999994,displacement,6.5,24.747080763981856,24.99059193210049,25.998733487991096,1.2435917557312248,,,,False
group1,acetone_40_n-heptane_60,acetone 40% / n-heptane 60%,group1 | acetone 40% / n-heptane 60%,#25b4e4,P,0.7439544191437493,1.0307302675154804,0.9877647423758186,0.1999999999999999,3.2999999999999994,displacement,6.6,25.03990180423633,24.98703382922441,25.990688968182464,1.3695524185434054,,,,False
group1,acetone_40_n-heptane_60,acetone 40% / n-heptane 60%,group1 | acetone 40% / n-heptane 60%,#25b4e4,P,0.7439544191437493,1.0307302675154804,0.9877647423758186,0.1999999999999999,3.2999999999999994,displacement,6.7,25.081028190836168,25.097473893490257,25.690356728642936,1.5778940693053245,,,,False
group1,acetone_40_n-heptane_60,acetone 40% / n-heptane 60%,group1 | acetone 40% / n-heptane 60%,#25b4e4,P,0.7439544191437493,1.0307302675154804,0.9877647423758186,0.1999999999999999,3.2999999999999994,displacement,6.8,25.454626780372003,24.964922458771685,25.801459221919185,1.6596432332573587,,,,False
group1,acetone_40_n-heptane_60,acetone 40% / n-heptane 60%,group1 | acetone 40% / n-heptane 60%,#25b4e4,P,0.7439544191437493,1.0307302675154804,0.9877647423758186,0.1999999999999999,3.2999999999999994,displacement,6.9,25.210355376292604,24.975652768079197,25.64935235324635,1.571942319899083,,,,False
group1,acetone_40_n-heptane_60,acetone 40% / n-heptane 60%,group1 | acetone 40% / n-heptane 60%,#25b4e4,P,0.7439544191437493,1.0307302675154804,0.9877647423758186,0.1999999999999999,3.2999999999999994,displacement,7.0,25.33481023707177,24.760521795386783,26.24887564205583,1.3485585894229393,,,,False
group1,acetone_40_n-heptane_60,acetone 40% / n-heptane 60%,group1 | acetone 40% / n-heptane 60%,#25b4e4,P,0.7439544191437493,1.0307302675154804,0.9877647423758186,0.1999999999999999,3.2999999999999994,displacement,7.1,25.12815326890983,25.15753198569121,26.096289717281003,1.535982203583022,,,,False
group1,acetone_40_n-heptane_60,acetone 40% / n-heptane 60%,group1 | acetone 40% / n-heptane 60%,#25b4e4,P,0.7439544191437493,1.0307302675154804,0.9877647423758186,0.1999999999999999,3.2999999999999994,displacement,7.2,25.263979028419488,25.281453679800247,25.98767216866043,1.730013353869784,,,,False
group1,acetone_40_n-heptane_60,acetone 40% / n-heptane 60%,group1 | acetone 40% / n-heptane 60%,#25b4e4,P,0.7439544191437493,1.0307302675154804,0.9877647423758186,0.1999999999999999,3.2999999999999994,displacement,7.3,24.69120138327437,25.022002672398912,26.026923444100294,1.2475113440151715,,,,False
group1,acetone_40_n-heptane_60,acetone 40% / n-heptane 60%,group1 | acetone 40% / n-heptane 60%,#25b4e4,P,0.7439544191437493,1.0307302675154804,0.9877647423758186,0.1999999999999999,3.2999999999999994,displacement,7.4,24.83466641376095,24.93858998300541,25.69946835086973,1.34237094444877,,,,False
group1,acetone_40_n-heptane_60,acetone 40% / n-heptane 60%,group1 | acetone 40% / n-heptane 60%,#25b4e4,P,0.7439544191437493,1.0307302675154804,0.9877647423758186,0.1999999999999999,3.2999999999999994,displacement,7.5,24.925337284148085,25.071729433086567,25.59791243188281,1.5308544081935762,,,,False
group1,acetone_40_n-heptane_60,acetone 40% / n-heptane 60%,group1 | acetone 40% / n-heptane 60%,#25b4e4,P,0.7439544191437493,1.0307302675154804,0.9877647423758186,0.1999999999999999,3.2999999999999994,displacement,7.6,24.67195044862327,24.76679833725426,25.680784286784792,1.1614219784988573,,,,False
group1,acetone_40_n-heptane_60,acetone 40% / n-heptane 60%,group1 | acetone 40% / n-heptane 60%,#25b4e4,P,0.7439544191437493,1.0307302675154804,0.9877647423758186,0.1999999999999999,3.2999999999999994,displacement,7.7,24.433725347875995,24.480069842884145,25.781158850433947,0.829341345121378,,,,False
group1,acetone_40_n-heptane_60,acetone 40% / n-heptane 60%,group1 | acetone 40% / n-heptane 60%,#25b4e4,P,0.7439544191437493,1.0307302675154804,0.9877647423758186,0.1999999999999999,3.2999999999999994,displacement,7.8,24.51064990877735,24.890063880932622,25.637835448747047,1.2482271814166994,,,,False
group1,acetone_40_n-heptane_60,acetone 40% / n-heptane 60%,group1 | acetone 40% / n-heptane 60%,#25b4e4,P,0.7439544191437493,1.0307302675154804,0.9877647423758186,0.1999999999999999,3.2999999999999994,displacement,7.9,24.14228201744435,25.11279942370218,25.58434060261408,1.4629949323177516,,,,False
group1,acetone_40_n-heptane_60,acetone 40% / n-heptane 60%,group1 | acetone 40% / n-heptane 60%,#25b4e4,P,0.7439544191437493,1.0307302675154804,0.9877647423758186,0.1999999999999999,3.2999999999999994,displacement,8.0,24.106228498884484,25.08789226692996,25.51741471887233,1.4825558070798062,,,,False
group1,acetone_40_n-heptane_60,acetone 40% / n-heptane 60%,group1 | acetone 40% / n-heptane 60%,#25b4e4,P,0.7439544191437493,1.0307302675154804,0.9877647423758186,0.1999999999999999,3.2999999999999994,displacement,8.1,24.1826159226655,25.19875490878732,25.92584640700245,1.398325853179549,,,,False
group1,acetone_40_n-heptane_60,acetone 40% / n-heptane 60%,group1 | acetone 40% / n-heptane 60%,#25b4e4,P,0.7439544191437493,1.0307302675154804,0.9877647423758186,0.1999999999999999,3.2999999999999994,displacement,8.2,24.053016994778535,24.815966419941724,25.63891489530034,1.2049977491224768,,,,False
group1,acetone_40_n-heptane_60,acetone 40% / n-heptane 60%,group1 | acetone 40% / n-heptane 60%,#25b4e4,P,0.7439544191437493,1.0307302675154804,0.9877647423758186,0.1999999999999999,3.2999999999999994,displacement,8.3,24.170487072563503,24.905881611554275,25.27895453000526,1.4857809253658347,,,,False
group1,acetone_40_n-heptane_60,acetone 40% / n-heptane 60%,group1 | acetone 40% / n-heptane 60%,#25b4e4,P,0.7439544191437493,1.0307302675154804,0.9877647423758186,0.1999999999999999,3.2999999999999994,displacement,8.4,24.26226462261913,24.666198299035766,25.26407406411584,1.3336909388154388,,,,False
group1,acetone_40_n-heptane_60,acetone 40% / n-heptane 60%,group1 | acetone 40% / n-heptane 60%,#25b4e4,P,0.7439544191437493,1.0307302675154804,0.9877647423758186,0.1999999999999999,3.2999999999999994,displacement,8.5,24.1777776457,24.431365137001023,25.094357699270027,1.366739622119203,,,,False
group1,acetone_40_n-heptane_60,acetone 40% / n-heptane 60%,group1 | acetone 40% / n-heptane 60%,#25b4e4,P,0.7439544191437493,1.0307302675154804,0.9877647423758186,0.1999999999999999,3.2999999999999994,displacement,8.6,24.26229516385639,24.31705135265283,24.932547648875403,1.4698494220635048,,,,False
group1,acetone_40_n-heptane_60,acetone 40% / n-heptane 60%,group1 | acetone 40% / n-heptane 60%,#25b4e4,P,0.7439544191437493,1.0307302675154804,0.9877647423758186,0.1999999999999999,3.2999999999999994,displacement,8.7,24.24605145166704,24.32254357385834,24.89173267102385,1.5111521253133684,,,,False
group1,acetone_40_n-heptane_60,acetone 40% / n-heptane 60%,group1 | acetone 40% / n-heptane 60%,#25b4e4,P,0.7439544191437493,1.0307302675154804,0.9877647423758186,0.1999999999999999,3.2999999999999994,displacement,8.8,24.25909133363056,24.471261410718903,24.650899976656188,1.7860567069252231,,,,False
group1,acetone_40_n-heptane_60,acetone 40% / n-heptane 60%,group1 | acetone 40% / n-heptane 60%,#25b4e4,P,0.7439544191437493,1.0307302675154804,0.9877647423758186,0.1999999999999999,3.2999999999999994,displacement,8.9,24.15507910930445,24.579113205844383,25.21831452512378,1.3313159628317712,,,,False
group1,acetone_40_n-heptane_60,acetone 40% / n-heptane 60%,group1 | acetone 40% / n-heptane 60%,#25b4e4,P,0.7439544191437493,1.0307302675154804,0.9877647423758186,0.1999999999999999,3.2999999999999994,displacement,9.0,24.476796787921447,24.4829976044416,25.327688188946997,1.1859369202683878,,,,False
group1,acetone_40_n-heptane_60,acetone 40% / n-heptane 60%,group1 | acetone 40% / n-heptane 60%,#25b4e4,P,0.7439544191437493,1.0307302675154804,0.9877647423758186,0.1999999999999999,3.2999999999999994,displacement,9.1,24.389068873488863,25.10560183006271,25.40073357597698,1.5491805664690053,,,,False
group1,acetone_40_n-heptane_60,acetone 40% / n-heptane 60%,group1 | acetone 40% / n-heptane 60%,#25b4e4,P,0.7439544191437493,1.0307302675154804,0.9877647423758186,0.1999999999999999,3.2999999999999994,displacement,9.2,24.34998920944502,25.157508102981417,24.911914328976728,1.9172587007457047,,,,False
group1,acetone_40_n-heptane_60,acetone 40% / n-heptane 60%,group1 | acetone 40% / n-heptane 60%,#25b4e4,P,0.7439544191437493,1.0307302675154804,0.9877647423758186,0.1999999999999999,3.2999999999999994,displacement,9.3,24.430434150271555,25.30238044718385,24.83416456695625,2.0753987723018925,,,,False
group1,acetone_40_n-heptane_60,acetone 40% / n-heptane 60%,group1 | acetone 40% / n-heptane 60%,#25b4e4,P,0.7439544191437493,1.0307302675154804,0.9877647423758186,0.1999999999999999,3.2999999999999994,displacement,9.4,23.93985771579554,25.030212880682363,24.317695934282614,2.356356046935818,,,,False
group1,acetone_40_n-heptane_60,acetone 40% / n-heptane 60%,group1 | acetone 40% / n-heptane 60%,#25b4e4,P,0.7439544191437493,1.0307302675154804,0.9877647423758186,0.1999999999999999,3.2999999999999994,displacement,9.5,23.89973254853513,25.24830469011182,24.477970097665988,2.3494635353814,,,,False
group1,acetone_40_n-heptane_60,acetone 40% / n-heptane 60%,group1 | acetone 40% / n-heptane 60%,#25b4e4,P,0.7439544191437493,1.0307302675154804,0.9877647423758186,0.1999999999999999,3.2999999999999994,displacement,9.6,23.22951835404637,25.32097925623694,24.527955220704182,2.56225441783222,,,,False
group1,acetone_40_n-heptane_60,acetone 40% / n-heptane 60%,group1 | acetone 40% / n-heptane 60%,#25b4e4,P,0.7439544191437493,1.0307302675154804,0.9877647423758186,0.1999999999999999,3.2999999999999994,displacement,9.7,23.29811781122538,25.266792860545785,24.57579182090927,2.4687193646184937,,,,False
group1,acetone_40_n-heptane_60,acetone 40% / n-heptane 60%,group1 | acetone 40% / n-heptane 60%,#25b4e4,P,0.7439544191437493,1.0307302675154804,0.9877647423758186,0.1999999999999999,3.2999999999999994,displacement,9.8,23.49635314928497,25.09607255260584,24.64943482434369,2.241531694205942,,,,False
group1,acetone_40_n-heptane_60,acetone 40% / n-heptane 60%,group1 | acetone 40% / n-heptane 60%,#25b4e4,P,0.7439544191437493,1.0307302675154804,0.9877647423758186,0.1999999999999999,3.2999999999999994,displacement,9.9,23.720411847880943,24.89146230694031,24.633323769595545,2.0727294094520787,,,,False
group1,acetone_40_n-heptane_60,acetone 40% / n-heptane 60%,group1 | acetone 40% / n-heptane 60%,#25b4e4,P,0.7439544191437493,1.0307302675154804,0.9877647423758186,0.1999999999999999,3.2999999999999994,displacement,10.0,23.64487663164854,24.742743293264404,24.89290063280956,1.8159014732653087,,,,False
group1,acetone_40_n-heptane_60,acetone 40% / n-heptane 60%,group1 | acetone 40% / n-heptane 60%,#25b4e4,P,0.7439544191437493,1.0307302675154804,0.9877647423758186,0.1999999999999999,3.2999999999999994,tamsd,,,,,,0.09999999999999998,0.18426714266488822,0.1858620017368888,False
group1,acetone_40_n-heptane_60,acetone 40% / n-heptane 60%,group1 | acetone 40% / n-heptane 60%,#25b4e4,P,0.7439544191437493,1.0307302675154804,0.9877647423758186,0.1999999999999999,3.2999999999999994,tamsd,,,,,,0.19999999999999996,0.33232408649564804,0.31127425744197096,True
group1,acetone_40_n-heptane_60,acetone 40% / n-heptane 60%,group1 | acetone 40% / n-heptane 60%,#25b4e4,P,0.7439544191437493,1.0307302675154804,0.9877647423758186,0.1999999999999999,3.2999999999999994,tamsd,,,,,,0.29999999999999993,0.4556969047750827,0.4208691338022456,True
group1,acetone_40_n-heptane_60,acetone 40% / n-heptane 60%,group1 | acetone 40% / n-heptane 60%,#25b4e4,P,0.7439544191437493,1.0307302675154804,0.9877647423758186,0.1999999999999999,3.2999999999999994,tamsd,,,,,,0.3999999999999999,0.5539412719435858,0.5213096945077178,True
group1,acetone_40_n-heptane_60,acetone 40% / n-heptane 60%,group1 | acetone 40% / n-heptane 60%,#25b4e4,P,0.7439544191437493,1.0307302675154804,0.9877647423758186,0.1999999999999999,3.2999999999999994,tamsd,,,,,,0.4999999999999999,0.6551507620508399,0.6154495149890125,True
group1,acetone_40_n-heptane_60,acetone 40% / n-heptane 60%,group1 | acetone 40% / n-heptane 60%,#25b4e4,P,0.7439544191437493,1.0307302675154804,0.9877647423758186,0.1999999999999999,3.2999999999999994,tamsd,,,,,,0.5999999999999999,0.7248356799978851,0.7048548163706679,True
group1,acetone_40_n-heptane_60,acetone 40% / n-heptane 60%,group1 | acetone 40% / n-heptane 60%,#25b4e4,P,0.7439544191437493,1.0307302675154804,0.9877647423758186,0.1999999999999999,3.2999999999999994,tamsd,,,,,,0.6999999999999998,0.7903826335522564,0.7905057471146845,True
group1,acetone_40_n-heptane_60,acetone 40% / n-heptane 60%,group1 | acetone 40% / n-heptane 60%,#25b4e4,P,0.7439544191437493,1.0307302675154804,0.9877647423758186,0.1999999999999999,3.2999999999999994,tamsd,,,,,,0.7999999999999998,0.8244763680118955,0.8730686559854485,True
group1,acetone_40_n-heptane_60,acetone 40% / n-heptane 60%,group1 | acetone 40% / n-heptane 60%,#25b4e4,P,0.7439544191437493,1.0307302675154804,0.9877647423758186,0.1999999999999999,3.2999999999999994,tamsd,,,,,,0.8999999999999998,0.8858180815584593,0.9530233513690638,True
group1,acetone_40_n-heptane_60,acetone 40% / n-heptane 60%,group1 | acetone 40% / n-heptane 60%,#25b4e4,P,0.7439544191437493,1.0307302675154804,0.9877647423758186,0.1999999999999999,3.2999999999999994,tamsd,,,,,,0.9999999999999998,0.968278874727929,1.0307302675154801,True
group1,acetone_40_n-heptane_60,acetone 40% / n-heptane 60%,group1 | acetone 40% / n-heptane 60%,#25b4e4,P,0.7439544191437493,1.0307302675154804,0.9877647423758186,0.1999999999999999,3.2999999999999994,tamsd,,,,,,1.0999999999999996,1.0391594985106791,1.1064691263755344,True
group1,acetone_40_n-heptane_60,acetone 40% / n-heptane 60%,group1 | acetone 40% / n-heptane 60%,#25b4e4,P,0.7439544191437493,1.0307302675154804,0.9877647423758186,0.1999999999999999,3.2999999999999994,tamsd,,,,,,1.1999999999999997,1.1117295490613275,1.1804626955474709,True
group1,acetone_40_n-heptane_60,acetone 40% / n-heptane 60%,group1 | acetone 40% / n-heptane 60%,#25b4e4,P,0.7439544191437493,1.0307302675154804,0.9877647423758186,0.1999999999999999,3.2999999999999994,tamsd,,,,,,1.2999999999999998,1.194106167380828,1.252892154760622,True
group1,acetone_40_n-heptane_60,acetone 40% / n-heptane 60%,group1 | acetone 40% / n-heptane 60%,#25b4e4,P,0.7439544191437493,1.0307302675154804,0.9877647423758186,0.1999999999999999,3.2999999999999994,tamsd,,,,,,1.3999999999999997,1.2470171967515522,1.323907453579827,True
group1,acetone_40_n-heptane_60,acetone 40% / n-heptane 60%,group1 | acetone 40% / n-heptane 60%,#25b4e4,P,0.7439544191437493,1.0307302675154804,0.9877647423758186,0.1999999999999999,3.2999999999999994,tamsd,,,,,,1.4999999999999996,1.3131104016088972,1.3936345345032852,True
group1,acetone_40_n-heptane_60,acetone 40% / n-heptane 60%,group1 | acetone 40% / n-heptane 60%,#25b4e4,P,0.7439544191437493,1.0307302675154804,0.9877647423758186,0.1999999999999999,3.2999999999999994,tamsd,,,,,,1.5999999999999996,1.3514250943100445,1.4621805159101111,True
group1,acetone_40_n-heptane_60,acetone 40% / n-heptane 60%,group1 | acetone 40% / n-heptane 60%,#25b4e4,P,0.7439544191437493,1.0307302675154804,0.9877647423758186,0.1999999999999999,3.2999999999999994,tamsd,,,,,,1.6999999999999997,1.4016943737595857,1.5296375025723679,True
group1,acetone_40_n-heptane_60,acetone 40% / n-heptane 60%,group1 | acetone 40% / n-heptane 60%,#25b4e4,P,0.7439544191437493,1.0307302675154804,0.9877647423758186,0.1999999999999999,3.2999999999999994,tamsd,,,,,,1.7999999999999996,1.4620341425172991,1.5960854464604974,True
group1,acetone_40_n-heptane_60,acetone 40% / n-heptane 60%,group1 | acetone 40% / n-heptane 60%,#25b4e4,P,0.7439544191437493,1.0307302675154804,0.9877647423758186,0.1999999999999999,3.2999999999999994,tamsd,,,,,,1.8999999999999995,1.5501696050201257,1.6615943341067132,True
group1,acetone_40_n-heptane_60,acetone 40% / n-heptane 60%,group1 | acetone 40% / n-heptane 60%,#25b4e4,P,0.7439544191437493,1.0307302675154804,0.9877647423758186,0.1999999999999999,3.2999999999999994,tamsd,,,,,,1.9999999999999996,1.6343915207965087,1.7262258861175643,True
group1,acetone_40_n-heptane_60,acetone 40% / n-heptane 60%,group1 | acetone 40% / n-heptane 60%,#25b4e4,P,0.7439544191437493,1.0307302675154804,0.9877647423758186,0.1999999999999999,3.2999999999999994,tamsd,,,,,,2.0999999999999996,1.7431907082591542,1.7900348965617645,True
group1,acetone_40_n-heptane_60,acetone 40% / n-heptane 60%,group1 | acetone 40% / n-heptane 60%,#25b4e4,P,0.7439544191437493,1.0307302675154804,0.9877647423758186,0.1999999999999999,3.2999999999999994,tamsd,,,,,,2.1999999999999993,1.8572560239416827,1.8530703020328723,True
group1,acetone_40_n-heptane_60,acetone 40% / n-heptane 60%,group1 | acetone 40% / n-heptane 60%,#25b4e4,P,0.7439544191437493,1.0307302675154804,0.9877647423758186,0.1999999999999999,3.2999999999999994,tamsd,,,,,,2.2999999999999994,1.9501006904759044,1.915376044733624,True
group1,acetone_40_n-heptane_60,acetone 40% / n-heptane 60%,group1 | acetone 40% / n-heptane 60%,#25b4e4,P,0.7439544191437493,1.0307302675154804,0.9877647423758186,0.1999999999999999,3.2999999999999994,tamsd,,,,,,2.3999999999999995,2.059678114195688,1.9769917764829366,True
group1,acetone_40_n-heptane_60,acetone 40% / n-heptane 60%,group1 | acetone 40% / n-heptane 60%,#25b4e4,P,0.7439544191437493,1.0307302675154804,0.9877647423758186,0.1999999999999999,3.2999999999999994,tamsd,,,,,,2.4999999999999996,2.1619126655684937,2.0379534383602467,True
group1,acetone_40_n-heptane_60,acetone 40% / n-heptane 60%,group1 | acetone 40% / n-heptane 60%,#25b4e4,P,0.7439544191437493,1.0307302675154804,0.9877647423758186,0.1999999999999999,3.2999999999999994,tamsd,,,,,,2.5999999999999996,2.2581960619983583,2.098293742042379,True
group1,acetone_40_n-heptane_60,acetone 40% / n-heptane 60%,group1 | acetone 40% / n-heptane 60%,#25b4e4,P,0.7439544191437493,1.0307302675154804,0.9877647423758186,0.1999999999999999,3.2999999999999994,tamsd,,,,,,2.6999999999999993,2.323356074224728,2.1580425726384687,True
group1,acetone_40_n-heptane_60,acetone 40% / n-heptane 60%,group1 | acetone 40% / n-heptane 60%,#25b4e4,P,0.7439544191437493,1.0307302675154804,0.9877647423758186,0.1999999999999999,3.2999999999999994,tamsd,,,,,,2.7999999999999994,2.4014147658449283,2.2172273282536183,True
group1,acetone_40_n-heptane_60,acetone 40% / n-heptane 60%,group1 | acetone 40% / n-heptane 60%,#25b4e4,P,0.7439544191437493,1.0307302675154804,0.9877647423758186,0.1999999999999999,3.2999999999999994,tamsd,,,,,,2.8999999999999995,2.456282786553848,2.2758732081193336,True
group1,acetone_40_n-heptane_60,acetone 40% / n-heptane 60%,group1 | acetone 40% / n-heptane 60%,#25b4e4,P,0.7439544191437493,1.0307302675154804,0.9877647423758186,0.1999999999999999,3.2999999999999994,tamsd,,,,,,2.999999999999999,2.4636161059643347,2.334003458582672,True
group1,acetone_40_n-heptane_60,acetone 40% / n-heptane 60%,group1 | acetone 40% / n-heptane 60%,#25b4e4,P,0.7439544191437493,1.0307302675154804,0.9877647423758186,0.1999999999999999,3.2999999999999994,tamsd,,,,,,3.099999999999999,2.510964867314641,2.3916395843140554,True
group1,acetone_40_n-heptane_60,acetone 40% / n-heptane 60%,group1 | acetone 40% / n-heptane 60%,#25b4e4,P,0.7439544191437493,1.0307302675154804,0.9877647423758186,0.1999999999999999,3.2999999999999994,tamsd,,,,,,3.1999999999999993,2.5564568690103275,2.448801530612723,True
group1,acetone_40_n-heptane_60,acetone 40% / n-heptane 60%,group1 | acetone 40% / n-heptane 60%,#25b4e4,P,0.7439544191437493,1.0307302675154804,0.9877647423758186,0.1999999999999999,3.2999999999999994,tamsd,,,,,,3.2999999999999994,2.561724967948461,2.5055078415427046,True
group1,acetone_50_n-heptane_50,acetone 50% / n-heptane 50%,group1 | acetone 50% / n-heptane 50%,#9a951d,X,0.8070393664642153,1.4169785079704296,0.9952118393080209,0.1999999999999999,3.2999999999999994,displacement,0.0,24.827064676914908,24.36812621558184,26.83066368662921,0.0,,,,False
group1,acetone_50_n-heptane_50,acetone 50% / n-heptane 50%,group1 | acetone 50% / n-heptane 50%,#9a951d,X,0.8070393664642153,1.4169785079704296,0.9952118393080209,0.1999999999999999,3.2999999999999994,displacement,0.1,24.80991457050843,24.156966687248268,27.19542091943043,0.4218178652411591,,,,False
group1,acetone_50_n-heptane_50,acetone 50% / n-heptane 50%,group1 | acetone 50% / n-heptane 50%,#9a951d,X,0.8070393664642153,1.4169785079704296,0.9952118393080209,0.1999999999999999,3.2999999999999994,displacement,0.2,24.644455256226863,24.243239856929847,26.678908655393208,0.2682767090278575,,,,False
group1,acetone_50_n-heptane_50,acetone 50% / n-heptane 50%,group1 | acetone 50% / n-heptane 50%,#9a951d,X,0.8070393664642153,1.4169785079704296,0.9952118393080209,0.1999999999999999,3.2999999999999994,displacement,0.3,24.753419867481867,24.55709792628082,26.2616449483182,0.6040829330067132,,,,False
group1,acetone_50_n-heptane_50,acetone 50% / n-heptane 50%,group1 | acetone 50% / n-heptane 50%,#9a951d,X,0.8070393664642153,1.4169785079704296,0.9952118393080209,0.1999999999999999,3.2999999999999994,displacement,0.4,24.85603476484069,24.648497905367822,25.766081645474237,1.101264034088821,,,,False
group1,acetone_50_n-heptane_50,acetone 50% / n-heptane 50%,group1 | acetone 50% / n-heptane 50%,#9a951d,X,0.8070393664642153,1.4169785079704296,0.9952118393080209,0.1999999999999999,3.2999999999999994,displacement,0.5,24.622112812062,24.83731516094305,25.738150635590525,1.2065356604948383,,,,False
group1,acetone_50_n-heptane_50,acetone 50% / n-heptane 50%,group1 | acetone 50% / n-heptane 50%,#9a951d,X,0.8070393664642153,1.4169785079704296,0.9952118393080209,0.1999999999999999,3.2999999999999994,displacement,0.6,24.42033569949365,24.415017214618043,26.310956125170485,0.6616065116835944,,,,False
group1,acetone_50_n-heptane_50,acetone 50% / n-heptane 50%,group1 | acetone 50% / n-heptane 50%,#9a951d,X,0.8070393664642153,1.4169785079704296,0.9952118393080209,0.1999999999999999,3.2999999999999994,displacement,0.7,24.294045415230336,24.564364275119758,27.183039228815232,0.668421597548181,,,,False
group1,acetone_50_n-heptane_50,acetone 50% / n-heptane 50%,group1 | acetone 50% / n-heptane 50%,#9a951d,X,0.8070393664642153,1.4169785079704296,0.9952118393080209,0.1999999999999999,3.2999999999999994,displacement,0.8,24.589157601362416,24.17154858864209,27.213480342164694,0.4917226166921479,,,,False
group1,acetone_50_n-heptane_50,acetone 50% / n-heptane 50%,group1 | acetone 50% / n-heptane 50%,#9a951d,X,0.8070393664642153,1.4169785079704296,0.9952118393080209,0.1999999999999999,3.2999999999999994,displacement,0.9,24.77375785295655,23.975848367896937,27.24637216596142,0.574053191832884,,,,False
group1,acetone_50_n-heptane_50,acetone 50% / n-heptane 50%,group1 | acetone 50% / n-heptane 50%,#9a951d,X,0.8070393664642153,1.4169785079704296,0.9952118393080209,0.1999999999999999,3.2999999999999994,displacement,1.0,24.085387412722845,23.99560924697636,27.10670641341545,0.8746734494255662,,,,False
group1,acetone_50_n-heptane_50,acetone 50% / n-heptane 50%,group1 | acetone 50% / n-heptane 50%,#9a951d,X,0.8070393664642153,1.4169785079704296,0.9952118393080209,0.1999999999999999,3.2999999999999994,displacement,1.1,24.200870119310583,23.88754408069978,26.79885840612037,0.7899939165647548,,,,False
group1,acetone_50_n-heptane_50,acetone 50% / n-heptane 50%,group1 | acetone 50% / n-heptane 50%,#9a951d,X,0.8070393664642153,1.4169785079704296,0.9952118393080209,0.1999999999999999,3.2999999999999994,displacement,1.2,24.61565635381976,23.825863191100872,26.70278782028191,0.5958984007255106,,,,False
group1,acetone_50_n-heptane_50,acetone 50% / n-heptane 50%,group1 | acetone 50% / n-heptane 50%,#9a951d,X,0.8070393664642153,1.4169785079704296,0.9952118393080209,0.1999999999999999,3.2999999999999994,displacement,1.3,24.782353512074263,23.528865280275845,26.883917029846994,0.8421365235850832,,,,False
group1,acetone_50_n-heptane_50,acetone 50% / n-heptane 50%,group1 | acetone 50% / n-heptane 50%,#9a951d,X,0.8070393664642153,1.4169785079704296,0.9952118393080209,0.1999999999999999,3.2999999999999994,displacement,1.4,24.679563384201398,23.49085548845464,27.029606564385084,0.9115584614473308,,,,False
group1,acetone_50_n-heptane_50,acetone 50% / n-heptane 50%,group1 | acetone 50% / n-heptane 50%,#9a951d,X,0.8070393664642153,1.4169785079704296,0.9952118393080209,0.1999999999999999,3.2999999999999994,displacement,1.5,24.60011872826956,23.75668955768204,26.92075912763635,0.6583892759762174,,,,False
group1,acetone_50_n-heptane_50,acetone 50% / n-heptane 50%,group1 | acetone 50% / n-heptane 50%,#9a951d,X,0.8070393664642153,1.4169785079704296,0.9952118393080209,0.1999999999999999,3.2999999999999994,displacement,1.6,24.58760571261322,23.84616339878557,26.657227034930692,0.599888364493532,,,,False
group1,acetone_50_n-heptane_50,acetone 50% / n-heptane 50%,group1 | acetone 50% / n-heptane 50%,#9a951d,X,0.8070393664642153,1.4169785079704296,0.9952118393080209,0.1999999999999999,3.2999999999999994,displacement,1.7,24.222849816484903,23.67980295298055,26.65913094888645,0.9318197205039526,,,,False
group1,acetone_50_n-heptane_50,acetone 50% / n-heptane 50%,group1 | acetone 50% / n-heptane 50%,#9a951d,X,0.8070393664642153,1.4169785079704296,0.9952118393080209,0.1999999999999999,3.2999999999999994,displacement,1.8,24.19713731090223,23.492403155159085,26.284818264169765,1.2089857692412258,,,,False
group1,acetone_50_n-heptane_50,acetone 50% / n-heptane 50%,group1 | acetone 50% / n-heptane 50%,#9a951d,X,0.8070393664642153,1.4169785079704296,0.9952118393080209,0.1999999999999999,3.2999999999999994,displacement,1.9,24.321235590143917,23.197815109345036,26.467786398084915,1.3255832968720065,,,,False
group1,acetone_50_n-heptane_50,acetone 50% / n-heptane 50%,group1 | acetone 50% / n-heptane 50%,#9a951d,X,0.8070393664642153,1.4169785079704296,0.9952118393080209,0.1999999999999999,3.2999999999999994,displacement,2.0,24.46576793172033,23.220553152457533,26.760713265403357,1.20513581588399,,,,False
group1,acetone_50_n-heptane_50,acetone 50% / n-heptane 50%,group1 | acetone 50% / n-heptane 50%,#9a951d,X,0.8070393664642153,1.4169785079704296,0.9952118393080209,0.1999999999999999,3.2999999999999994,displacement,2.1,23.858625812737905,23.31440465120828,27.10256615300329,1.456754584717213,,,,False
group1,acetone_50_n-heptane_50,acetone 50% / n-heptane 50%,group1 | acetone 50% / n-heptane 50%,#9a951d,X,0.8070393664642153,1.4169785079704296,0.9952118393080209,0.1999999999999999,3.2999999999999994,displacement,2.2,23.74567328197989,23.138962761895726,26.793644517839773,1.6375654380130698,,,,False
group1,acetone_50_n-heptane_50,acetone 50% / n-heptane 50%,group1 | acetone 50% / n-heptane 50%,#9a951d,X,0.8070393664642153,1.4169785079704296,0.9952118393080209,0.1999999999999999,3.2999999999999994,displacement,2.3,23.761981262074624,23.271286341924597,27.33622816443106,1.610296814325649,,,,False
group1,acetone_50_n-heptane_50,acetone 50% / n-heptane 50%,group1 | acetone 50% / n-heptane 50%,#9a951d,X,0.8070393664642153,1.4169785079704296,0.9952118393080209,0.1999999999999999,3.2999999999999994,displacement,2.4,24.22524969255607,23.30127903155791,27.397095053857843,1.3495142397318771,,,,False
group1,acetone_50_n-heptane_50,acetone 50% / n-heptane 50%,group1 | acetone 50% / n-heptane 50%,#9a951d,X,0.8070393664642153,1.4169785079704296,0.9952118393080209,0.1999999999999999,3.2999999999999994,displacement,2.5,24.19023680555088,23.16137492105573,27.583335284699512,1.5583045142487904,,,,False
group1,acetone_50_n-heptane_50,acetone 50% / n-heptane 50%,group1 | acetone 50% / n-heptane 50%,#9a951d,X,0.8070393664642153,1.4169785079704296,0.9952118393080209,0.1999999999999999,3.2999999999999994,displacement,2.6,24.292402689637207,22.89784482180463,27.72541421125368,1.802267826612612,,,,False
group1,acetone_50_n-heptane_50,acetone 50% / n-heptane 50%,group1 | acetone 50% / n-heptane 50%,#9a951d,X,0.8070393664642153,1.4169785079704296,0.9952118393080209,0.1999999999999999,3.2999999999999994,displacement,2.7,24.530472633558187,22.95669780188662,27.441931787478204,1.5664436466991871,,,,False
group1,acetone_50_n-heptane_50,acetone 50% / n-heptane 50%,group1 | acetone 50% / n-heptane 50%,#9a951d,X,0.8070393664642153,1.4169785079704296,0.9952118393080209,0.1999999999999999,3.2999999999999994,displacement,2.8,24.74764701690452,23.20171560299961,27.53148531048895,1.3630744038149103,,,,False
group1,acetone_50_n-heptane_50,acetone 50% / n-heptane 50%,group1 | acetone 50% / n-heptane 50%,#9a951d,X,0.8070393664642153,1.4169785079704296,0.9952118393080209,0.1999999999999999,3.2999999999999994,displacement,2.9,24.797221397010908,23.127089166466984,27.3776452440027,1.3565590303182011,,,,False
group1,acetone_50_n-heptane_50,acetone 50% / n-heptane 50%,group1 | acetone 50% / n-heptane 50%,#9a951d,X,0.8070393664642153,1.4169785079704296,0.9952118393080209,0.1999999999999999,3.2999999999999994,displacement,3.0,25.15863830241542,23.187489132869555,26.89853491658032,1.2281903329932218,,,,False
group1,acetone_50_n-heptane_50,acetone 50% / n-heptane 50%,group1 | acetone 50% / n-heptane 50%,#9a951d,X,0.8070393664642153,1.4169785079704296,0.9952118393080209,0.1999999999999999,3.2999999999999994,displacement,3.1,24.6614539932192,23.078814244764093,27.139877783431277,1.3361757422993474,,,,False
group1,acetone_50_n-heptane_50,acetone 50% / n-heptane 50%,group1 | acetone 50% / n-heptane 50%,#9a951d,X,0.8070393664642153,1.4169785079704296,0.9952118393080209,0.1999999999999999,3.2999999999999994,displacement,3.2,25.24992253165449,23.07104664998082,27.42346100728153,1.487492127100934,,,,False
group1,acetone_50_n-heptane_50,acetone 50% / n-heptane 50%,group1 | acetone 50% / n-heptane 50%,#9a951d,X,0.8070393664642153,1.4169785079704296,0.9952118393080209,0.1999999999999999,3.2999999999999994,displacement,3.3,25.625829925564968,23.037158079088204,27.59890436073804,1.7319630008079017,,,,False
group1,acetone_50_n-heptane_50,acetone 50% / n-heptane 50%,group1 | acetone 50% / n-heptane 50%,#9a951d,X,0.8070393664642153,1.4169785079704296,0.9952118393080209,0.1999999999999999,3.2999999999999994,displacement,3.4,25.56545096077479,23.131474688383427,27.57933423473388,1.623277207846494,,,,False
group1,acetone_50_n-heptane_50,acetone 50% / n-heptane 50%,group1 | acetone 50% / n-heptane 50%,#9a951d,X,0.8070393664642153,1.4169785079704296,0.9952118393080209,0.1999999999999999,3.2999999999999994,displacement,3.5,25.539105430135866,23.318109468265646,27.658215635999813,1.5147209092103475,,,,False
group1,acetone_50_n-heptane_50,acetone 50% / n-heptane 50%,group1 | acetone 50% / n-heptane 50%,#9a951d,X,0.8070393664642153,1.4169785079704296,0.9952118393080209,0.1999999999999999,3.2999999999999994,displacement,3.6,25.66874874750654,22.93340171815068,27.341312090632552,1.7400081180063376,,,,False
group1,acetone_50_n-heptane_50,acetone 50% / n-heptane 50%,group1 | acetone 50% / n-heptane 50%,#9a951d,X,0.8070393664642153,1.4169785079704296,0.9952118393080209,0.1999999999999999,3.2999999999999994,displacement,3.7,25.68770937191458,23.169891507009403,27.702594106883826,1.713691444112423,,,,False
group1,acetone_50_n-heptane_50,acetone 50% / n-heptane 50%,group1 | acetone 50% / n-heptane 50%,#9a951d,X,0.8070393664642153,1.4169785079704296,0.9952118393080209,0.1999999999999999,3.2999999999999994,displacement,3.8,25.948930453462637,23.268769400771177,27.74302797648813,1.8164737334377927,,,,False
group1,acetone_50_n-heptane_50,acetone 50% / n-heptane 50%,group1 | acetone 50% / n-heptane 50%,#9a951d,X,0.8070393664642153,1.4169785079704296,0.9952118393080209,0.1999999999999999,3.2999999999999994,displacement,3.9,26.20525085937803,23.207245257640608,27.406464372260945,1.891715671451921,,,,False
group1,acetone_50_n-heptane_50,acetone 50% / n-heptane 50%,group1 | acetone 50% / n-heptane 50%,#9a951d,X,0.8070393664642153,1.4169785079704296,0.9952118393080209,0.1999999999999999,3.2999999999999994,displacement,4.0,25.974564052425464,23.470787457739103,27.686007357543783,1.689255593004643,,,,False
group1,acetone_50_n-heptane_50,acetone 50% / n-heptane 50%,group1 | acetone 50% / n-heptane 50%,#9a951d,X,0.8070393664642153,1.4169785079704296,0.9952118393080209,0.1999999999999999,3.2999999999999994,displacement,4.1,25.78785893217301,23.2030680903176,27.68295877110573,1.7340394883635228,,,,False
group1,acetone_50_n-heptane_50,acetone 50% / n-heptane 50%,group1 | acetone 50% / n-heptane 50%,#9a951d,X,0.8070393664642153,1.4169785079704296,0.9952118393080209,0.1999999999999999,3.2999999999999994,displacement,4.2,25.77052883520497,23.448651228047417,27.747757519818315,1.6051853380693717,,,,False
group1,acetone_50_n-heptane_50,acetone 50% / n-heptane 50%,group1 | acetone 50% / n-heptane 50%,#9a951d,X,0.8070393664642153,1.4169785079704296,0.9952118393080209,0.1999999999999999,3.2999999999999994,displacement,4.3,25.59630715971239,22.9288308968365,27.60306204525331,1.8055204890302048,,,,False
group1,acetone_50_n-heptane_50,acetone 50% / n-heptane 50%,group1 | acetone 50% / n-heptane 50%,#9a951d,X,0.8070393664642153,1.4169785079704296,0.9952118393080209,0.1999999999999999,3.2999999999999994,displacement,4.4,25.57388824876025,22.93456563961939,27.89863070712224,1.937368041771718,,,,False
group1,acetone_50_n-heptane_50,acetone 50% / n-heptane 50%,group1 | acetone 50% / n-heptane 50%,#9a951d,X,0.8070393664642153,1.4169785079704296,0.9952118393080209,0.1999999999999999,3.2999999999999994,displacement,4.5,25.661398737018693,22.82232449323095,27.707578205811224,1.9633123446421996,,,,False
group1,acetone_50_n-heptane_50,acetone 50% / n-heptane 50%,group1 | acetone 50% / n-heptane 50%,#9a951d,X,0.8070393664642153,1.4169785079704296,0.9952118393080209,0.1999999999999999,3.2999999999999994,displacement,4.6,25.901279915511303,22.753784226903388,27.658081158692404,2.1082357810070587,,,,False
group1,acetone_50_n-heptane_50,acetone 50% / n-heptane 50%,group1 | acetone 50% / n-heptane 50%,#9a951d,X,0.8070393664642153,1.4169785079704296,0.9952118393080209,0.1999999999999999,3.2999999999999994,displacement,4.7,25.88228179259291,22.889418041066484,27.899341686492875,2.107636992935672,,,,False
group1,acetone_50_n-heptane_50,acetone 50% / n-heptane 50%,group1 | acetone 50% / n-heptane 50%,#9a951d,X,0.8070393664642153,1.4169785079704296,0.9952118393080209,0.1999999999999999,3.2999999999999994,displacement,4.8,25.795865290049413,22.71405055260439,28.0266090703132,2.2593862634837585,,,,False
group1,acetone_50_n-heptane_50,acetone 50% / n-heptane 50%,group1 | acetone 50% / n-heptane 50%,#9a951d,X,0.8070393664642153,1.4169785079704296,0.9952118393080209,0.1999999999999999,3.2999999999999994,displacement,4.9,26.14333537819659,22.895990401107483,27.775270372137477,2.189071539629882,,,,False
group1,acetone_50_n-heptane_50,acetone 50% / n-heptane 50%,group1 | acetone 50% / n-heptane 50%,#9a951d,X,0.8070393664642153,1.4169785079704296,0.9952118393080209,0.1999999999999999,3.2999999999999994,displacement,5.0,26.01250018327298,23.416356818372776,27.74373892777092,1.7733664937581564,,,,False
group1,acetone_50_n-heptane_50,acetone 50% / n-heptane 50%,group1 | acetone 50% / n-heptane 50%,#9a951d,X,0.8070393664642153,1.4169785079704296,0.9952118393080209,0.1999999999999999,3.2999999999999994,displacement,5.1,25.95173498748536,23.423338387175065,27.24504383715504,1.5261776624410506,,,,False
group1,acetone_50_n-heptane_50,acetone 50% / n-heptane 50%,group1 | acetone 50% / n-heptane 50%,#9a951d,X,0.8070393664642153,1.4169785079704296,0.9952118393080209,0.1999999999999999,3.2999999999999994,displacement,5.2,26.235278999884017,23.38038463525664,27.079583205032392,1.7380051598199422,,,,False
group1,acetone_50_n-heptane_50,acetone 50% / n-heptane 50%,group1 | acetone 50% / n-heptane 50%,#9a951d,X,0.8070393664642153,1.4169785079704296,0.9952118393080209,0.1999999999999999,3.2999999999999994,displacement,5.3,26.61770927940849,23.02031951203459,26.510261501272264,2.2639895235949803,,,,False
group1,acetone_50_n-heptane_50,acetone 50% / n-heptane 50%,group1 | acetone 50% / n-heptane 50%,#9a951d,X,0.8070393664642153,1.4169785079704296,0.9952118393080209,0.1999999999999999,3.2999999999999994,displacement,5.4,26.29753217557463,22.989710357837343,26.06220800568325,2.1570417416160983,,,,False
group1,acetone_50_n-heptane_50,acetone 50% / n-heptane 50%,group1 | acetone 50% / n-heptane 50%,#9a951d,X,0.8070393664642153,1.4169785079704296,0.9952118393080209,0.1999999999999999,3.2999999999999994,displacement,5.5,26.388398122102085,23.568040899064822,26.4815071890789,1.7888009672816585,,,,False
group1,acetone_50_n-heptane_50,acetone 50% / n-heptane 50%,group1 | acetone 50% / n-heptane 50%,#9a951d,X,0.8070393664642153,1.4169785079704296,0.9952118393080209,0.1999999999999999,3.2999999999999994,displacement,5.6,25.801565701840254,23.659652245974723,26.25103976916326,1.336993455066252,,,,False
group1,acetone_50_n-heptane_50,acetone 50% / n-heptane 50%,group1 | acetone 50% / n-heptane 50%,#9a951d,X,0.8070393664642153,1.4169785079704296,0.9952118393080209,0.1999999999999999,3.2999999999999994,displacement,5.7,25.31071260410097,23.879778446762995,26.40682300178742,0.8074898060711876,,,,False
group1,acetone_50_n-heptane_50,acetone 50% / n-heptane 50%,group1 | acetone 50% / n-heptane 50%,#9a951d,X,0.8070393664642153,1.4169785079704296,0.9952118393080209,0.1999999999999999,3.2999999999999994,displacement,5.8,25.13858863690913,23.783608185477817,25.93105481179755,1.117141277029482,,,,False
group1,acetone_50_n-heptane_50,acetone 50% / n-heptane 50%,group1 | acetone 50% / n-heptane 50%,#9a951d,X,0.8070393664642153,1.4169785079704296,0.9952118393080209,0.1999999999999999,3.2999999999999994,displacement,5.9,25.05037982442413,23.83019641823545,25.323819563357574,1.6154929073872355,,,,False
group1,acetone_50_n-heptane_50,acetone 50% / n-heptane 50%,group1 | acetone 50% / n-heptane 50%,#9a951d,X,0.8070393664642153,1.4169785079704296,0.9952118393080209,0.1999999999999999,3.2999999999999994,displacement,6.0,25.01037385307635,23.800010977957903,25.59879581515098,1.3688884651664677,,,,False
group1,acetone_50_n-heptane_50,acetone 50% / n-heptane 50%,group1 | acetone 50% / n-heptane 50%,#9a951d,X,0.8070393664642153,1.4169785079704296,0.9952118393080209,0.1999999999999999,3.2999999999999994,displacement,6.1,25.111016730237253,23.714041304524645,25.71556856598032,1.3235909366392802,,,,False
group1,acetone_50_n-heptane_50,acetone 50% / n-heptane 50%,group1 | acetone 50% / n-heptane 50%,#9a951d,X,0.8070393664642153,1.4169785079704296,0.9952118393080209,0.1999999999999999,3.2999999999999994,displacement,6.2,24.909973319636283,24.02688167884589,26.18449343928053,0.7354302587252559,,,,False
group1,acetone_50_n-heptane_50,acetone 50% / n-heptane 50%,group1 | acetone 50% / n-heptane 50%,#9a951d,X,0.8070393664642153,1.4169785079704296,0.9952118393080209,0.1999999999999999,3.2999999999999994,displacement,6.3,24.95905130153716,24.158445579360848,26.238121855431395,0.642255603326652,,,,False
group1,acetone_50_n-heptane_50,acetone 50% / n-heptane 50%,group1 | acetone 50% / n-heptane 50%,#9a951d,X,0.8070393664642153,1.4169785079704296,0.9952118393080209,0.1999999999999999,3.2999999999999994,displacement,6.4,25.040312888792755,24.33796533276038,26.24674253790508,0.622373189211252,,,,False
group1,acetone_50_n-heptane_50,acetone 50% / n-heptane 50%,group1 | acetone 50% / n-heptane 50%,#9a951d,X,0.8070393664642153,1.4169785079704296,0.9952118393080209,0.1999999999999999,3.2999999999999994,displacement,6.5,25.22404788286454,24.116758028700215,26.03769599463425,0.9217263106421668,,,,False
group1,acetone_50_n-heptane_50,acetone 50% / n-heptane 50%,group1 | acetone 50% / n-heptane 50%,#9a951d,X,0.8070393664642153,1.4169785079704296,0.9952118393080209,0.1999999999999999,3.2999999999999994,displacement,6.6,24.633688696364864,24.01161997396048,25.61043030805761,1.2858695378415947,,,,False
group1,acetone_50_n-heptane_50,acetone 50% / n-heptane 50%,group1 | acetone 50% / n-heptane 50%,#9a951d,X,0.8070393664642153,1.4169785079704296,0.9952118393080209,0.1999999999999999,3.2999999999999994,displacement,6.7,24.86338215051458,23.46733653310028,25.768199995021597,1.3934023492654182,,,,False
group1,acetone_50_n-heptane_50,acetone 50% / n-heptane 50%,group1 | acetone 50% / n-heptane 50%,#9a951d,X,0.8070393664642153,1.4169785079704296,0.9952118393080209,0.1999999999999999,3.2999999999999994,displacement,6.8,25.005615471976665,24.063804240499223,25.6807503348966,1.2028270729528434,,,,False
group1,acetone_50_n-heptane_50,acetone 50% / n-heptane 50%,group1 | acetone 50% / n-heptane 50%,#9a951d,X,0.8070393664642153,1.4169785079704296,0.9952118393080209,0.1999999999999999,3.2999999999999994,displacement,6.9,24.84821228217488,23.94996850156163,25.877681158360947,1.0409028745216429,,,,False
group1,acetone_50_n-heptane_50,acetone 50% / n-heptane 50%,group1 | acetone 50% / n-heptane 50%,#9a951d,X,0.8070393664642153,1.4169785079704296,0.9952118393080209,0.1999999999999999,3.2999999999999994,displacement,7.0,24.689131278529075,23.741879227664327,25.54277493549894,1.4387037038785715,,,,False
group1,acetone_50_n-heptane_50,acetone 50% / n-heptane 50%,group1 | acetone 50% / n-heptane 50%,#9a951d,X,0.8070393664642153,1.4169785079704296,0.9952118393080209,0.1999999999999999,3.2999999999999994,displacement,7.1,24.74347379475892,23.93164567684128,26.231931397948618,0.7456427092029874,,,,False
group1,acetone_50_n-heptane_50,acetone 50% / n-heptane 50%,group1 | acetone 50% / n-heptane 50%,#9a951d,X,0.8070393664642153,1.4169785079704296,0.9952118393080209,0.1999999999999999,3.2999999999999994,displacement,7.2,24.5258380423232,23.93548941160129,26.00600440978222,0.978761979459642,,,,False
group1,acetone_50_n-heptane_50,acetone 50% / n-heptane 50%,group1 | acetone 50% / n-heptane 50%,#9a951d,X,0.8070393664642153,1.4169785079704296,0.9952118393080209,0.1999999999999999,3.2999999999999994,displacement,7.3,24.507208614440888,23.919824500906756,26.0505866288919,0.9548835238342496,,,,False
group1,acetone_50_n-heptane_50,acetone 50% / n-heptane 50%,group1 | acetone 50% / n-heptane 50%,#9a951d,X,0.8070393664642153,1.4169785079704296,0.9952118393080209,0.1999999999999999,3.2999999999999994,displacement,7.4,24.67358133603597,23.666471657053147,26.129971267276435,1.0034172222808944,,,,False
group1,acetone_50_n-heptane_50,acetone 50% / n-heptane 50%,group1 | acetone 50% / n-heptane 50%,#9a951d,X,0.8070393664642153,1.4169785079704296,0.9952118393080209,0.1999999999999999,3.2999999999999994,displacement,7.5,24.681192995362487,23.912402102188647,26.317203966214606,0.7018574638024376,,,,False
group1,acetone_50_n-heptane_50,acetone 50% / n-heptane 50%,group1 | acetone 50% / n-heptane 50%,#9a951d,X,0.8070393664642153,1.4169785079704296,0.9952118393080209,0.1999999999999999,3.2999999999999994,displacement,7.6,24.95621995016997,23.879553070495582,26.24145376400415,0.7762429617258371,,,,False
group1,acetone_50_n-heptane_50,acetone 50% / n-heptane 50%,group1 | acetone 50% / n-heptane 50%,#9a951d,X,0.8070393664642153,1.4169785079704296,0.9952118393080209,0.1999999999999999,3.2999999999999994,displacement,7.7,24.83757315687681,23.899739408512183,26.33856422085589,0.6794545705213895,,,,False
group1,acetone_50_n-heptane_50,acetone 50% / n-heptane 50%,group1 | acetone 50% / n-heptane 50%,#9a951d,X,0.8070393664642153,1.4169785079704296,0.9952118393080209,0.1999999999999999,3.2999999999999994,displacement,7.8,24.996246575520807,24.174031754656014,26.36429081890945,0.532727722502914,,,,False
group1,acetone_50_n-heptane_50,acetone 50% / n-heptane 50%,group1 | acetone 50% / n-heptane 50%,#9a951d,X,0.8070393664642153,1.4169785079704296,0.9952118393080209,0.1999999999999999,3.2999999999999994,displacement,7.9,25.159410282928736,23.776770345575187,25.727514728464055,1.29502625098061,,,,False
group1,acetone_50_n-heptane_50,acetone 50% / n-heptane 50%,group1 | acetone 50% / n-heptane 50%,#9a951d,X,0.8070393664642153,1.4169785079704296,0.9952118393080209,0.1999999999999999,3.2999999999999994,displacement,8.0,25.403215521672543,23.733292886157432,26.048289280433025,1.1606346813420054,,,,False
group1,acetone_50_n-heptane_50,acetone 50% / n-heptane 50%,group1 | acetone 50% / n-heptane 50%,#9a951d,X,0.8070393664642153,1.4169785079704296,0.9952118393080209,0.1999999999999999,3.2999999999999994,displacement,8.1,25.80434574269396,23.90622784516654,25.84102480430738,1.4655420510943242,,,,False
group1,acetone_50_n-heptane_50,acetone 50% / n-heptane 50%,group1 | acetone 50% / n-heptane 50%,#9a951d,X,0.8070393664642153,1.4169785079704296,0.9952118393080209,0.1999999999999999,3.2999999999999994,displacement,8.2,25.80159323569585,24.34452334717771,25.49345733665021,1.6548062816235487,,,,False
group1,acetone_50_n-heptane_50,acetone 50% / n-heptane 50%,group1 | acetone 50% / n-heptane 50%,#9a951d,X,0.8070393664642153,1.4169785079704296,0.9952118393080209,0.1999999999999999,3.2999999999999994,displacement,8.3,25.37296276506036,24.340999799412405,25.896611061862306,1.082217570975919,,,,False
group1,acetone_50_n-heptane_50,acetone 50% / n-heptane 50%,group1 | acetone 50% / n-heptane 50%,#9a951d,X,0.8070393664642153,1.4169785079704296,0.9952118393080209,0.1999999999999999,3.2999999999999994,displacement,8.4,25.14603432690803,24.12324850524513,25.941989564766736,0.9754221780872804,,,,False
group1,acetone_50_n-heptane_50,acetone 50% / n-heptane 50%,group1 | acetone 50% / n-heptane 50%,#9a951d,X,0.8070393664642153,1.4169785079704296,0.9952118393080209,0.1999999999999999,3.2999999999999994,displacement,8.5,25.12103663462922,24.08846063486359,26.255431291792675,0.7039351227423175,,,,False
group1,acetone_50_n-heptane_50,acetone 50% / n-heptane 50%,group1 | acetone 50% / n-heptane 50%,#9a951d,X,0.8070393664642153,1.4169785079704296,0.9952118393080209,0.1999999999999999,3.2999999999999994,displacement,8.6,25.450097761654725,24.083103817750175,26.473643164016146,0.7725746860420891,,,,False
group1,acetone_50_n-heptane_50,acetone 50% / n-heptane 50%,group1 | acetone 50% / n-heptane 50%,#9a951d,X,0.8070393664642153,1.4169785079704296,0.9952118393080209,0.1999999999999999,3.2999999999999994,displacement,8.7,25.26130889256931,23.7050532307813,26.432890674335574,0.8868242166916495,,,,False
group1,acetone_50_n-heptane_50,acetone 50% / n-heptane 50%,group1 | acetone 50% / n-heptane 50%,#9a951d,X,0.8070393664642153,1.4169785079704296,0.9952118393080209,0.1999999999999999,3.2999999999999994,displacement,8.8,24.91184318735843,23.799184957773917,26.65767699141675,0.6006712473471791,,,,False
group1,acetone_50_n-heptane_50,acetone 50% / n-heptane 50%,group1 | acetone 50% / n-heptane 50%,#9a951d,X,0.8070393664642153,1.4169785079704296,0.9952118393080209,0.1999999999999999,3.2999999999999994,displacement,8.9,25.42117666421591,23.75157683557211,26.030894457600947,1.1716368938991284,,,,False
group1,acetone_50_n-heptane_50,acetone 50% / n-heptane 50%,group1 | acetone 50% / n-heptane 50%,#9a951d,X,0.8070393664642153,1.4169785079704296,0.9952118393080209,0.1999999999999999,3.2999999999999994,displacement,9.0,24.992099274742312,23.97450095982498,26.20761106232951,0.7552296558640008,,,,False
group1,acetone_50_n-heptane_50,acetone 50% / n-heptane 50%,group1 | acetone 50% / n-heptane 50%,#9a951d,X,0.8070393664642153,1.4169785079704296,0.9952118393080209,0.1999999999999999,3.2999999999999994,displacement,9.1,25.18824270124677,24.02509375669227,26.323117005445106,0.7111430704809669,,,,False
group1,acetone_50_n-heptane_50,acetone 50% / n-heptane 50%,group1 | acetone 50% / n-heptane 50%,#9a951d,X,0.8070393664642153,1.4169785079704296,0.9952118393080209,0.1999999999999999,3.2999999999999994,displacement,9.2,25.31544125163022,24.37833063986289,26.3876098665593,0.659478958333102,,,,False
group1,acetone_50_n-heptane_50,acetone 50% / n-heptane 50%,group1 | acetone 50% / n-heptane 50%,#9a951d,X,0.8070393664642153,1.4169785079704296,0.9952118393080209,0.1999999999999999,3.2999999999999994,displacement,9.3,24.94501435206212,24.280032535244487,26.82630450329194,0.1472807688127662,,,,False
group1,acetone_50_n-heptane_50,acetone 50% / n-heptane 50%,group1 | acetone 50% / n-heptane 50%,#9a951d,X,0.8070393664642153,1.4169785079704296,0.9952118393080209,0.1999999999999999,3.2999999999999994,displacement,9.4,25.051168988113798,24.246124652290284,26.2959565182499,0.59246846300857,,,,False
group1,acetone_50_n-heptane_50,acetone 50% / n-heptane 50%,group1 | acetone 50% / n-heptane 50%,#9a951d,X,0.8070393664642153,1.4169785079704296,0.9952118393080209,0.1999999999999999,3.2999999999999994,displacement,9.5,24.892738189530885,23.992843433008325,26.834060535864808,0.3810009392904032,,,,False
group1,acetone_50_n-heptane_50,acetone 50% / n-heptane 50%,group1 | acetone 50% / n-heptane 50%,#9a951d,X,0.8070393664642153,1.4169785079704296,0.9952118393080209,0.1999999999999999,3.2999999999999994,displacement,9.6,24.69050691696733,23.950469836258268,26.42494256987561,0.5980756620791081,,,,False
group1,acetone_50_n-heptane_50,acetone 50% / n-heptane 50%,group1 | acetone 50% / n-heptane 50%,#9a951d,X,0.8070393664642153,1.4169785079704296,0.9952118393080209,0.1999999999999999,3.2999999999999994,displacement,9.7,24.457662933623048,23.47466821381852,26.79348226162549,0.9675263858041696,,,,False
group1,acetone_50_n-heptane_50,acetone 50% / n-heptane 50%,group1 | acetone 50% / n-heptane 50%,#9a951d,X,0.8070393664642153,1.4169785079704296,0.9952118393080209,0.1999999999999999,3.2999999999999994,displacement,9.8,24.333889124780367,23.422875840170843,27.24807571712437,1.1449686461383688,,,,False
group1,acetone_50_n-heptane_50,acetone 50% / n-heptane 50%,group1 | acetone 50% / n-heptane 50%,#9a951d,X,0.8070393664642153,1.4169785079704296,0.9952118393080209,0.1999999999999999,3.2999999999999994,displacement,9.9,24.42357811589684,23.64007342674025,27.25940132724363,0.9363109701065224,,,,False
group1,acetone_50_n-heptane_50,acetone 50% / n-heptane 50%,group1 | acetone 50% / n-heptane 50%,#9a951d,X,0.8070393664642153,1.4169785079704296,0.9952118393080209,0.1999999999999999,3.2999999999999994,displacement,10.0,24.260276781047786,23.6175240400559,27.895184267977825,1.420512658486554,,,,False
group1,acetone_50_n-heptane_50,acetone 50% / n-heptane 50%,group1 | acetone 50% / n-heptane 50%,#9a951d,X,0.8070393664642153,1.4169785079704296,0.9952118393080209,0.1999999999999999,3.2999999999999994,tamsd,,,,,,0.09999999999999998,0.21917397447367395,0.22096520763762714,False
group1,acetone_50_n-heptane_50,acetone 50% / n-heptane 50%,group1 | acetone 50% / n-heptane 50%,#9a951d,X,0.8070393664642153,1.4169785079704296,0.9952118393080209,0.1999999999999999,3.2999999999999994,tamsd,,,,,,0.19999999999999996,0.3937892285594967,0.38660454347031936,True
group1,acetone_50_n-heptane_50,acetone 50% / n-heptane 50%,group1 | acetone 50% / n-heptane 50%,#9a951d,X,0.8070393664642153,1.4169785079704296,0.9952118393080209,0.1999999999999999,3.2999999999999994,tamsd,,,,,,0.29999999999999993,0.5785759984761445,0.5362650971592612,True
group1,acetone_50_n-heptane_50,acetone 50% / n-heptane 50%,group1 | acetone 50% / n-heptane 50%,#9a951d,X,0.8070393664642153,1.4169785079704296,0.9952118393080209,0.1999999999999999,3.2999999999999994,tamsd,,,,,,0.3999999999999999,0.7303020169928017,0.6764099861232754,True
group1,acetone_50_n-heptane_50,acetone 50% / n-heptane 50%,group1 | acetone 50% / n-heptane 50%,#9a951d,X,0.8070393664642153,1.4169785079704296,0.9952118393080209,0.1999999999999999,3.2999999999999994,tamsd,,,,,,0.4999999999999999,0.7982899769225956,0.8098791271856296,True
group1,acetone_50_n-heptane_50,acetone 50% / n-heptane 50%,group1 | acetone 50% / n-heptane 50%,#9a951d,X,0.8070393664642153,1.4169785079704296,0.9952118393080209,0.1999999999999999,3.2999999999999994,tamsd,,,,,,0.5999999999999999,0.9002967945408912,0.9382586755753969,True
group1,acetone_50_n-heptane_50,acetone 50% / n-heptane 50%,group1 | acetone 50% / n-heptane 50%,#9a951d,X,0.8070393664642153,1.4169785079704296,0.9952118393080209,0.1999999999999999,3.2999999999999994,tamsd,,,,,,0.6999999999999998,0.9794806748834171,1.0625546677872817,True
group1,acetone_50_n-heptane_50,acetone 50% / n-heptane 50%,group1 | acetone 50% / n-heptane 50%,#9a951d,X,0.8070393664642153,1.4169785079704296,0.9952118393080209,0.1999999999999999,3.2999999999999994,tamsd,,,,,,0.7999999999999998,1.1315909000725397,1.1834585936841568,True
group1,acetone_50_n-heptane_50,acetone 50% / n-heptane 50%,group1 | acetone 50% / n-heptane 50%,#9a951d,X,0.8070393664642153,1.4169785079704296,0.9952118393080209,0.1999999999999999,3.2999999999999994,tamsd,,,,,,0.8999999999999998,1.2588299086799142,1.3014730124520344,True
group1,acetone_50_n-heptane_50,acetone 50% / n-heptane 50%,group1 | acetone 50% / n-heptane 50%,#9a951d,X,0.8070393664642153,1.4169785079704296,0.9952118393080209,0.1999999999999999,3.2999999999999994,tamsd,,,,,,0.9999999999999998,1.3666106138245597,1.4169785079704293,True
group1,acetone_50_n-heptane_50,acetone 50% / n-heptane 50%,group1 | acetone 50% / n-heptane 50%,#9a951d,X,0.8070393664642153,1.4169785079704296,0.9952118393080209,0.1999999999999999,3.2999999999999994,tamsd,,,,,,1.0999999999999996,1.4827370672499562,1.5302725555856027,True
group1,acetone_50_n-heptane_50,acetone 50% / n-heptane 50%,group1 | acetone 50% / n-heptane 50%,#9a951d,X,0.8070393664642153,1.4169785079704296,0.9952118393080209,0.1999999999999999,3.2999999999999994,tamsd,,,,,,1.1999999999999997,1.5314732867883785,1.6415935830167516,True
group1,acetone_50_n-heptane_50,acetone 50% / n-heptane 50%,group1 | acetone 50% / n-heptane 50%,#9a951d,X,0.8070393664642153,1.4169785079704296,0.9952118393080209,0.1999999999999999,3.2999999999999994,tamsd,,,,,,1.2999999999999998,1.6472902931711546,1.7511366354980589,True
group1,acetone_50_n-heptane_50,acetone 50% / n-heptane 50%,group1 | acetone 50% / n-heptane 50%,#9a951d,X,0.8070393664642153,1.4169785079704296,0.9952118393080209,0.1999999999999999,3.2999999999999994,tamsd,,,,,,1.3999999999999997,1.7866831373904177,1.859063997649047,True
group1,acetone_50_n-heptane_50,acetone 50% / n-heptane 50%,group1 | acetone 50% / n-heptane 50%,#9a951d,X,0.8070393664642153,1.4169785079704296,0.9952118393080209,0.1999999999999999,3.2999999999999994,tamsd,,,,,,1.4999999999999996,1.9554128741034602,1.9655126409751698,True
group1,acetone_50_n-heptane_50,acetone 50% / n-heptane 50%,group1 | acetone 50% / n-heptane 50%,#9a951d,X,0.8070393664642153,1.4169785079704296,0.9952118393080209,0.1999999999999999,3.2999999999999994,tamsd,,,,,,1.5999999999999996,2.13587841595352,2.070599594473799,True
group1,acetone_50_n-heptane_50,acetone 50% / n-heptane 50%,group1 | acetone 50% / n-heptane 50%,#9a951d,X,0.8070393664642153,1.4169785079704296,0.9952118393080209,0.1999999999999999,3.2999999999999994,tamsd,,,,,,1.6999999999999997,2.2966661683021705,2.1744259113232167,True
group1,acetone_50_n-heptane_50,acetone 50% / n-heptane 50%,group1 | acetone 50% / n-heptane 50%,#9a951d,X,0.8070393664642153,1.4169785079704296,0.9952118393080209,0.1999999999999999,3.2999999999999994,tamsd,,,,,,1.7999999999999996,2.437356603895421,2.277079659722321,True
group1,acetone_50_n-heptane_50,acetone 50% / n-heptane 50%,group1 | acetone 50% / n-heptane 50%,#9a951d,X,0.8070393664642153,1.4169785079704296,0.9952118393080209,0.1999999999999999,3.2999999999999994,tamsd,,,,,,1.8999999999999995,2.515946186425434,2.378638218857493,True
group1,acetone_50_n-heptane_50,acetone 50% / n-heptane 50%,group1 | acetone 50% / n-heptane 50%,#9a951d,X,0.8070393664642153,1.4169785079704296,0.9952118393080209,0.1999999999999999,3.2999999999999994,tamsd,,,,,,1.9999999999999996,2.5848965603811247,2.479170069523099,True
group1,acetone_50_n-heptane_50,acetone 50% / n-heptane 50%,group1 | acetone 50% / n-heptane 50%,#9a951d,X,0.8070393664642153,1.4169785079704296,0.9952118393080209,0.1999999999999999,3.2999999999999994,tamsd,,,,,,2.0999999999999996,2.6768399080948884,2.5787362103288096,True
group1,acetone_50_n-heptane_50,acetone 50% / n-heptane 50%,group1 | acetone 50% / n-heptane 50%,#9a951d,X,0.8070393664642153,1.4169785079704296,0.9952118393080209,0.1999999999999999,3.2999999999999994,tamsd,,,,,,2.1999999999999993,2.744903949076634,2.6773912918795104,True
group1,acetone_50_n-heptane_50,acetone 50% / n-heptane 50%,group1 | acetone 50% / n-heptane 50%,#9a951d,X,0.8070393664642153,1.4169785079704296,0.9952118393080209,0.1999999999999999,3.2999999999999994,tamsd,,,,,,2.2999999999999994,2.807474669404677,2.775184535352916,True
group1,acetone_50_n-heptane_50,acetone 50% / n-heptane 50%,group1 | acetone 50% / n-heptane 50%,#9a951d,X,0.8070393664642153,1.4169785079704296,0.9952118393080209,0.1999999999999999,3.2999999999999994,tamsd,,,,,,2.3999999999999995,2.8738310696202376,2.8721604840468373,True
group1,acetone_50_n-heptane_50,acetone 50% / n-heptane 50%,group1 | acetone 50% / n-heptane 50%,#9a951d,X,0.8070393664642153,1.4169785079704296,0.9952118393080209,0.1999999999999999,3.2999999999999994,tamsd,,,,,,2.4999999999999996,2.9587291365090946,2.9683596239576784,True
group1,acetone_50_n-heptane_50,acetone 50% / n-heptane 50%,group1 | acetone 50% / n-heptane 50%,#9a951d,X,0.8070393664642153,1.4169785079704296,0.9952118393080209,0.1999999999999999,3.2999999999999994,tamsd,,,,,,2.5999999999999996,3.0374319070241516,3.063818900535341,True
group1,acetone_50_n-heptane_50,acetone 50% / n-heptane 50%,group1 | acetone 50% / n-heptane 50%,#9a951d,X,0.8070393664642153,1.4169785079704296,0.9952118393080209,0.1999999999999999,3.2999999999999994,tamsd,,,,,,2.6999999999999993,3.1300410007877484,3.1585721523061103,True
group1,acetone_50_n-heptane_50,acetone 50% / n-heptane 50%,group1 | acetone 50% / n-heptane 50%,#9a951d,X,0.8070393664642153,1.4169785079704296,0.9952118393080209,0.1999999999999999,3.2999999999999994,tamsd,,,,,,2.7999999999999994,3.2365802303005045,3.2526504773180807,True
group1,acetone_50_n-heptane_50,acetone 50% / n-heptane 50%,group1 | acetone 50% / n-heptane 50%,#9a951d,X,0.8070393664642153,1.4169785079704296,0.9952118393080209,0.1999999999999999,3.2999999999999994,tamsd,,,,,,2.8999999999999995,3.3538085145203334,3.3460825448415097,True
group1,acetone_50_n-heptane_50,acetone 50% / n-heptane 50%,group1 | acetone 50% / n-heptane 50%,#9a951d,X,0.8070393664642153,1.4169785079704296,0.9952118393080209,0.1999999999999999,3.2999999999999994,tamsd,,,,,,2.999999999999999,3.4580102454158097,3.438894862106569,True
group1,acetone_50_n-heptane_50,acetone 50% / n-heptane 50%,group1 | acetone 50% / n-heptane 50%,#9a951d,X,0.8070393664642153,1.4169785079704296,0.9952118393080209,0.1999999999999999,3.2999999999999994,tamsd,,,,,,3.099999999999999,3.518831118029566,3.531112003845286,True
group1,acetone_50_n-heptane_50,acetone 50% / n-heptane 50%,group1 | acetone 50% / n-heptane 50%,#9a951d,X,0.8070393664642153,1.4169785079704296,0.9952118393080209,0.1999999999999999,3.2999999999999994,tamsd,,,,,,3.1999999999999993,3.636122688272174,3.6227568108557624,True
group1,acetone_50_n-heptane_50,acetone 50% / n-heptane 50%,group1 | acetone 50% / n-heptane 50%,#9a951d,X,0.8070393664642153,1.4169785079704296,0.9952118393080209,0.1999999999999999,3.2999999999999994,tamsd,,,,,,3.2999999999999994,3.637675084566902,3.7138505626055975,True
group1,acetone_5_n-heptane_95,acetone 5% / n-heptane 95%,group1 | acetone 5% / n-heptane 95%,#8718bf,v,0.8605630299921845,1.9843395971489668,0.9942012760545675,0.1999999999999999,3.2999999999999994,displacement,0.0,23.82706467691491,23.36812621558184,25.830663686629208,0.0,,,,False
group1,acetone_5_n-heptane_95,acetone 5% / n-heptane 95%,group1 | acetone 5% / n-heptane 95%,#8718bf,v,0.8605630299921845,1.9843395971489668,0.9942012760545675,0.1999999999999999,3.2999999999999994,displacement,0.1,23.83761637839853,23.029831100149057,25.42098746999543,0.53140335528226,,,,False
group1,acetone_5_n-heptane_95,acetone 5% / n-heptane 95%,group1 | acetone 5% / n-heptane 95%,#8718bf,v,0.8605630299921845,1.9843395971489668,0.9942012760545675,0.1999999999999999,3.2999999999999994,displacement,0.2,23.96318322043497,23.15314102805593,25.71111815862656,0.2811370164368311,,,,False
group1,acetone_5_n-heptane_95,acetone 5% / n-heptane 95%,group1 | acetone 5% / n-heptane 95%,#8718bf,v,0.8605630299921845,1.9843395971489668,0.9942012760545675,0.1999999999999999,3.2999999999999994,displacement,0.3,23.79633220323612,23.33290645295318,25.382966184323827,0.4501310589023087,,,,False
group1,acetone_5_n-heptane_95,acetone 5% / n-heptane 95%,group1 | acetone 5% / n-heptane 95%,#8718bf,v,0.8605630299921845,1.9843395971489668,0.9942012760545675,0.1999999999999999,3.2999999999999994,displacement,0.4,23.987372960745024,22.92163846208384,25.29846786332726,0.7129393061322133,,,,False
group1,acetone_5_n-heptane_95,acetone 5% / n-heptane 95%,group1 | acetone 5% / n-heptane 95%,#8718bf,v,0.8605630299921845,1.9843395971489668,0.9942012760545675,0.1999999999999999,3.2999999999999994,displacement,0.5,23.92945326392624,22.80872289225112,24.80233599911951,1.175105669207103,,,,False
group1,acetone_5_n-heptane_95,acetone 5% / n-heptane 95%,group1 | acetone 5% / n-heptane 95%,#8718bf,v,0.8605630299921845,1.9843395971489668,0.9942012760545675,0.1999999999999999,3.2999999999999994,displacement,0.6,23.35728686965465,22.777162194909664,25.045773030885226,1.0890284676708395,,,,False
group1,acetone_5_n-heptane_95,acetone 5% / n-heptane 95%,group1 | acetone 5% / n-heptane 95%,#8718bf,v,0.8605630299921845,1.9843395971489668,0.9942012760545675,0.1999999999999999,3.2999999999999994,displacement,0.7,23.21920114614709,23.14695144492225,25.32186941022708,0.8229750706512392,,,,False
group1,acetone_5_n-heptane_95,acetone 5% / n-heptane 95%,group1 | acetone 5% / n-heptane 95%,#8718bf,v,0.8605630299921845,1.9843395971489668,0.9942012760545675,0.1999999999999999,3.2999999999999994,displacement,0.8,23.426988731701297,23.077587013454984,25.535524447778094,0.5758306697464886,,,,False
group1,acetone_5_n-heptane_95,acetone 5% / n-heptane 95%,group1 | acetone 5% / n-heptane 95%,#8718bf,v,0.8605630299921845,1.9843395971489668,0.9942012760545675,0.1999999999999999,3.2999999999999994,displacement,0.9,23.834869235585646,22.754602066331437,26.013447186958157,0.6402207438391704,,,,False
group1,acetone_5_n-heptane_95,acetone 5% / n-heptane 95%,group1 | acetone 5% / n-heptane 95%,#8718bf,v,0.8605630299921845,1.9843395971489668,0.9942012760545675,0.1999999999999999,3.2999999999999994,displacement,1.0,23.527381043688276,23.11957120002947,25.589795479495056,0.4578289735132306,,,,False
group1,acetone_5_n-heptane_95,acetone 5% / n-heptane 95%,group1 | acetone 5% / n-heptane 95%,#8718bf,v,0.8605630299921845,1.9843395971489668,0.9942012760545675,0.1999999999999999,3.2999999999999994,displacement,1.1,23.919079510714475,22.909951007360974,25.3481303713324,0.6717362960557695,,,,False
group1,acetone_5_n-heptane_95,acetone 5% / n-heptane 95%,group1 | acetone 5% / n-heptane 95%,#8718bf,v,0.8605630299921845,1.9843395971489668,0.9942012760545675,0.1999999999999999,3.2999999999999994,displacement,1.2,23.952690599353947,23.306271494408385,25.552870736048547,0.3110897013924018,,,,False
group1,acetone_5_n-heptane_95,acetone 5% / n-heptane 95%,group1 | acetone 5% / n-heptane 95%,#8718bf,v,0.8605630299921845,1.9843395971489668,0.9942012760545675,0.1999999999999999,3.2999999999999994,displacement,1.3,23.85570794693802,23.225621410521665,25.36667110982169,0.4862274855613683,,,,False
group1,acetone_5_n-heptane_95,acetone 5% / n-heptane 95%,group1 | acetone 5% / n-heptane 95%,#8718bf,v,0.8605630299921845,1.9843395971489668,0.9942012760545675,0.1999999999999999,3.2999999999999994,displacement,1.4,23.92951507226958,23.39840774445761,25.10881231986073,0.729713950945783,,,,False
group1,acetone_5_n-heptane_95,acetone 5% / n-heptane 95%,group1 | acetone 5% / n-heptane 95%,#8718bf,v,0.8605630299921845,1.9843395971489668,0.9942012760545675,0.1999999999999999,3.2999999999999994,displacement,1.5,24.04305563066188,22.6733215434572,25.0251733271384,1.085458586837556,,,,False
group1,acetone_5_n-heptane_95,acetone 5% / n-heptane 95%,group1 | acetone 5% / n-heptane 95%,#8718bf,v,0.8605630299921845,1.9843395971489668,0.9942012760545675,0.1999999999999999,3.2999999999999994,displacement,1.6,23.9343660028466,23.151952975115886,24.57482786784876,1.2788150953801782,,,,False
group1,acetone_5_n-heptane_95,acetone 5% / n-heptane 95%,group1 | acetone 5% / n-heptane 95%,#8718bf,v,0.8605630299921845,1.9843395971489668,0.9942012760545675,0.1999999999999999,3.2999999999999994,displacement,1.7,24.144973159884746,23.30079387010864,24.62702217038529,1.2467366794624497,,,,False
group1,acetone_5_n-heptane_95,acetone 5% / n-heptane 95%,group1 | acetone 5% / n-heptane 95%,#8718bf,v,0.8605630299921845,1.9843395971489668,0.9942012760545675,0.1999999999999999,3.2999999999999994,displacement,1.8,24.060167387390845,22.761326042918306,25.15509099614992,0.937518950900276,,,,False
group1,acetone_5_n-heptane_95,acetone 5% / n-heptane 95%,group1 | acetone 5% / n-heptane 95%,#8718bf,v,0.8605630299921845,1.9843395971489668,0.9942012760545675,0.1999999999999999,3.2999999999999994,displacement,1.9,24.198226129593987,22.994741850068323,25.038128782986806,0.9514663850374554,,,,False
group1,acetone_5_n-heptane_95,acetone 5% / n-heptane 95%,group1 | acetone 5% / n-heptane 95%,#8718bf,v,0.8605630299921845,1.9843395971489668,0.9942012760545675,0.1999999999999999,3.2999999999999994,displacement,2.0,23.99038752915524,22.779807341007967,25.51646549108911,0.6866687398771232,,,,False
group1,acetone_5_n-heptane_95,acetone 5% / n-heptane 95%,group1 | acetone 5% / n-heptane 95%,#8718bf,v,0.8605630299921845,1.9843395971489668,0.9942012760545675,0.1999999999999999,3.2999999999999994,displacement,2.1,24.242708500034304,23.168872594194525,25.3717908598096,0.6504045391344412,,,,False
group1,acetone_5_n-heptane_95,acetone 5% / n-heptane 95%,group1 | acetone 5% / n-heptane 95%,#8718bf,v,0.8605630299921845,1.9843395971489668,0.9942012760545675,0.1999999999999999,3.2999999999999994,displacement,2.2,23.583131695354343,22.676891324764323,24.70987381414548,1.339208315400792,,,,False
group1,acetone_5_n-heptane_95,acetone 5% / n-heptane 95%,group1 | acetone 5% / n-heptane 95%,#8718bf,v,0.8605630299921845,1.9843395971489668,0.9942012760545675,0.1999999999999999,3.2999999999999994,displacement,2.3,23.562976342705557,23.034169138585018,24.91312290109602,1.0115093032980929,,,,False
group1,acetone_5_n-heptane_95,acetone 5% / n-heptane 95%,group1 | acetone 5% / n-heptane 95%,#8718bf,v,0.8605630299921845,1.9843395971489668,0.9942012760545675,0.1999999999999999,3.2999999999999994,displacement,2.4,23.4938201661494,23.291712444785265,25.267037906358915,0.6592154340638515,,,,False
group1,acetone_5_n-heptane_95,acetone 5% / n-heptane 95%,group1 | acetone 5% / n-heptane 95%,#8718bf,v,0.8605630299921845,1.9843395971489668,0.9942012760545675,0.1999999999999999,3.2999999999999994,displacement,2.5,23.486807489026692,23.2137534683449,24.84389636737978,1.0551377357187912,,,,False
group1,acetone_5_n-heptane_95,acetone 5% / n-heptane 95%,group1 | acetone 5% / n-heptane 95%,#8718bf,v,0.8605630299921845,1.9843395971489668,0.9942012760545675,0.1999999999999999,3.2999999999999994,displacement,2.6,23.287336824056137,23.294402401342456,24.57150835545936,1.371937864464347,,,,False
group1,acetone_5_n-heptane_95,acetone 5% / n-heptane 95%,group1 | acetone 5% / n-heptane 95%,#8718bf,v,0.8605630299921845,1.9843395971489668,0.9942012760545675,0.1999999999999999,3.2999999999999994,displacement,2.7,22.98421957329125,23.097868134695915,24.66058366289874,1.4671450374518586,,,,False
group1,acetone_5_n-heptane_95,acetone 5% / n-heptane 95%,group1 | acetone 5% / n-heptane 95%,#8718bf,v,0.8605630299921845,1.9843395971489668,0.9942012760545675,0.1999999999999999,3.2999999999999994,displacement,2.8,23.298721364918716,23.243387514259968,24.349487491147197,1.57752632973309,,,,False
group1,acetone_5_n-heptane_95,acetone 5% / n-heptane 95%,group1 | acetone 5% / n-heptane 95%,#8718bf,v,0.8605630299921845,1.9843395971489668,0.9942012760545675,0.1999999999999999,3.2999999999999994,displacement,2.9,23.284408572993264,23.048159487865597,24.303558018909087,1.6519400940566162,,,,False
group1,acetone_5_n-heptane_95,acetone 5% / n-heptane 95%,group1 | acetone 5% / n-heptane 95%,#8718bf,v,0.8605630299921845,1.9843395971489668,0.9942012760545675,0.1999999999999999,3.2999999999999994,displacement,3.0,23.57085031190232,23.24754303147079,24.21884778469469,1.6365013311507364,,,,False
group1,acetone_5_n-heptane_95,acetone 5% / n-heptane 95%,group1 | acetone 5% / n-heptane 95%,#8718bf,v,0.8605630299921845,1.9843395971489668,0.9942012760545675,0.1999999999999999,3.2999999999999994,displacement,3.1,23.5733028481406,22.72225696988938,24.263069399041388,1.7143202730972398,,,,False
group1,acetone_5_n-heptane_95,acetone 5% / n-heptane 95%,group1 | acetone 5% / n-heptane 95%,#8718bf,v,0.8605630299921845,1.9843395971489668,0.9942012760545675,0.1999999999999999,3.2999999999999994,displacement,3.2,23.756834926207542,23.3706317948964,23.99183367803818,1.840172355054548,,,,False
group1,acetone_5_n-heptane_95,acetone 5% / n-heptane 95%,group1 | acetone 5% / n-heptane 95%,#8718bf,v,0.8605630299921845,1.9843395971489668,0.9942012760545675,0.1999999999999999,3.2999999999999994,displacement,3.3,23.997006836486904,23.231047766545945,23.89422418919298,1.94870951299088,,,,False
group1,acetone_5_n-heptane_95,acetone 5% / n-heptane 95%,group1 | acetone 5% / n-heptane 95%,#8718bf,v,0.8605630299921845,1.9843395971489668,0.9942012760545675,0.1999999999999999,3.2999999999999994,displacement,3.4,24.35626942095535,23.142960182840085,23.72970331261068,2.178254323216564,,,,False
group1,acetone_5_n-heptane_95,acetone 5% / n-heptane 95%,group1 | acetone 5% / n-heptane 95%,#8718bf,v,0.8605630299921845,1.9843395971489668,0.9942012760545675,0.1999999999999999,3.2999999999999994,displacement,3.5,24.350838759495257,23.037125220670813,23.64484337089053,2.271940008211243,,,,False
group1,acetone_5_n-heptane_95,acetone 5% / n-heptane 95%,group1 | acetone 5% / n-heptane 95%,#8718bf,v,0.8605630299921845,1.9843395971489668,0.9942012760545675,0.1999999999999999,3.2999999999999994,displacement,3.6,24.217772286113817,23.21428152285791,23.83093396302488,2.043340302747413,,,,False
group1,acetone_5_n-heptane_95,acetone 5% / n-heptane 95%,group1 | acetone 5% / n-heptane 95%,#8718bf,v,0.8605630299921845,1.9843395971489668,0.9942012760545675,0.1999999999999999,3.2999999999999994,displacement,3.7,24.299925860153817,23.040383929605404,24.07710327801108,1.8455315796008869,,,,False
group1,acetone_5_n-heptane_95,acetone 5% / n-heptane 95%,group1 | acetone 5% / n-heptane 95%,#8718bf,v,0.8605630299921845,1.9843395971489668,0.9942012760545675,0.1999999999999999,3.2999999999999994,displacement,3.8,24.54271037262386,23.88545540872694,23.30774654915403,2.6729925436545567,,,,False
group1,acetone_5_n-heptane_95,acetone 5% / n-heptane 95%,group1 | acetone 5% / n-heptane 95%,#8718bf,v,0.8605630299921845,1.9843395971489668,0.9942012760545675,0.1999999999999999,3.2999999999999994,displacement,3.9,24.239969323098865,23.692908354832674,23.70462153131213,2.189983774141244,,,,False
group1,acetone_5_n-heptane_95,acetone 5% / n-heptane 95%,group1 | acetone 5% / n-heptane 95%,#8718bf,v,0.8605630299921845,1.9843395971489668,0.9942012760545675,0.1999999999999999,3.2999999999999994,displacement,4.0,24.471991609767837,23.48878681064077,23.443168425669366,2.476009561577813,,,,False
group1,acetone_5_n-heptane_95,acetone 5% / n-heptane 95%,group1 | acetone 5% / n-heptane 95%,#8718bf,v,0.8605630299921845,1.9843395971489668,0.9942012760545675,0.1999999999999999,3.2999999999999994,displacement,4.1,24.54638890368863,23.80588821829564,23.226789513523748,2.73664459212541,,,,False
group1,acetone_5_n-heptane_95,acetone 5% / n-heptane 95%,group1 | acetone 5% / n-heptane 95%,#8718bf,v,0.8605630299921845,1.9843395971489668,0.9942012760545675,0.1999999999999999,3.2999999999999994,displacement,4.2,24.595768965060333,24.1775304017785,23.75752908386042,2.354554841247735,,,,False
group1,acetone_5_n-heptane_95,acetone 5% / n-heptane 95%,group1 | acetone 5% / n-heptane 95%,#8718bf,v,0.8605630299921845,1.9843395971489668,0.9942012760545675,0.1999999999999999,3.2999999999999994,displacement,4.3,24.47955071781856,23.58261679206068,24.127326180740276,1.836600909272421,,,,False
group1,acetone_5_n-heptane_95,acetone 5% / n-heptane 95%,group1 | acetone 5% / n-heptane 95%,#8718bf,v,0.8605630299921845,1.9843395971489668,0.9942012760545675,0.1999999999999999,3.2999999999999994,displacement,4.4,24.23896757573268,23.53319312985247,23.825505149194505,2.0536727695737205,,,,False
group1,acetone_5_n-heptane_95,acetone 5% / n-heptane 95%,group1 | acetone 5% / n-heptane 95%,#8718bf,v,0.8605630299921845,1.9843395971489668,0.9942012760545675,0.1999999999999999,3.2999999999999994,displacement,4.5,24.15826087458765,23.60063174649765,23.903391563632766,1.9692962142193176,,,,False
group1,acetone_5_n-heptane_95,acetone 5% / n-heptane 95%,group1 | acetone 5% / n-heptane 95%,#8718bf,v,0.8605630299921845,1.9843395971489668,0.9942012760545675,0.1999999999999999,3.2999999999999994,displacement,4.6,23.82477378222525,23.3913186694496,23.417564641811435,2.4132115817340463,,,,False
group1,acetone_5_n-heptane_95,acetone 5% / n-heptane 95%,group1 | acetone 5% / n-heptane 95%,#8718bf,v,0.8605630299921845,1.9843395971489668,0.9942012760545675,0.1999999999999999,3.2999999999999994,displacement,4.7,23.65762853390276,22.774630125241025,23.928308213671095,1.9999756401772348,,,,False
group1,acetone_5_n-heptane_95,acetone 5% / n-heptane 95%,group1 | acetone 5% / n-heptane 95%,#8718bf,v,0.8605630299921845,1.9843395971489668,0.9942012760545675,0.1999999999999999,3.2999999999999994,displacement,4.8,23.882394510649227,23.01108074799132,24.454506578436902,1.4227969787907897,,,,False
group1,acetone_5_n-heptane_95,acetone 5% / n-heptane 95%,group1 | acetone 5% / n-heptane 95%,#8718bf,v,0.8605630299921845,1.9843395971489668,0.9942012760545675,0.1999999999999999,3.2999999999999994,displacement,4.9,23.54061890359821,23.34063792342588,24.714968271927933,1.1522079003557046,,,,False
group1,acetone_5_n-heptane_95,acetone 5% / n-heptane 95%,group1 | acetone 5% / n-heptane 95%,#8718bf,v,0.8605630299921845,1.9843395971489668,0.9942012760545675,0.1999999999999999,3.2999999999999994,displacement,5.0,23.518886524739784,23.389592438472334,24.72166248181445,1.1512246715927494,,,,False
group1,acetone_5_n-heptane_95,acetone 5% / n-heptane 95%,group1 | acetone 5% / n-heptane 95%,#8718bf,v,0.8605630299921845,1.9843395971489668,0.9942012760545675,0.1999999999999999,3.2999999999999994,displacement,5.1,23.325241875987867,22.94843235544325,24.967797960658014,1.0828233100668287,,,,False
group1,acetone_5_n-heptane_95,acetone 5% / n-heptane 95%,group1 | acetone 5% / n-heptane 95%,#8718bf,v,0.8605630299921845,1.9843395971489668,0.9942012760545675,0.1999999999999999,3.2999999999999994,displacement,5.2,23.539737575602835,23.25227417957872,24.851152492661534,1.0273367201178236,,,,False
group1,acetone_5_n-heptane_95,acetone 5% / n-heptane 95%,group1 | acetone 5% / n-heptane 95%,#8718bf,v,0.8605630299921845,1.9843395971489668,0.9942012760545675,0.1999999999999999,3.2999999999999994,displacement,5.3,22.58071869942358,23.108020400538454,25.3864192280614,1.3484756095667478,,,,False
group1,acetone_5_n-heptane_95,acetone 5% / n-heptane 95%,group1 | acetone 5% / n-heptane 95%,#8718bf,v,0.8605630299921845,1.9843395971489668,0.9942012760545675,0.1999999999999999,3.2999999999999994,displacement,5.4,22.238104610589872,23.006750722290683,24.97383831087332,1.8410692719358288,,,,False
group1,acetone_5_n-heptane_95,acetone 5% / n-heptane 95%,group1 | acetone 5% / n-heptane 95%,#8718bf,v,0.8605630299921845,1.9843395971489668,0.9942012760545675,0.1999999999999999,3.2999999999999994,displacement,5.5,21.89084169487451,22.97020586064676,24.746558880862228,2.2544585325394983,,,,False
group1,acetone_5_n-heptane_95,acetone 5% / n-heptane 95%,group1 | acetone 5% / n-heptane 95%,#8718bf,v,0.8605630299921845,1.9843395971489668,0.9942012760545675,0.1999999999999999,3.2999999999999994,displacement,5.6,21.97180746985765,23.22245873247449,24.398700378422188,2.3481305832563737,,,,False
group1,acetone_5_n-heptane_95,acetone 5% / n-heptane 95%,group1 | acetone 5% / n-heptane 95%,#8718bf,v,0.8605630299921845,1.9843395971489668,0.9942012760545675,0.1999999999999999,3.2999999999999994,displacement,5.7,22.01813795716775,22.95926342605129,24.39925837643796,2.342713345700161,,,,False
group1,acetone_5_n-heptane_95,acetone 5% / n-heptane 95%,group1 | acetone 5% / n-heptane 95%,#8718bf,v,0.8605630299921845,1.9843395971489668,0.9942012760545675,0.1999999999999999,3.2999999999999994,displacement,5.8,21.57310686375992,22.90141203639348,24.461359081050677,2.678272400521739,,,,False
group1,acetone_5_n-heptane_95,acetone 5% / n-heptane 95%,group1 | acetone 5% / n-heptane 95%,#8718bf,v,0.8605630299921845,1.9843395971489668,0.9942012760545675,0.1999999999999999,3.2999999999999994,displacement,5.9,21.614944471402023,22.96422390524086,24.52074061670197,2.602404912588499,,,,False
group1,acetone_5_n-heptane_95,acetone 5% / n-heptane 95%,group1 | acetone 5% / n-heptane 95%,#8718bf,v,0.8605630299921845,1.9843395971489668,0.9942012760545675,0.1999999999999999,3.2999999999999994,displacement,6.0,21.36723833903479,22.426952379778815,24.16544651637684,3.1160073853943624,,,,False
group1,acetone_5_n-heptane_95,acetone 5% / n-heptane 95%,group1 | acetone 5% / n-heptane 95%,#8718bf,v,0.8605630299921845,1.9843395971489668,0.9942012760545675,0.1999999999999999,3.2999999999999994,displacement,6.1,21.40078602902198,22.660908068816934,23.850412258088973,3.2106668006148484,,,,False
group1,acetone_5_n-heptane_95,acetone 5% / n-heptane 95%,group1 | acetone 5% / n-heptane 95%,#8718bf,v,0.8605630299921845,1.9843395971489668,0.9942012760545675,0.1999999999999999,3.2999999999999994,displacement,6.2,21.125732443075613,22.615204082411346,23.730404237714943,3.503594915076636,,,,False
group1,acetone_5_n-heptane_95,acetone 5% / n-heptane 95%,group1 | acetone 5% / n-heptane 95%,#8718bf,v,0.8605630299921845,1.9843395971489668,0.9942012760545675,0.1999999999999999,3.2999999999999994,displacement,6.3,21.07636535077519,22.624446937352776,23.679489740221683,3.570287803440409,,,,False
group1,acetone_5_n-heptane_95,acetone 5% / n-heptane 95%,group1 | acetone 5% / n-heptane 95%,#8718bf,v,0.8605630299921845,1.9843395971489668,0.9942012760545675,0.1999999999999999,3.2999999999999994,displacement,6.4,21.466270166902813,22.390017914538166,23.674571526432757,3.343468254722096,,,,False
group1,acetone_5_n-heptane_95,acetone 5% / n-heptane 95%,group1 | acetone 5% / n-heptane 95%,#8718bf,v,0.8605630299921845,1.9843395971489668,0.9942012760545675,0.1999999999999999,3.2999999999999994,displacement,6.5,21.255054072145214,22.797066758449425,23.571471443873904,3.4706335220466444,,,,False
group1,acetone_5_n-heptane_95,acetone 5% / n-heptane 95%,group1 | acetone 5% / n-heptane 95%,#8718bf,v,0.8605630299921845,1.9843395971489668,0.9942012760545675,0.1999999999999999,3.2999999999999994,displacement,6.6,21.06269433117305,23.06208105564624,23.015543177373303,3.957311022647856,,,,False
group1,acetone_5_n-heptane_95,acetone 5% / n-heptane 95%,group1 | acetone 5% / n-heptane 95%,#8718bf,v,0.8605630299921845,1.9843395971489668,0.9942012760545675,0.1999999999999999,3.2999999999999994,displacement,6.7,21.17992838343378,23.316834162341813,23.05896756302513,3.833048503814223,,,,False
group1,acetone_5_n-heptane_95,acetone 5% / n-heptane 95%,group1 | acetone 5% / n-heptane 95%,#8718bf,v,0.8605630299921845,1.9843395971489668,0.9942012760545675,0.1999999999999999,3.2999999999999994,displacement,6.8,21.072953406523265,23.3209383855442,22.608962691560507,4.238715947386497,,,,False
group1,acetone_5_n-heptane_95,acetone 5% / n-heptane 95%,group1 | acetone 5% / n-heptane 95%,#8718bf,v,0.8605630299921845,1.9843395971489668,0.9942012760545675,0.1999999999999999,3.2999999999999994,displacement,6.9,21.187200148008497,23.297598957521377,22.81713187170494,4.006898155015743,,,,False
group1,acetone_5_n-heptane_95,acetone 5% / n-heptane 95%,group1 | acetone 5% / n-heptane 95%,#8718bf,v,0.8605630299921845,1.9843395971489668,0.9942012760545675,0.1999999999999999,3.2999999999999994,displacement,7.0,21.555780368974577,23.533910721336664,22.838561593272647,3.7601717842291578,,,,False
group1,acetone_5_n-heptane_95,acetone 5% / n-heptane 95%,group1 | acetone 5% / n-heptane 95%,#8718bf,v,0.8605630299921845,1.9843395971489668,0.9942012760545675,0.1999999999999999,3.2999999999999994,displacement,7.1,21.62239921401576,22.863988191050115,22.53799999812941,3.994538661302975,,,,False
group1,acetone_5_n-heptane_95,acetone 5% / n-heptane 95%,group1 | acetone 5% / n-heptane 95%,#8718bf,v,0.8605630299921845,1.9843395971489668,0.9942012760545675,0.1999999999999999,3.2999999999999994,displacement,7.2,21.888301571134043,23.06646449572109,23.124038334882798,3.342996106531209,,,,False
group1,acetone_5_n-heptane_95,acetone 5% / n-heptane 95%,group1 | acetone 5% / n-heptane 95%,#8718bf,v,0.8605630299921845,1.9843395971489668,0.9942012760545675,0.1999999999999999,3.2999999999999994,displacement,7.3,22.056709317925907,22.98549485579393,23.59523732060161,2.877098519780924,,,,False
group1,acetone_5_n-heptane_95,acetone 5% / n-heptane 95%,group1 | acetone 5% / n-heptane 95%,#8718bf,v,0.8605630299921845,1.9843395971489668,0.9942012760545675,0.1999999999999999,3.2999999999999994,displacement,7.4,22.223839713447077,23.277152174358875,23.830559164084374,2.564960947220676,,,,False
group1,acetone_5_n-heptane_95,acetone 5% / n-heptane 95%,group1 | acetone 5% / n-heptane 95%,#8718bf,v,0.8605630299921845,1.9843395971489668,0.9942012760545675,0.1999999999999999,3.2999999999999994,displacement,7.5,22.08310966792853,23.239753657687608,23.30968140382892,3.06809554238162,,,,False
group1,acetone_5_n-heptane_95,acetone 5% / n-heptane 95%,group1 | acetone 5% / n-heptane 95%,#8718bf,v,0.8605630299921845,1.9843395971489668,0.9942012760545675,0.1999999999999999,3.2999999999999994,displacement,7.6,22.270110791873424,23.05758468991645,23.01819482365721,3.229631951863145,,,,False
group1,acetone_5_n-heptane_95,acetone 5% / n-heptane 95%,group1 | acetone 5% / n-heptane 95%,#8718bf,v,0.8605630299921845,1.9843395971489668,0.9942012760545675,0.1999999999999999,3.2999999999999994,displacement,7.7,22.26949492482057,23.11196130384461,22.540093188352643,3.649588771186782,,,,False
group1,acetone_5_n-heptane_95,acetone 5% / n-heptane 95%,group1 | acetone 5% / n-heptane 95%,#8718bf,v,0.8605630299921845,1.9843395971489668,0.9942012760545675,0.1999999999999999,3.2999999999999994,displacement,7.8,21.981319817163875,23.38380157774514,22.336433442065665,3.9517926066911606,,,,False
group1,acetone_5_n-heptane_95,acetone 5% / n-heptane 95%,group1 | acetone 5% / n-heptane 95%,#8718bf,v,0.8605630299921845,1.9843395971489668,0.9942012760545675,0.1999999999999999,3.2999999999999994,displacement,7.9,21.581774732780527,23.27807312213324,21.94052354237442,4.4925078558432485,,,,False
group1,acetone_5_n-heptane_95,acetone 5% / n-heptane 95%,group1 | acetone 5% / n-heptane 95%,#8718bf,v,0.8605630299921845,1.9843395971489668,0.9942012760545675,0.1999999999999999,3.2999999999999994,displacement,8.0,21.995326757203955,23.169141347941267,21.970116194683172,4.277696310121578,,,,False
group1,acetone_5_n-heptane_95,acetone 5% / n-heptane 95%,group1 | acetone 5% / n-heptane 95%,#8718bf,v,0.8605630299921845,1.9843395971489668,0.9942012760545675,0.1999999999999999,3.2999999999999994,displacement,8.1,21.64446397623789,22.898207614689785,22.662569383050645,3.875743906197507,,,,False
group1,acetone_5_n-heptane_95,acetone 5% / n-heptane 95%,group1 | acetone 5% / n-heptane 95%,#8718bf,v,0.8605630299921845,1.9843395971489668,0.9942012760545675,0.1999999999999999,3.2999999999999994,displacement,8.2,21.64567164032349,23.28179127288631,22.70507844851119,3.812507361718932,,,,False
group1,acetone_5_n-heptane_95,acetone 5% / n-heptane 95%,group1 | acetone 5% / n-heptane 95%,#8718bf,v,0.8605630299921845,1.9843395971489668,0.9942012760545675,0.1999999999999999,3.2999999999999994,displacement,8.3,21.371974584198693,23.32159057450606,22.41203208629065,4.209118072479914,,,,False
group1,acetone_5_n-heptane_95,acetone 5% / n-heptane 95%,group1 | acetone 5% / n-heptane 95%,#8718bf,v,0.8605630299921845,1.9843395971489668,0.9942012760545675,0.1999999999999999,3.2999999999999994,displacement,8.4,21.16177387677066,23.4113331029966,21.791477661457424,4.839490224227826,,,,False
group1,acetone_5_n-heptane_95,acetone 5% / n-heptane 95%,group1 | acetone 5% / n-heptane 95%,#8718bf,v,0.8605630299921845,1.9843395971489668,0.9942012760545675,0.1999999999999999,3.2999999999999994,displacement,8.5,20.8636436343054,23.631430195219835,21.978965529778915,4.866905788379103,,,,False
group1,acetone_5_n-heptane_95,acetone 5% / n-heptane 95%,group1 | acetone 5% / n-heptane 95%,#8718bf,v,0.8605630299921845,1.9843395971489668,0.9942012760545675,0.1999999999999999,3.2999999999999994,displacement,8.6,20.49995459082893,23.386199097980946,21.846442734802924,5.190761480455908,,,,False
group1,acetone_5_n-heptane_95,acetone 5% / n-heptane 95%,group1 | acetone 5% / n-heptane 95%,#8718bf,v,0.8605630299921845,1.9843395971489668,0.9942012760545675,0.1999999999999999,3.2999999999999994,displacement,8.7,20.52201097805488,23.802600636651285,21.880829639715497,5.168494652514478,,,,False
group1,acetone_5_n-heptane_95,acetone 5% / n-heptane 95%,group1 | acetone 5% / n-heptane 95%,#8718bf,v,0.8605630299921845,1.9843395971489668,0.9942012760545675,0.1999999999999999,3.2999999999999994,displacement,8.8,20.24646667824849,23.68976833576851,21.85274613518204,5.361712760643148,,,,False
group1,acetone_5_n-heptane_95,acetone 5% / n-heptane 95%,group1 | acetone 5% / n-heptane 95%,#8718bf,v,0.8605630299921845,1.9843395971489668,0.9942012760545675,0.1999999999999999,3.2999999999999994,displacement,8.9,20.71911980333537,23.410113189801887,22.3828735733049,4.642019055190355,,,,False
group1,acetone_5_n-heptane_95,acetone 5% / n-heptane 95%,group1 | acetone 5% / n-heptane 95%,#8718bf,v,0.8605630299921845,1.9843395971489668,0.9942012760545675,0.1999999999999999,3.2999999999999994,displacement,9.0,20.26836457635618,23.502415963781715,22.954884984316173,4.577388260445638,,,,False
group1,acetone_5_n-heptane_95,acetone 5% / n-heptane 95%,group1 | acetone 5% / n-heptane 95%,#8718bf,v,0.8605630299921845,1.9843395971489668,0.9942012760545675,0.1999999999999999,3.2999999999999994,displacement,9.1,20.647302904863697,23.449449649267788,23.22375215763072,4.1126008982017686,,,,False
group1,acetone_5_n-heptane_95,acetone 5% / n-heptane 95%,group1 | acetone 5% / n-heptane 95%,#8718bf,v,0.8605630299921845,1.9843395971489668,0.9942012760545675,0.1999999999999999,3.2999999999999994,displacement,9.2,20.57674047649518,23.20987286883422,23.3259292722028,4.106500458590382,,,,False
group1,acetone_5_n-heptane_95,acetone 5% / n-heptane 95%,group1 | acetone 5% / n-heptane 95%,#8718bf,v,0.8605630299921845,1.9843395971489668,0.9942012760545675,0.1999999999999999,3.2999999999999994,displacement,9.3,20.15859113708628,23.25040036727195,23.12177946314784,4.561755278838329,,,,False
group1,acetone_5_n-heptane_95,acetone 5% / n-heptane 95%,group1 | acetone 5% / n-heptane 95%,#8718bf,v,0.8605630299921845,1.9843395971489668,0.9942012760545675,0.1999999999999999,3.2999999999999994,displacement,9.4,20.59875533620557,24.030388253860504,22.811257055903493,4.469607209624419,,,,False
group1,acetone_5_n-heptane_95,acetone 5% / n-heptane 95%,group1 | acetone 5% / n-heptane 95%,#8718bf,v,0.8605630299921845,1.9843395971489668,0.9942012760545675,0.1999999999999999,3.2999999999999994,displacement,9.5,20.86545368269994,23.95482213498017,22.92993669968883,4.18683279289463,,,,False
group1,acetone_5_n-heptane_95,acetone 5% / n-heptane 95%,group1 | acetone 5% / n-heptane 95%,#8718bf,v,0.8605630299921845,1.9843395971489668,0.9942012760545675,0.1999999999999999,3.2999999999999994,displacement,9.6,20.93240024028152,23.541036099442085,22.93809843455773,4.09584103282073,,,,False
group1,acetone_5_n-heptane_95,acetone 5% / n-heptane 95%,group1 | acetone 5% / n-heptane 95%,#8718bf,v,0.8605630299921845,1.9843395971489668,0.9942012760545675,0.1999999999999999,3.2999999999999994,displacement,9.7,21.139446735219305,23.487969282566155,22.698317967118243,4.12907280969554,,,,False
group1,acetone_5_n-heptane_95,acetone 5% / n-heptane 95%,group1 | acetone 5% / n-heptane 95%,#8718bf,v,0.8605630299921845,1.9843395971489668,0.9942012760545675,0.1999999999999999,3.2999999999999994,displacement,9.8,21.05209771238684,23.715289173086894,22.35607850079282,4.460236090939525,,,,False
group1,acetone_5_n-heptane_95,acetone 5% / n-heptane 95%,group1 | acetone 5% / n-heptane 95%,#8718bf,v,0.8605630299921845,1.9843395971489668,0.9942012760545675,0.1999999999999999,3.2999999999999994,displacement,9.9,21.15118688174564,23.635437046488036,22.0994009308787,4.5993585212995285,,,,False
group1,acetone_5_n-heptane_95,acetone 5% / n-heptane 95%,group1 | acetone 5% / n-heptane 95%,#8718bf,v,0.8605630299921845,1.9843395971489668,0.9942012760545675,0.1999999999999999,3.2999999999999994,displacement,10.0,21.645723473415345,23.565870138980877,22.06434383385342,4.356893083234796,,,,False
group1,acetone_5_n-heptane_95,acetone 5% / n-heptane 95%,group1 | acetone 5% / n-heptane 95%,#8718bf,v,0.8605630299921845,1.9843395971489668,0.9942012760545675,0.1999999999999999,3.2999999999999994,tamsd,,,,,,0.09999999999999998,0.2694311510650793,0.2735602353829978,False
group1,acetone_5_n-heptane_95,acetone 5% / n-heptane 95%,group1 | acetone 5% / n-heptane 95%,#8718bf,v,0.8605630299921845,1.9843395971489668,0.9942012760545675,0.1999999999999999,3.2999999999999994,tamsd,,,,,,0.19999999999999996,0.46341945615668945,0.49671611941492716,True
group1,acetone_5_n-heptane_95,acetone 5% / n-heptane 95%,group1 | acetone 5% / n-heptane 95%,#8718bf,v,0.8605630299921845,1.9843395971489668,0.9942012760545675,0.1999999999999999,3.2999999999999994,tamsd,,,,,,0.29999999999999993,0.6619259460394653,0.7041187047149957,True
group1,acetone_5_n-heptane_95,acetone 5% / n-heptane 95%,group1 | acetone 5% / n-heptane 95%,#8718bf,v,0.8605630299921845,1.9843395971489668,0.9942012760545675,0.1999999999999999,3.2999999999999994,tamsd,,,,,,0.3999999999999999,0.8542168965883443,0.9019106996351072,True
group1,acetone_5_n-heptane_95,acetone 5% / n-heptane 95%,group1 | acetone 5% / n-heptane 95%,#8718bf,v,0.8605630299921845,1.9843395971489668,0.9942012760545675,0.1999999999999999,3.2999999999999994,tamsd,,,,,,0.4999999999999999,1.0813750334643804,1.0928503949404167,True
group1,acetone_5_n-heptane_95,acetone 5% / n-heptane 95%,group1 | acetone 5% / n-heptane 95%,#8718bf,v,0.8605630299921845,1.9843395971489668,0.9942012760545675,0.1999999999999999,3.2999999999999994,tamsd,,,,,,0.5999999999999999,1.270559853513233,1.2785012782425575,True
group1,acetone_5_n-heptane_95,acetone 5% / n-heptane 95%,group1 | acetone 5% / n-heptane 95%,#8718bf,v,0.8605630299921845,1.9843395971489668,0.9942012760545675,0.1999999999999999,3.2999999999999994,tamsd,,,,,,0.6999999999999998,1.4629053576100246,1.4598663517818098,True
group1,acetone_5_n-heptane_95,acetone 5% / n-heptane 95%,group1 | acetone 5% / n-heptane 95%,#8718bf,v,0.8605630299921845,1.9843395971489668,0.9942012760545675,0.1999999999999999,3.2999999999999994,tamsd,,,,,,0.7999999999999998,1.6526690081751894,1.6376414582124454,True
group1,acetone_5_n-heptane_95,acetone 5% / n-heptane 95%,group1 | acetone 5% / n-heptane 95%,#8718bf,v,0.8605630299921845,1.9843395971489668,0.9942012760545675,0.1999999999999999,3.2999999999999994,tamsd,,,,,,0.8999999999999998,1.8287743967953347,1.8123363201358655,True
group1,acetone_5_n-heptane_95,acetone 5% / n-heptane 95%,group1 | acetone 5% / n-heptane 95%,#8718bf,v,0.8605630299921845,1.9843395971489668,0.9942012760545675,0.1999999999999999,3.2999999999999994,tamsd,,,,,,0.9999999999999998,2.0565486930020374,1.9843395971489663,True
group1,acetone_5_n-heptane_95,acetone 5% / n-heptane 95%,group1 | acetone 5% / n-heptane 95%,#8718bf,v,0.8605630299921845,1.9843395971489668,0.9942012760545675,0.1999999999999999,3.2999999999999994,tamsd,,,,,,1.0999999999999996,2.2668556217735394,2.1539569215514214,True
group1,acetone_5_n-heptane_95,acetone 5% / n-heptane 95%,group1 | acetone 5% / n-heptane 95%,#8718bf,v,0.8605630299921845,1.9843395971489668,0.9942012760545675,0.1999999999999999,3.2999999999999994,tamsd,,,,,,1.1999999999999997,2.501185919616416,2.321434592664986,True
group1,acetone_5_n-heptane_95,acetone 5% / n-heptane 95%,group1 | acetone 5% / n-heptane 95%,#8718bf,v,0.8605630299921845,1.9843395971489668,0.9942012760545675,0.1999999999999999,3.2999999999999994,tamsd,,,,,,1.2999999999999998,2.7175586164761847,2.486975089595354,True
group1,acetone_5_n-heptane_95,acetone 5% / n-heptane 95%,group1 | acetone 5% / n-heptane 95%,#8718bf,v,0.8605630299921845,1.9843395971489668,0.9942012760545675,0.1999999999999999,3.2999999999999994,tamsd,,,,,,1.3999999999999997,2.8925484333009166,2.650747642859193,True
group1,acetone_5_n-heptane_95,acetone 5% / n-heptane 95%,group1 | acetone 5% / n-heptane 95%,#8718bf,v,0.8605630299921845,1.9843395971489668,0.9942012760545675,0.1999999999999999,3.2999999999999994,tamsd,,,,,,1.4999999999999996,3.0449659477316073,2.8128956807460885,True
group1,acetone_5_n-heptane_95,acetone 5% / n-heptane 95%,group1 | acetone 5% / n-heptane 95%,#8718bf,v,0.8605630299921845,1.9843395971489668,0.9942012760545675,0.1999999999999999,3.2999999999999994,tamsd,,,,,,1.5999999999999996,3.13108378259348,2.9735422217978,True
group1,acetone_5_n-heptane_95,acetone 5% / n-heptane 95%,group1 | acetone 5% / n-heptane 95%,#8718bf,v,0.8605630299921845,1.9843395971489668,0.9942012760545675,0.1999999999999999,3.2999999999999994,tamsd,,,,,,1.6999999999999997,3.2705263161337434,3.1327938732279126,True
group1,acetone_5_n-heptane_95,acetone 5% / n-heptane 95%,group1 | acetone 5% / n-heptane 95%,#8718bf,v,0.8605630299921845,1.9843395971489668,0.9942012760545675,0.1999999999999999,3.2999999999999994,tamsd,,,,,,1.7999999999999996,3.4208040318482817,3.290743856658364,True
group1,acetone_5_n-heptane_95,acetone 5% / n-heptane 95%,group1 | acetone 5% / n-heptane 95%,#8718bf,v,0.8605630299921845,1.9843395971489668,0.9942012760545675,0.1999999999999999,3.2999999999999994,tamsd,,,,,,1.8999999999999995,3.565727606157054,3.4474743387823406,True
group1,acetone_5_n-heptane_95,acetone 5% / n-heptane 95%,group1 | acetone 5% / n-heptane 95%,#8718bf,v,0.8605630299921845,1.9843395971489668,0.9942012760545675,0.1999999999999999,3.2999999999999994,tamsd,,,,,,1.9999999999999996,3.6768124202405748,3.603058254856562,True
group1,acetone_5_n-heptane_95,acetone 5% / n-heptane 95%,group1 | acetone 5% / n-heptane 95%,#8718bf,v,0.8605630299921845,1.9843395971489668,0.9942012760545675,0.1999999999999999,3.2999999999999994,tamsd,,,,,,2.0999999999999996,3.7953167777848718,3.757560755255517,True
group1,acetone_5_n-heptane_95,acetone 5% / n-heptane 95%,group1 | acetone 5% / n-heptane 95%,#8718bf,v,0.8605630299921845,1.9843395971489668,0.9942012760545675,0.1999999999999999,3.2999999999999994,tamsd,,,,,,2.1999999999999993,3.9163576127763005,3.911040367259608,True
group1,acetone_5_n-heptane_95,acetone 5% / n-heptane 95%,group1 | acetone 5% / n-heptane 95%,#8718bf,v,0.8605630299921845,1.9843395971489668,0.9942012760545675,0.1999999999999999,3.2999999999999994,tamsd,,,,,,2.2999999999999994,4.054167571560728,4.063549938539733,True
group1,acetone_5_n-heptane_95,acetone 5% / n-heptane 95%,group1 | acetone 5% / n-heptane 95%,#8718bf,v,0.8605630299921845,1.9843395971489668,0.9942012760545675,0.1999999999999999,3.2999999999999994,tamsd,,,,,,2.3999999999999995,4.133881245037603,4.215137411070493,True
group1,acetone_5_n-heptane_95,acetone 5% / n-heptane 95%,group1 | acetone 5% / n-heptane 95%,#8718bf,v,0.8605630299921845,1.9843395971489668,0.9942012760545675,0.1999999999999999,3.2999999999999994,tamsd,,,,,,2.4999999999999996,4.2589232609950916,4.365846461746588,True
group1,acetone_5_n-heptane_95,acetone 5% / n-heptane 95%,group1 | acetone 5% / n-heptane 95%,#8718bf,v,0.8605630299921845,1.9843395971489668,0.9942012760545675,0.1999999999999999,3.2999999999999994,tamsd,,,,,,2.5999999999999996,4.404453564906739,4.515717037075527,True
group1,acetone_5_n-heptane_95,acetone 5% / n-heptane 95%,group1 | acetone 5% / n-heptane 95%,#8718bf,v,0.8605630299921845,1.9843395971489668,0.9942012760545675,0.1999999999999999,3.2999999999999994,tamsd,,,,,,2.6999999999999993,4.481708778247186,4.664785802861314,True
group1,acetone_5_n-heptane_95,acetone 5% / n-heptane 95%,group1 | acetone 5% / n-heptane 95%,#8718bf,v,0.8605630299921845,1.9843395971489668,0.9942012760545675,0.1999999999999999,3.2999999999999994,tamsd,,,,,,2.7999999999999994,4.529922358104851,4.813086525042215,True
group1,acetone_5_n-heptane_95,acetone 5% / n-heptane 95%,group1 | acetone 5% / n-heptane 95%,#8718bf,v,0.8605630299921845,1.9843395971489668,0.9942012760545675,0.1999999999999999,3.2999999999999994,tamsd,,,,,,2.8999999999999995,4.641089607016157,4.960650394304837,True
group1,acetone_5_n-heptane_95,acetone 5% / n-heptane 95%,group1 | acetone 5% / n-heptane 95%,#8718bf,v,0.8605630299921845,1.9843395971489668,0.9942012760545675,0.1999999999999999,3.2999999999999994,tamsd,,,,,,2.999999999999999,4.785480665346077,5.107506304427041,True
group1,acetone_5_n-heptane_95,acetone 5% / n-heptane 95%,group1 | acetone 5% / n-heptane 95%,#8718bf,v,0.8605630299921845,1.9843395971489668,0.9942012760545675,0.1999999999999999,3.2999999999999994,tamsd,,,,,,3.099999999999999,4.972971301649536,5.253681092267411,True
group1,acetone_5_n-heptane_95,acetone 5% / n-heptane 95%,group1 | acetone 5% / n-heptane 95%,#8718bf,v,0.8605630299921845,1.9843395971489668,0.9942012760545675,0.1999999999999999,3.2999999999999994,tamsd,,,,,,3.1999999999999993,5.16611095457493,5.399199745752382,True
group1,acetone_5_n-heptane_95,acetone 5% / n-heptane 95%,group1 | acetone 5% / n-heptane 95%,#8718bf,v,0.8605630299921845,1.9843395971489668,0.9942012760545675,0.1999999999999999,3.2999999999999994,tamsd,,,,,,3.2999999999999994,5.378042504652695,5.544085584994889,True
group2,acetone,acetone,group2 | acetone,#31d870,<,0.8760379043176044,1.6939398720671965,0.9974027359398374,0.1999999999999999,3.2999999999999994,displacement,0.0,22.32706467691491,21.86812621558185,24.330663686629208,0.0,,,,False
group2,acetone,acetone,group2 | acetone,#31d870,<,0.8760379043176044,1.6939398720671965,0.9974027359398374,0.1999999999999999,3.2999999999999994,displacement,0.1,21.6567656751206,22.324643113333597,24.243055859822142,0.8157104639865743,,,,False
group2,acetone,acetone,group2 | acetone,#31d870,<,0.8760379043176044,1.6939398720671965,0.9974027359398374,0.1999999999999999,3.2999999999999994,displacement,0.2,21.723706668411573,22.010380220611285,24.3819113163074,0.622015601025942,,,,False
group2,acetone,acetone,group2 | acetone,#31d870,<,0.8760379043176044,1.6939398720671965,0.9974027359398374,0.1999999999999999,3.2999999999999994,displacement,0.3,21.56248032420042,21.9902310640666,24.045432370296304,0.8251398246699327,,,,False
group2,acetone,acetone,group2 | acetone,#31d870,<,0.8760379043176044,1.6939398720671965,0.9974027359398374,0.1999999999999999,3.2999999999999994,displacement,0.4,21.556649255276422,22.33888438487572,23.98807148633846,0.9656720931845248,,,,False
group2,acetone,acetone,group2 | acetone,#31d870,<,0.8760379043176044,1.6939398720671965,0.9974027359398374,0.1999999999999999,3.2999999999999994,displacement,0.5,21.366304636915917,22.44586470022532,23.9749774072494,1.1761608480289023,,,,False
group2,acetone,acetone,group2 | acetone,#31d870,<,0.8760379043176044,1.6939398720671965,0.9974027359398374,0.1999999999999999,3.2999999999999994,displacement,0.6,20.93377299305445,22.306580381892537,23.66190380327268,1.6064692819524953,,,,False
group2,acetone,acetone,group2 | acetone,#31d870,<,0.8760379043176044,1.6939398720671965,0.9974027359398374,0.1999999999999999,3.2999999999999994,displacement,0.7,21.241069966598133,22.68780493975791,22.92043483290295,1.9595925958180709,,,,False
group2,acetone,acetone,group2 | acetone,#31d870,<,0.8760379043176044,1.6939398720671965,0.9974027359398374,0.1999999999999999,3.2999999999999994,displacement,0.8,21.01805317469004,22.923325117099413,23.206867881926748,2.0223434044167057,,,,False
group2,acetone,acetone,group2 | acetone,#31d870,<,0.8760379043176044,1.6939398720671965,0.9974027359398374,0.1999999999999999,3.2999999999999994,displacement,0.9,20.994319274230698,23.04922549550956,22.96204002230913,2.245960051282877,,,,False
group2,acetone,acetone,group2 | acetone,#31d870,<,0.8760379043176044,1.6939398720671965,0.9974027359398374,0.1999999999999999,3.2999999999999994,displacement,1.0,20.42214175909557,22.96191013569908,23.278206592897963,2.4357258714571266,,,,False
group2,acetone,acetone,group2 | acetone,#31d870,<,0.8760379043176044,1.6939398720671965,0.9974027359398374,0.1999999999999999,3.2999999999999994,displacement,1.1,20.45739008305113,22.851545382994946,23.47114559977407,2.2806945624976325,,,,False
group2,acetone,acetone,group2 | acetone,#31d870,<,0.8760379043176044,1.6939398720671965,0.9974027359398374,0.1999999999999999,3.2999999999999994,displacement,1.2,20.582894792601827,22.480716545518543,23.59640322695171,1.9891037982776263,,,,False
group2,acetone,acetone,group2 | acetone,#31d870,<,0.8760379043176044,1.6939398720671965,0.9974027359398374,0.1999999999999999,3.2999999999999994,displacement,1.3,20.519259270223703,22.29206432036096,23.848904615660764,1.9183262776717755,,,,False
group2,acetone,acetone,group2 | acetone,#31d870,<,0.8760379043176044,1.6939398720671965,0.9974027359398374,0.1999999999999999,3.2999999999999994,displacement,1.4,20.14969172444704,22.26390403024183,23.683391924737336,2.305765336381456,,,,False
group2,acetone,acetone,group2 | acetone,#31d870,<,0.8760379043176044,1.6939398720671965,0.9974027359398374,0.1999999999999999,3.2999999999999994,displacement,1.5,20.436915485550703,21.90297477943131,23.599893051287623,2.0267965140819326,,,,False
group2,acetone,acetone,group2 | acetone,#31d870,<,0.8760379043176044,1.6939398720671965,0.9974027359398374,0.1999999999999999,3.2999999999999994,displacement,1.6,20.22889707152015,21.492283338351825,24.18983507506415,2.136211100647093,,,,False
group2,acetone,acetone,group2 | acetone,#31d870,<,0.8760379043176044,1.6939398720671965,0.9974027359398374,0.1999999999999999,3.2999999999999994,displacement,1.7,20.13645100498208,21.67529442202317,24.05695012488473,2.21605312981186,,,,False
group2,acetone,acetone,group2 | acetone,#31d870,<,0.8760379043176044,1.6939398720671965,0.9974027359398374,0.1999999999999999,3.2999999999999994,displacement,1.8,20.472811192005697,21.877632095180573,24.484316481727472,1.8606330991053617,,,,False
group2,acetone,acetone,group2 | acetone,#31d870,<,0.8760379043176044,1.6939398720671965,0.9974027359398374,0.1999999999999999,3.2999999999999994,displacement,1.9,20.23492653584628,21.519428347325466,24.751340794894578,2.162313907382362,,,,False
group2,acetone,acetone,group2 | acetone,#31d870,<,0.8760379043176044,1.6939398720671965,0.9974027359398374,0.1999999999999999,3.2999999999999994,displacement,2.0,20.18897685763121,21.8388103316303,24.31046900486532,2.1383841491165057,,,,False
group2,acetone,acetone,group2 | acetone,#31d870,<,0.8760379043176044,1.6939398720671965,0.9974027359398374,0.1999999999999999,3.2999999999999994,displacement,2.1,20.168398147063503,21.678975078609923,24.56026085589484,2.1790672774958755,,,,False
group2,acetone,acetone,group2 | acetone,#31d870,<,0.8760379043176044,1.6939398720671965,0.9974027359398374,0.1999999999999999,3.2999999999999994,displacement,2.2,20.01934138557991,21.850568567371965,24.73955116046346,2.343732925620851,,,,False
group2,acetone,acetone,group2 | acetone,#31d870,<,0.8760379043176044,1.6939398720671965,0.9974027359398374,0.1999999999999999,3.2999999999999994,displacement,2.3,19.886502659818014,22.13209991883704,24.70900354527175,2.483780611073369,,,,False
group2,acetone,acetone,group2 | acetone,#31d870,<,0.8760379043176044,1.6939398720671965,0.9974027359398374,0.1999999999999999,3.2999999999999994,displacement,2.4,20.311934887769517,21.857387879981957,24.10886534441036,2.027327769149246,,,,False
group2,acetone,acetone,group2 | acetone,#31d870,<,0.8760379043176044,1.6939398720671965,0.9974027359398374,0.1999999999999999,3.2999999999999994,displacement,2.5,19.565547258438144,21.575105835473643,24.414082126664,2.778272490568048,,,,False
group2,acetone,acetone,group2 | acetone,#31d870,<,0.8760379043176044,1.6939398720671965,0.9974027359398374,0.1999999999999999,3.2999999999999994,displacement,2.6,19.95922571931712,21.490504919064698,24.75122618463448,2.434364801632967,,,,False
group2,acetone,acetone,group2 | acetone,#31d870,<,0.8760379043176044,1.6939398720671965,0.9974027359398374,0.1999999999999999,3.2999999999999994,displacement,2.7,19.933041650461035,21.87846874910987,25.43275606596332,2.6355380535627795,,,,False
group2,acetone,acetone,group2 | acetone,#31d870,<,0.8760379043176044,1.6939398720671965,0.9974027359398374,0.1999999999999999,3.2999999999999994,displacement,2.8,19.816390807724037,22.04772416183317,25.63127280974725,2.833253040388993,,,,False
group2,acetone,acetone,group2 | acetone,#31d870,<,0.8760379043176044,1.6939398720671965,0.9974027359398374,0.1999999999999999,3.2999999999999994,displacement,2.9,19.883361875480205,21.86076583469348,25.79020165344026,2.846399240006503,,,,False
group2,acetone,acetone,group2 | acetone,#31d870,<,0.8760379043176044,1.6939398720671965,0.9974027359398374,0.1999999999999999,3.2999999999999994,displacement,3.0,19.63793304911331,21.860784477243783,25.94297205311637,3.135445914285433,,,,False
group2,acetone,acetone,group2 | acetone,#31d870,<,0.8760379043176044,1.6939398720671965,0.9974027359398374,0.1999999999999999,3.2999999999999994,displacement,3.1,20.02565010581706,21.760156137671267,25.77907907081397,2.7214102393664628,,,,False
group2,acetone,acetone,group2 | acetone,#31d870,<,0.8760379043176044,1.6939398720671965,0.9974027359398374,0.1999999999999999,3.2999999999999994,displacement,3.2,19.730404051790806,21.57419391293579,26.201816802759165,3.2140716520655803,,,,False
group2,acetone,acetone,group2 | acetone,#31d870,<,0.8760379043176044,1.6939398720671965,0.9974027359398374,0.1999999999999999,3.2999999999999994,displacement,3.3,19.661123280562183,21.035285025261505,26.60364681689743,3.601016563078441,,,,False
group2,acetone,acetone,group2 | acetone,#31d870,<,0.8760379043176044,1.6939398720671965,0.9974027359398374,0.1999999999999999,3.2999999999999994,displacement,3.4,19.703472990706963,21.03941307798312,26.65835821458601,3.603909074303655,,,,False
group2,acetone,acetone,group2 | acetone,#31d870,<,0.8760379043176044,1.6939398720671965,0.9974027359398374,0.1999999999999999,3.2999999999999994,displacement,3.5,19.414735871558605,21.041545756133267,26.27108930184029,3.5958512058506598,,,,False
group2,acetone,acetone,group2 | acetone,#31d870,<,0.8760379043176044,1.6939398720671965,0.9974027359398374,0.1999999999999999,3.2999999999999994,displacement,3.6,19.86461380206762,21.441105700655225,26.215308998132976,3.130159545674553,,,,False
group2,acetone,acetone,group2 | acetone,#31d870,<,0.8760379043176044,1.6939398720671965,0.9974027359398374,0.1999999999999999,3.2999999999999994,displacement,3.7,19.31268903976812,21.601801024384475,25.91638116123309,3.4164147140759358,,,,False
group2,acetone,acetone,group2 | acetone,#31d870,<,0.8760379043176044,1.6939398720671965,0.9974027359398374,0.1999999999999999,3.2999999999999994,displacement,3.8,19.15565219292925,21.307760803420223,25.94315091392452,3.601663726240653,,,,False
group2,acetone,acetone,group2 | acetone,#31d870,<,0.8760379043176044,1.6939398720671965,0.9974027359398374,0.1999999999999999,3.2999999999999994,displacement,3.9,19.091704739957315,21.066591682037043,26.653218004515963,4.062544780020223,,,,False
group2,acetone,acetone,group2 | acetone,#31d870,<,0.8760379043176044,1.6939398720671965,0.9974027359398374,0.1999999999999999,3.2999999999999994,displacement,4.0,19.042609856050472,20.561153258286826,26.762391255274323,4.290585129036463,,,,False
group2,acetone,acetone,group2 | acetone,#31d870,<,0.8760379043176044,1.6939398720671965,0.9974027359398374,0.1999999999999999,3.2999999999999994,displacement,4.1,19.10651692522822,20.660798671371687,26.50332790305593,4.068173720140756,,,,False
group2,acetone,acetone,group2 | acetone,#31d870,<,0.8760379043176044,1.6939398720671965,0.9974027359398374,0.1999999999999999,3.2999999999999994,displacement,4.2,19.04596374138882,20.59851135225892,26.89134429340527,4.351394077786993,,,,False
group2,acetone,acetone,group2 | acetone,#31d870,<,0.8760379043176044,1.6939398720671965,0.9974027359398374,0.1999999999999999,3.2999999999999994,displacement,4.3,19.33553888014513,20.956338480574985,26.48982696584951,3.8003380813792575,,,,False
group2,acetone,acetone,group2 | acetone,#31d870,<,0.8760379043176044,1.6939398720671965,0.9974027359398374,0.1999999999999999,3.2999999999999994,displacement,4.4,19.40703711497842,20.748830605100164,26.595386851712416,3.861133854268308,,,,False
group2,acetone,acetone,group2 | acetone,#31d870,<,0.8760379043176044,1.6939398720671965,0.9974027359398374,0.1999999999999999,3.2999999999999994,displacement,4.5,18.837445643699663,20.935737431843368,25.972926887524,3.967848064383595,,,,False
group2,acetone,acetone,group2 | acetone,#31d870,<,0.8760379043176044,1.6939398720671965,0.9974027359398374,0.1999999999999999,3.2999999999999994,displacement,4.6,18.850135089545045,20.97150439162162,26.29642400299278,4.093553917089594,,,,False
group2,acetone,acetone,group2 | acetone,#31d870,<,0.8760379043176044,1.6939398720671965,0.9974027359398374,0.1999999999999999,3.2999999999999994,displacement,4.7,19.238042237938576,20.977097345052183,26.186218518388497,3.712017754575256,,,,False
group2,acetone,acetone,group2 | acetone,#31d870,<,0.8760379043176044,1.6939398720671965,0.9974027359398374,0.1999999999999999,3.2999999999999994,displacement,4.8,19.064511825803592,21.094153971075635,25.95344140360305,3.725143173123341,,,,False
group2,acetone,acetone,group2 | acetone,#31d870,<,0.8760379043176044,1.6939398720671965,0.9974027359398374,0.1999999999999999,3.2999999999999994,displacement,4.9,19.29260730043137,21.308959292528417,26.05425308578636,3.534311762482095,,,,False
group2,acetone,acetone,group2 | acetone,#31d870,<,0.8760379043176044,1.6939398720671965,0.9974027359398374,0.1999999999999999,3.2999999999999994,displacement,5.0,19.036933080914025,21.333923204560968,25.78654744104584,3.6372979369803327,,,,False
group2,acetone,acetone,group2 | acetone,#31d870,<,0.8760379043176044,1.6939398720671965,0.9974027359398374,0.1999999999999999,3.2999999999999994,displacement,5.1,18.8528191355142,21.500294233867585,25.58795084315417,3.713011371202251,,,,False
group2,acetone,acetone,group2 | acetone,#31d870,<,0.8760379043176044,1.6939398720671965,0.9974027359398374,0.1999999999999999,3.2999999999999994,displacement,5.2,19.24899213693937,21.68758010879724,25.526473098287084,3.3071267902873167,,,,False
group2,acetone,acetone,group2 | acetone,#31d870,<,0.8760379043176044,1.6939398720671965,0.9974027359398374,0.1999999999999999,3.2999999999999994,displacement,5.3,19.288486238885326,21.55007998444216,25.21121344537535,3.179540879880044,,,,False
group2,acetone,acetone,group2 | acetone,#31d870,<,0.8760379043176044,1.6939398720671965,0.9974027359398374,0.1999999999999999,3.2999999999999994,displacement,5.4,19.36870598347366,21.54611332212127,24.924268960988798,3.034459702214185,,,,False
group2,acetone,acetone,group2 | acetone,#31d870,<,0.8760379043176044,1.6939398720671965,0.9974027359398374,0.1999999999999999,3.2999999999999994,displacement,5.5,19.307470897830488,21.61462543419836,25.497400021793517,3.2470729761802444,,,,False
group2,acetone,acetone,group2 | acetone,#31d870,<,0.8760379043176044,1.6939398720671965,0.9974027359398374,0.1999999999999999,3.2999999999999994,displacement,5.6,19.46031315352684,21.78771975238644,25.29187082469303,3.0246733143326847,,,,False
group2,acetone,acetone,group2 | acetone,#31d870,<,0.8760379043176044,1.6939398720671965,0.9974027359398374,0.1999999999999999,3.2999999999999994,displacement,5.7,19.57368128074419,22.284849681172048,24.834335367538785,2.829922920369459,,,,False
group2,acetone,acetone,group2 | acetone,#31d870,<,0.8760379043176044,1.6939398720671965,0.9974027359398374,0.1999999999999999,3.2999999999999994,displacement,5.8,20.02460163389382,22.30119610683464,24.88700190498726,2.40798625585643,,,,False
group2,acetone,acetone,group2 | acetone,#31d870,<,0.8760379043176044,1.6939398720671965,0.9974027359398374,0.1999999999999999,3.2999999999999994,displacement,5.9,19.72236087187745,22.65928101482732,25.076244199125387,2.822463131550141,,,,False
group2,acetone,acetone,group2 | acetone,#31d870,<,0.8760379043176044,1.6939398720671965,0.9974027359398374,0.1999999999999999,3.2999999999999994,displacement,6.0,19.212649492449508,22.389301235227897,25.48739725520143,3.362921035497795,,,,False
group2,acetone,acetone,group2 | acetone,#31d870,<,0.8760379043176044,1.6939398720671965,0.9974027359398374,0.1999999999999999,3.2999999999999994,displacement,6.1,18.73168786476341,21.81859400607657,25.4119468601237,3.754778443852243,,,,False
group2,acetone,acetone,group2 | acetone,#31d870,<,0.8760379043176044,1.6939398720671965,0.9974027359398374,0.1999999999999999,3.2999999999999994,displacement,6.2,18.94437568268313,22.45135317878321,25.92808045983213,3.786090182445727,,,,False
group2,acetone,acetone,group2 | acetone,#31d870,<,0.8760379043176044,1.6939398720671965,0.9974027359398374,0.1999999999999999,3.2999999999999994,displacement,6.3,18.94994261607057,22.64684018125454,26.056596967822507,3.871717260506751,,,,False
group2,acetone,acetone,group2 | acetone,#31d870,<,0.8760379043176044,1.6939398720671965,0.9974027359398374,0.1999999999999999,3.2999999999999994,displacement,6.4,18.96236727491989,22.614660956483675,25.92957731624065,3.7993456701546138,,,,False
group2,acetone,acetone,group2 | acetone,#31d870,<,0.8760379043176044,1.6939398720671965,0.9974027359398374,0.1999999999999999,3.2999999999999994,displacement,6.5,18.79723606723373,22.431184171082133,26.051602489000395,3.9671595173981538,,,,False
group2,acetone,acetone,group2 | acetone,#31d870,<,0.8760379043176044,1.6939398720671965,0.9974027359398374,0.1999999999999999,3.2999999999999994,displacement,6.6,18.572445071357723,22.3372559352232,26.160669775534007,4.203114721455249,,,,False
group2,acetone,acetone,group2 | acetone,#31d870,<,0.8760379043176044,1.6939398720671965,0.9974027359398374,0.1999999999999999,3.2999999999999994,displacement,6.7,18.575296432158343,22.15092351096689,25.9388880039013,4.091714155131825,,,,False
group2,acetone,acetone,group2 | acetone,#31d870,<,0.8760379043176044,1.6939398720671965,0.9974027359398374,0.1999999999999999,3.2999999999999994,displacement,6.8,18.73160805514761,22.205987916779065,25.824928997669,3.908233317999715,,,,False
group2,acetone,acetone,group2 | acetone,#31d870,<,0.8760379043176044,1.6939398720671965,0.9974027359398374,0.1999999999999999,3.2999999999999994,displacement,6.9,18.9886056022756,22.206865498597264,25.25720080687272,3.48116709310089,,,,False
group2,acetone,acetone,group2 | acetone,#31d870,<,0.8760379043176044,1.6939398720671965,0.9974027359398374,0.1999999999999999,3.2999999999999994,displacement,7.0,19.208204446655284,22.435373821792776,25.653871050114454,3.4351035951523707,,,,False
group2,acetone,acetone,group2 | acetone,#31d870,<,0.8760379043176044,1.6939398720671965,0.9974027359398374,0.1999999999999999,3.2999999999999994,displacement,7.1,18.970362638594395,21.973908744250725,25.987791496379163,3.7449580899234873,,,,False
group2,acetone,acetone,group2 | acetone,#31d870,<,0.8760379043176044,1.6939398720671965,0.9974027359398374,0.1999999999999999,3.2999999999999994,displacement,7.2,19.057965538380813,22.12544948963954,26.05782369642279,3.706252304466916,,,,False
group2,acetone,acetone,group2 | acetone,#31d870,<,0.8760379043176044,1.6939398720671965,0.9974027359398374,0.1999999999999999,3.2999999999999994,displacement,7.3,18.999365107503483,21.72158863188544,26.19789094107284,3.818585511342348,,,,False
group2,acetone,acetone,group2 | acetone,#31d870,<,0.8760379043176044,1.6939398720671965,0.9974027359398374,0.1999999999999999,3.2999999999999994,displacement,7.4,18.94359473997817,21.84116609582087,26.20681960936009,3.868921905209563,,,,False
group2,acetone,acetone,group2 | acetone,#31d870,<,0.8760379043176044,1.6939398720671965,0.9974027359398374,0.1999999999999999,3.2999999999999994,displacement,7.5,19.151910847231104,21.42381795349581,26.3923678087901,3.811775906483602,,,,False
group2,acetone,acetone,group2 | acetone,#31d870,<,0.8760379043176044,1.6939398720671965,0.9974027359398374,0.1999999999999999,3.2999999999999994,displacement,7.6,19.04211808662279,21.38836022768019,26.550299767743308,3.993473905862244,,,,False
group2,acetone,acetone,group2 | acetone,#31d870,<,0.8760379043176044,1.6939398720671965,0.9974027359398374,0.1999999999999999,3.2999999999999994,displacement,7.7,19.294437861597835,21.202382429510006,26.323445585898707,3.6893386789138254,,,,False
group2,acetone,acetone,group2 | acetone,#31d870,<,0.8760379043176044,1.6939398720671965,0.9974027359398374,0.1999999999999999,3.2999999999999994,displacement,7.8,19.250725906754777,21.87795197240448,26.13030385409312,3.564079335064953,,,,False
group2,acetone,acetone,group2 | acetone,#31d870,<,0.8760379043176044,1.6939398720671965,0.9974027359398374,0.1999999999999999,3.2999999999999994,displacement,7.9,19.44522990892809,21.244644692230835,26.266135970182223,3.5270035157821504,,,,False
group2,acetone,acetone,group2 | acetone,#31d870,<,0.8760379043176044,1.6939398720671965,0.9974027359398374,0.1999999999999999,3.2999999999999994,displacement,8.0,19.496099609415545,21.66962989526129,25.909205493751177,3.247392529309382,,,,False
group2,acetone,acetone,group2 | acetone,#31d870,<,0.8760379043176044,1.6939398720671965,0.9974027359398374,0.1999999999999999,3.2999999999999994,displacement,8.1,19.669556181512785,22.065642546591526,26.065370334097768,3.1797124487792305,,,,False
group2,acetone,acetone,group2 | acetone,#31d870,<,0.8760379043176044,1.6939398720671965,0.9974027359398374,0.1999999999999999,3.2999999999999994,displacement,8.2,19.6901130474964,22.173557319351,26.31392064597404,3.313624936807469,,,,False
group2,acetone,acetone,group2 | acetone,#31d870,<,0.8760379043176044,1.6939398720671965,0.9974027359398374,0.1999999999999999,3.2999999999999994,displacement,8.3,19.380295059150797,22.10592152835687,26.18978898709661,3.4923265416901472,,,,False
group2,acetone,acetone,group2 | acetone,#31d870,<,0.8760379043176044,1.6939398720671965,0.9974027359398374,0.1999999999999999,3.2999999999999994,displacement,8.4,19.083770410559392,22.307183181824943,26.37652161839616,3.85969731905948,,,,False
group2,acetone,acetone,group2 | acetone,#31d870,<,0.8760379043176044,1.6939398720671965,0.9974027359398374,0.1999999999999999,3.2999999999999994,displacement,8.5,19.03213438492667,22.307766261625368,26.529106456445763,3.985348116702674,,,,False
group2,acetone,acetone,group2 | acetone,#31d870,<,0.8760379043176044,1.6939398720671965,0.9974027359398374,0.1999999999999999,3.2999999999999994,displacement,8.6,19.04256138839633,22.540345951969048,26.7691423363741,4.145602411174946,,,,False
group2,acetone,acetone,group2 | acetone,#31d870,<,0.8760379043176044,1.6939398720671965,0.9974027359398374,0.1999999999999999,3.2999999999999994,displacement,8.7,19.174901364435883,22.427291294491116,26.85036208080569,4.074024930167454,,,,False
group2,acetone,acetone,group2 | acetone,#31d870,<,0.8760379043176044,1.6939398720671965,0.9974027359398374,0.1999999999999999,3.2999999999999994,displacement,8.8,19.03968557941253,22.24486363924357,26.72698400467146,4.085479590420804,,,,False
group2,acetone,acetone,group2 | acetone,#31d870,<,0.8760379043176044,1.6939398720671965,0.9974027359398374,0.1999999999999999,3.2999999999999994,displacement,8.9,19.019778670291945,22.24186128260544,27.01336564053112,4.274892794374656,,,,False
group2,acetone,acetone,group2 | acetone,#31d870,<,0.8760379043176044,1.6939398720671965,0.9974027359398374,0.1999999999999999,3.2999999999999994,displacement,9.0,19.004354756961007,22.534052016585704,26.63698215975401,4.099141774088748,,,,False
group2,acetone,acetone,group2 | acetone,#31d870,<,0.8760379043176044,1.6939398720671965,0.9974027359398374,0.1999999999999999,3.2999999999999994,displacement,9.1,19.10002580677376,22.714789172321144,27.083493848652964,4.325354544157526,,,,False
group2,acetone,acetone,group2 | acetone,#31d870,<,0.8760379043176044,1.6939398720671965,0.9974027359398374,0.1999999999999999,3.2999999999999994,displacement,9.2,19.31274611560025,22.58168434520762,26.850029747634323,3.9928043957581454,,,,False
group2,acetone,acetone,group2 | acetone,#31d870,<,0.8760379043176044,1.6939398720671965,0.9974027359398374,0.1999999999999999,3.2999999999999994,displacement,9.3,19.38450154113377,22.578915130695396,26.778674096140065,3.893154717575445,,,,False
group2,acetone,acetone,group2 | acetone,#31d870,<,0.8760379043176044,1.6939398720671965,0.9974027359398374,0.1999999999999999,3.2999999999999994,displacement,9.4,19.40631432282729,22.53324977109271,26.358949949518745,3.617612076940362,,,,False
group2,acetone,acetone,group2 | acetone,#31d870,<,0.8760379043176044,1.6939398720671965,0.9974027359398374,0.1999999999999999,3.2999999999999994,displacement,9.5,19.483865959511704,22.395528931042275,26.29096632684161,3.493525298626304,,,,False
group2,acetone,acetone,group2 | acetone,#31d870,<,0.8760379043176044,1.6939398720671965,0.9974027359398374,0.1999999999999999,3.2999999999999994,displacement,9.6,19.04021146431831,22.638182239375936,26.26560071986351,3.891063048001114,,,,False
group2,acetone,acetone,group2 | acetone,#31d870,<,0.8760379043176044,1.6939398720671965,0.9974027359398374,0.1999999999999999,3.2999999999999994,displacement,9.7,18.97508390466206,22.77660063220016,25.84199570706334,3.7875091206744727,,,,False
group2,acetone,acetone,group2 | acetone,#31d870,<,0.8760379043176044,1.6939398720671965,0.9974027359398374,0.1999999999999999,3.2999999999999994,displacement,9.8,19.1433229960866,22.98391708567392,25.194733703966385,3.4825015938094523,,,,False
group2,acetone,acetone,group2 | acetone,#31d870,<,0.8760379043176044,1.6939398720671965,0.9974027359398374,0.1999999999999999,3.2999999999999994,displacement,9.9,19.496144806998657,23.199749668822896,25.52800643717409,3.3497698418534165,,,,False
group2,acetone,acetone,group2 | acetone,#31d870,<,0.8760379043176044,1.6939398720671965,0.9974027359398374,0.1999999999999999,3.2999999999999994,displacement,10.0,19.790065900662192,23.026535990493024,25.47642736231106,3.015136878788349,,,,False
group2,acetone,acetone,group2 | acetone,#31d870,<,0.8760379043176044,1.6939398720671965,0.9974027359398374,0.1999999999999999,3.2999999999999994,tamsd,,,,,,0.09999999999999998,0.22798684244045597,0.22535130960695723,False
group2,acetone,acetone,group2 | acetone,#31d870,<,0.8760379043176044,1.6939398720671965,0.9974027359398374,0.1999999999999999,3.2999999999999994,tamsd,,,,,,0.19999999999999996,0.3970105185749958,0.41359356476589376,True
group2,acetone,acetone,group2 | acetone,#31d870,<,0.8760379043176044,1.6939398720671965,0.9974027359398374,0.1999999999999999,3.2999999999999994,tamsd,,,,,,0.29999999999999993,0.5772716024520436,0.5899787784815299,True
group2,acetone,acetone,group2 | acetone,#31d870,<,0.8760379043176044,1.6939398720671965,0.9974027359398374,0.1999999999999999,3.2999999999999994,tamsd,,,,,,0.3999999999999999,0.7448194229801199,0.7590798434413822,True
group2,acetone,acetone,group2 | acetone,#31d870,<,0.8760379043176044,1.6939398720671965,0.9974027359398374,0.1999999999999999,3.2999999999999994,tamsd,,,,,,0.4999999999999999,0.9000020412836053,0.92296302719762,True
group2,acetone,acetone,group2 | acetone,#31d870,<,0.8760379043176044,1.6939398720671965,0.9974027359398374,0.1999999999999999,3.2999999999999994,tamsd,,,,,,0.5999999999999999,1.0761315020156241,1.0828045621478395,True
group2,acetone,acetone,group2 | acetone,#31d870,<,0.8760379043176044,1.6939398720671965,0.9974027359398374,0.1999999999999999,3.2999999999999994,tamsd,,,,,,0.6999999999999998,1.2686490919386528,1.239361503589381,True
group2,acetone,acetone,group2 | acetone,#31d870,<,0.8760379043176044,1.6939398720671965,0.9974027359398374,0.1999999999999999,3.2999999999999994,tamsd,,,,,,0.7999999999999998,1.4286278570517386,1.3931604788027614,True
group2,acetone,acetone,group2 | acetone,#31d870,<,0.8760379043176044,1.6939398720671965,0.9974027359398374,0.1999999999999999,3.2999999999999994,tamsd,,,,,,0.8999999999999998,1.597085730941896,1.5445881351461737,True
group2,acetone,acetone,group2 | acetone,#31d870,<,0.8760379043176044,1.6939398720671965,0.9974027359398374,0.1999999999999999,3.2999999999999994,tamsd,,,,,,0.9999999999999998,1.7122403803669468,1.693939872067196,True
group2,acetone,acetone,group2 | acetone,#31d870,<,0.8760379043176044,1.6939398720671965,0.9974027359398374,0.1999999999999999,3.2999999999999994,tamsd,,,,,,1.0999999999999996,1.8462292977066008,1.8414483912592292,True
group2,acetone,acetone,group2 | acetone,#31d870,<,0.8760379043176044,1.6939398720671965,0.9974027359398374,0.1999999999999999,3.2999999999999994,tamsd,,,,,,1.1999999999999997,1.9724163606166012,1.9873015141762085,True
group2,acetone,acetone,group2 | acetone,#31d870,<,0.8760379043176044,1.6939398720671965,0.9974027359398374,0.1999999999999999,3.2999999999999994,tamsd,,,,,,1.2999999999999998,2.1084839021956556,2.1316538660503555,True
group2,acetone,acetone,group2 | acetone,#31d870,<,0.8760379043176044,1.6939398720671965,0.9974027359398374,0.1999999999999999,3.2999999999999994,tamsd,,,,,,1.3999999999999997,2.2849993591531437,2.2746348499024873,True
group2,acetone,acetone,group2 | acetone,#31d870,<,0.8760379043176044,1.6939398720671965,0.9974027359398374,0.1999999999999999,3.2999999999999994,tamsd,,,,,,1.4999999999999996,2.4393159116504886,2.4163542706691943,True
group2,acetone,acetone,group2 | acetone,#31d870,<,0.8760379043176044,1.6939398720671965,0.9974027359398374,0.1999999999999999,3.2999999999999994,tamsd,,,,,,1.5999999999999996,2.596721811846759,2.5569064130311334,True
group2,acetone,acetone,group2 | acetone,#31d870,<,0.8760379043176044,1.6939398720671965,0.9974027359398374,0.1999999999999999,3.2999999999999994,tamsd,,,,,,1.6999999999999997,2.7900037133669713,2.6963730684576497,True
group2,acetone,acetone,group2 | acetone,#31d870,<,0.8760379043176044,1.6939398720671965,0.9974027359398374,0.1999999999999999,3.2999999999999994,tamsd,,,,,,1.7999999999999996,2.962747911992553,2.8348258282786016,True
group2,acetone,acetone,group2 | acetone,#31d870,<,0.8760379043176044,1.6939398720671965,0.9974027359398374,0.1999999999999999,3.2999999999999994,tamsd,,,,,,1.8999999999999995,3.1173486551576417,2.972327851726749,True
group2,acetone,acetone,group2 | acetone,#31d870,<,0.8760379043176044,1.6939398720671965,0.9974027359398374,0.1999999999999999,3.2999999999999994,tamsd,,,,,,1.9999999999999996,3.2503841469646515,3.1089352505175065,True
group2,acetone,acetone,group2 | acetone,#31d870,<,0.8760379043176044,1.6939398720671965,0.9974027359398374,0.1999999999999999,3.2999999999999994,tamsd,,,,,,2.0999999999999996,3.3586551816883117,3.2446981881756107,True
group2,acetone,acetone,group2 | acetone,#31d870,<,0.8760379043176044,1.6939398720671965,0.9974027359398374,0.1999999999999999,3.2999999999999994,tamsd,,,,,,2.1999999999999993,3.4932703703850945,3.3796617636776842,True
group2,acetone,acetone,group2 | acetone,#31d870,<,0.8760379043176044,1.6939398720671965,0.9974027359398374,0.1999999999999999,3.2999999999999994,tamsd,,,,,,2.2999999999999994,3.616774630907694,3.5138667296166592,True
group2,acetone,acetone,group2 | acetone,#31d870,<,0.8760379043176044,1.6939398720671965,0.9974027359398374,0.1999999999999999,3.2999999999999994,tamsd,,,,,,2.3999999999999995,3.7414965047804896,3.647350081729549,True
group2,acetone,acetone,group2 | acetone,#31d870,<,0.8760379043176044,1.6939398720671965,0.9974027359398374,0.1999999999999999,3.2999999999999994,tamsd,,,,,,2.4999999999999996,3.8754078093902997,3.7801455472326904,True
group2,acetone,acetone,group2 | acetone,#31d870,<,0.8760379043176044,1.6939398720671965,0.9974027359398374,0.1999999999999999,3.2999999999999994,tamsd,,,,,,2.5999999999999996,3.9090220104824507,3.912283992688839,True
group2,acetone,acetone,group2 | acetone,#31d870,<,0.8760379043176044,1.6939398720671965,0.9974027359398374,0.1999999999999999,3.2999999999999994,tamsd,,,,,,2.6999999999999993,3.984018438034984,4.04379376725162,True
group2,acetone,acetone,group2 | acetone,#31d870,<,0.8760379043176044,1.6939398720671965,0.9974027359398374,0.1999999999999999,3.2999999999999994,tamsd,,,,,,2.7999999999999994,4.038508341899175,4.174700993540883,True
group2,acetone,acetone,group2 | acetone,#31d870,<,0.8760379043176044,1.6939398720671965,0.9974027359398374,0.1999999999999999,3.2999999999999994,tamsd,,,,,,2.8999999999999995,4.1210484660382605,4.30502981572414,True
group2,acetone,acetone,group2 | acetone,#31d870,<,0.8760379043176044,1.6939398720671965,0.9974027359398374,0.1999999999999999,3.2999999999999994,tamsd,,,,,,2.999999999999999,4.257984433575864,4.43480261235859,True
group2,acetone,acetone,group2 | acetone,#31d870,<,0.8760379043176044,1.6939398720671965,0.9974027359398374,0.1999999999999999,3.2999999999999994,tamsd,,,,,,3.099999999999999,4.3304305165990815,4.56404018000715,True
group2,acetone,acetone,group2 | acetone,#31d870,<,0.8760379043176044,1.6939398720671965,0.9974027359398374,0.1999999999999999,3.2999999999999994,tamsd,,,,,,3.1999999999999993,4.446440599997518,4.692761892454841,True
group2,acetone,acetone,group2 | acetone,#31d870,<,0.8760379043176044,1.6939398720671965,0.9974027359398374,0.1999999999999999,3.2999999999999994,tamsd,,,,,,3.2999999999999994,4.491740646115325,4.820985839428899,True
group2,acetonitrile,acetonitrile,group2 | acetonitrile,#a32014,>,0.8608202739580345,1.4791077148707357,0.975424316622278,0.1999999999999999,3.2999999999999994,displacement,0.0,28.827064676914908,28.36812621558184,30.830663686629208,0.0,,,,False
group2,acetonitrile,acetonitrile,group2 | acetonitrile,#a32014,>,0.8608202739580345,1.4791077148707357,0.975424316622278,0.1999999999999999,3.2999999999999994,displacement,0.1,28.253662657161044,27.865722126134575,31.13047861761337,0.8192000599317503,,,,False
group2,acetonitrile,acetonitrile,group2 | acetonitrile,#a32014,>,0.8608202739580345,1.4791077148707357,0.975424316622278,0.1999999999999999,3.2999999999999994,displacement,0.2,27.925087912731776,27.91271988014715,31.313306561319944,1.11977728052058,,,,False
group2,acetonitrile,acetonitrile,group2 | acetonitrile,#a32014,>,0.8608202739580345,1.4791077148707357,0.975424316622278,0.1999999999999999,3.2999999999999994,displacement,0.3,27.967773176395443,27.460235206890435,31.17823934447627,1.297480945700365,,,,False
group2,acetonitrile,acetonitrile,group2 | acetonitrile,#a32014,>,0.8608202739580345,1.4791077148707357,0.975424316622278,0.1999999999999999,3.2999999999999994,displacement,0.4,28.24931979458636,27.48643148545231,30.92822236900596,1.0586276223026223,,,,False
group2,acetonitrile,acetonitrile,group2 | acetonitrile,#a32014,>,0.8608202739580345,1.4791077148707357,0.975424316622278,0.1999999999999999,3.2999999999999994,displacement,0.5,28.54091328675385,27.43805032981852,31.058321119840805,0.9993756442229486,,,,False
group2,acetonitrile,acetonitrile,group2 | acetonitrile,#a32014,>,0.8608202739580345,1.4791077148707357,0.975424316622278,0.1999999999999999,3.2999999999999994,displacement,0.6,28.736740440155373,27.264876867828114,30.97583055387084,1.11641883288037,,,,False
group2,acetonitrile,acetonitrile,group2 | acetonitrile,#a32014,>,0.8608202739580345,1.4791077148707357,0.975424316622278,0.1999999999999999,3.2999999999999994,displacement,0.7,28.55750996764828,27.057818973511864,30.584516533256565,1.3602033785512757,,,,False
group2,acetonitrile,acetonitrile,group2 | acetonitrile,#a32014,>,0.8608202739580345,1.4791077148707357,0.975424316622278,0.1999999999999999,3.2999999999999994,displacement,0.8,28.64025111903399,27.250265804255257,30.782969914626303,1.1343658583134608,,,,False
group2,acetonitrile,acetonitrile,group2 | acetonitrile,#a32014,>,0.8608202739580345,1.4791077148707357,0.975424316622278,0.1999999999999999,3.2999999999999994,displacement,0.9,28.821090179537737,27.057527754971566,30.55984051143309,1.3383008674420858,,,,False
group2,acetonitrile,acetonitrile,group2 | acetonitrile,#a32014,>,0.8608202739580345,1.4791077148707357,0.975424316622278,0.1999999999999999,3.2999999999999994,displacement,1.0,28.880982932970703,26.91795437674975,30.53656338904116,1.4806756989696042,,,,False
group2,acetonitrile,acetonitrile,group2 | acetonitrile,#a32014,>,0.8608202739580345,1.4791077148707357,0.975424316622278,0.1999999999999999,3.2999999999999994,displacement,1.1,28.58417067869984,26.763886452096923,30.116409419637712,1.7727780095180024,,,,False
group2,acetonitrile,acetonitrile,group2 | acetonitrile,#a32014,>,0.8608202739580345,1.4791077148707357,0.975424316622278,0.1999999999999999,3.2999999999999994,displacement,1.2,28.548161137438317,27.128764411127747,30.50466038785863,1.3115193545966377,,,,False
group2,acetonitrile,acetonitrile,group2 | acetonitrile,#a32014,>,0.8608202739580345,1.4791077148707357,0.975424316622278,0.1999999999999999,3.2999999999999994,displacement,1.3,28.76464722125079,27.25173798488947,30.50999039934341,1.1632067647579716,,,,False
group2,acetonitrile,acetonitrile,group2 | acetonitrile,#a32014,>,0.8608202739580345,1.4791077148707357,0.975424316622278,0.1999999999999999,3.2999999999999994,displacement,1.4,28.48493739725012,27.407585973969624,30.455792934936888,1.0863777941957629,,,,False
group2,acetonitrile,acetonitrile,group2 | acetonitrile,#a32014,>,0.8608202739580345,1.4791077148707357,0.975424316622278,0.1999999999999999,3.2999999999999994,displacement,1.5,28.450857110075816,27.30083996356585,30.516102005251547,1.1745557153581454,,,,False
group2,acetonitrile,acetonitrile,group2 | acetonitrile,#a32014,>,0.8608202739580345,1.4791077148707357,0.975424316622278,0.1999999999999999,3.2999999999999994,displacement,1.6,28.52426868707433,27.684514251698022,30.89364011978196,0.7503177725212613,,,,False
group2,acetonitrile,acetonitrile,group2 | acetonitrile,#a32014,>,0.8608202739580345,1.4791077148707357,0.975424316622278,0.1999999999999999,3.2999999999999994,displacement,1.7,28.863741215893818,27.370371236336357,30.65926829020213,1.0130333405357554,,,,False
group2,acetonitrile,acetonitrile,group2 | acetonitrile,#a32014,>,0.8608202739580345,1.4791077148707357,0.975424316622278,0.1999999999999999,3.2999999999999994,displacement,1.8,28.67848859475706,27.605135294030315,30.578800273486586,0.8171078126167168,,,,False
group2,acetonitrile,acetonitrile,group2 | acetonitrile,#a32014,>,0.8608202739580345,1.4791077148707357,0.975424316622278,0.1999999999999999,3.2999999999999994,displacement,1.9,28.756318400126464,27.808366003804743,30.698373263601525,0.5795146990310204,,,,False
group2,acetonitrile,acetonitrile,group2 | acetonitrile,#a32014,>,0.8608202739580345,1.4791077148707357,0.975424316622278,0.1999999999999999,3.2999999999999994,displacement,2.0,28.92440996179945,27.220656955177976,31.11168496645325,1.1853838061045847,,,,False
group2,acetonitrile,acetonitrile,group2 | acetonitrile,#a32014,>,0.8608202739580345,1.4791077148707357,0.975424316622278,0.1999999999999999,3.2999999999999994,displacement,2.1,28.95866834573077,26.74395827875093,31.194056999282463,1.6695196052626853,,,,False
group2,acetonitrile,acetonitrile,group2 | acetonitrile,#a32014,>,0.8608202739580345,1.4791077148707357,0.975424316622278,0.1999999999999999,3.2999999999999994,displacement,2.2,29.02092007519045,26.54270633649572,31.009806992998318,1.8444050462466808,,,,False
group2,acetonitrile,acetonitrile,group2 | acetonitrile,#a32014,>,0.8608202739580345,1.4791077148707357,0.975424316622278,0.1999999999999999,3.2999999999999994,displacement,2.3,29.12828105519128,26.38076183612808,30.869240116237744,2.0104319496528418,,,,False
group2,acetonitrile,acetonitrile,group2 | acetonitrile,#a32014,>,0.8608202739580345,1.4791077148707357,0.975424316622278,0.1999999999999999,3.2999999999999994,displacement,2.4,29.300993181189547,26.265531172331144,31.308527033722743,2.2076837458209084,,,,False
group2,acetonitrile,acetonitrile,group2 | acetonitrile,#a32014,>,0.8608202739580345,1.4791077148707357,0.975424316622278,0.1999999999999999,3.2999999999999994,displacement,2.5,29.015042187768607,26.47351996013512,30.964768947510045,1.908625848289946,,,,False
group2,acetonitrile,acetonitrile,group2 | acetonitrile,#a32014,>,0.8608202739580345,1.4791077148707357,0.975424316622278,0.1999999999999999,3.2999999999999994,displacement,2.6,29.129320998131,26.280157400507417,30.85921370540204,2.1099260081837743,,,,False
group2,acetonitrile,acetonitrile,group2 | acetonitrile,#a32014,>,0.8608202739580345,1.4791077148707357,0.975424316622278,0.1999999999999999,3.2999999999999994,displacement,2.7,29.489537222865373,26.252426202781933,30.519929051605143,2.238663090262392,,,,False
group2,acetonitrile,acetonitrile,group2 | acetonitrile,#a32014,>,0.8608202739580345,1.4791077148707357,0.975424316622278,0.1999999999999999,3.2999999999999994,displacement,2.8,29.465094084216112,26.07520886636946,30.73795913201079,2.3818366084488787,,,,False
group2,acetonitrile,acetonitrile,group2 | acetonitrile,#a32014,>,0.8608202739580345,1.4791077148707357,0.975424316622278,0.1999999999999999,3.2999999999999994,displacement,2.9,29.57917884141108,26.321271874727124,30.501641917978468,2.2053443570920264,,,,False
group2,acetonitrile,acetonitrile,group2 | acetonitrile,#a32014,>,0.8608202739580345,1.4791077148707357,0.975424316622278,0.1999999999999999,3.2999999999999994,displacement,3.0,29.5773938863351,26.41547699052805,30.51687961342205,2.115252553056203,,,,False
group2,acetonitrile,acetonitrile,group2 | acetonitrile,#a32014,>,0.8608202739580345,1.4791077148707357,0.975424316622278,0.1999999999999999,3.2999999999999994,displacement,3.1,30.088693503336728,26.32365672812811,30.2898348718088,2.462530931324087,,,,False
group2,acetonitrile,acetonitrile,group2 | acetonitrile,#a32014,>,0.8608202739580345,1.4791077148707357,0.975424316622278,0.1999999999999999,3.2999999999999994,displacement,3.2,30.319153596495426,26.150113123731444,30.05474054207536,2.7835172257072625,,,,False
group2,acetonitrile,acetonitrile,group2 | acetonitrile,#a32014,>,0.8608202739580345,1.4791077148707357,0.975424316622278,0.1999999999999999,3.2999999999999994,displacement,3.3,30.244890000340625,26.5359970519067,30.160064980925128,2.4117687584484955,,,,False
group2,acetonitrile,acetonitrile,group2 | acetonitrile,#a32014,>,0.8608202739580345,1.4791077148707357,0.975424316622278,0.1999999999999999,3.2999999999999994,displacement,3.4,30.43565022955505,26.495140305966316,29.69103636099386,2.7192598513411115,,,,False
group2,acetonitrile,acetonitrile,group2 | acetonitrile,#a32014,>,0.8608202739580345,1.4791077148707357,0.975424316622278,0.1999999999999999,3.2999999999999994,displacement,3.5,30.122969641878655,26.33160882225981,29.530569891338946,2.741717827945306,,,,False
group2,acetonitrile,acetonitrile,group2 | acetonitrile,#a32014,>,0.8608202739580345,1.4791077148707357,0.975424316622278,0.1999999999999999,3.2999999999999994,displacement,3.6,29.8248513178109,26.136055991556137,29.98715186381153,2.58635416386965,,,,False
group2,acetonitrile,acetonitrile,group2 | acetonitrile,#a32014,>,0.8608202739580345,1.4791077148707357,0.975424316622278,0.1999999999999999,3.2999999999999994,displacement,3.7,29.91000720169016,26.647315114691384,29.84954291609106,2.257554722104381,,,,False
group2,acetonitrile,acetonitrile,group2 | acetonitrile,#a32014,>,0.8608202739580345,1.4791077148707357,0.975424316622278,0.1999999999999999,3.2999999999999994,displacement,3.8,30.220936217481515,26.395276099533543,29.5397735112611,2.7388707338710274,,,,False
group2,acetonitrile,acetonitrile,group2 | acetonitrile,#a32014,>,0.8608202739580345,1.4791077148707357,0.975424316622278,0.1999999999999999,3.2999999999999994,displacement,3.9,30.293995308068585,26.48458317063787,29.930732151296308,2.551371522742301,,,,False
group2,acetonitrile,acetonitrile,group2 | acetonitrile,#a32014,>,0.8608202739580345,1.4791077148707357,0.975424316622278,0.1999999999999999,3.2999999999999994,displacement,4.0,30.610301172822023,26.79417622655671,30.020577017653185,2.512666189437022,,,,False
group2,acetonitrile,acetonitrile,group2 | acetonitrile,#a32014,>,0.8608202739580345,1.4791077148707357,0.975424316622278,0.1999999999999999,3.2999999999999994,displacement,4.1,30.35527397292133,26.940445086071207,29.81219093420961,2.326152146223964,,,,False
group2,acetonitrile,acetonitrile,group2 | acetonitrile,#a32014,>,0.8608202739580345,1.4791077148707357,0.975424316622278,0.1999999999999999,3.2999999999999994,displacement,4.2,30.520517915701674,27.13163433953211,30.1789668205246,2.195769759511444,,,,False
group2,acetonitrile,acetonitrile,group2 | acetonitrile,#a32014,>,0.8608202739580345,1.4791077148707357,0.975424316622278,0.1999999999999999,3.2999999999999994,displacement,4.3,30.576172218536836,27.18126526861005,29.978522024368605,2.279070317512324,,,,False
group2,acetonitrile,acetonitrile,group2 | acetonitrile,#a32014,>,0.8608202739580345,1.4791077148707357,0.975424316622278,0.1999999999999999,3.2999999999999994,displacement,4.4,30.836695397727297,27.38949071950337,30.01907571622698,2.378028196199382,,,,False
group2,acetonitrile,acetonitrile,group2 | acetonitrile,#a32014,>,0.8608202739580345,1.4791077148707357,0.975424316622278,0.1999999999999999,3.2999999999999994,displacement,4.5,30.94513345768846,27.01510580928132,30.298784859382884,2.569002659949212,,,,False
group2,acetonitrile,acetonitrile,group2 | acetonitrile,#a32014,>,0.8608202739580345,1.4791077148707357,0.975424316622278,0.1999999999999999,3.2999999999999994,displacement,4.6,30.93219063429789,26.45960556089944,30.6993257383478,2.8445133226012014,,,,False
group2,acetonitrile,acetonitrile,group2 | acetonitrile,#a32014,>,0.8608202739580345,1.4791077148707357,0.975424316622278,0.1999999999999999,3.2999999999999994,displacement,4.7,31.128547869700583,26.89963730562623,30.43221972512531,2.758992960447073,,,,False
group2,acetonitrile,acetonitrile,group2 | acetonitrile,#a32014,>,0.8608202739580345,1.4791077148707357,0.975424316622278,0.1999999999999999,3.2999999999999994,displacement,4.8,31.207409671374343,26.602833539378683,30.165815159519664,3.037157238159449,,,,False
group2,acetonitrile,acetonitrile,group2 | acetonitrile,#a32014,>,0.8608202739580345,1.4791077148707357,0.975424316622278,0.1999999999999999,3.2999999999999994,displacement,4.9,31.4149595140869,27.00266645746435,30.037926214381905,3.031519872803866,,,,False
group2,acetonitrile,acetonitrile,group2 | acetonitrile,#a32014,>,0.8608202739580345,1.4791077148707357,0.975424316622278,0.1999999999999999,3.2999999999999994,displacement,5.0,31.4747756985994,26.82888248542994,29.88315653804996,3.205840718402938,,,,False
group2,acetonitrile,acetonitrile,group2 | acetonitrile,#a32014,>,0.8608202739580345,1.4791077148707357,0.975424316622278,0.1999999999999999,3.2999999999999994,displacement,5.1,31.23992826583541,26.30122658146673,29.69285868453603,3.374697767064744,,,,False
group2,acetonitrile,acetonitrile,group2 | acetonitrile,#a32014,>,0.8608202739580345,1.4791077148707357,0.975424316622278,0.1999999999999999,3.2999999999999994,displacement,5.2,31.086930035666036,26.436935397046536,29.42203033125588,3.2894889188365948,,,,False
group2,acetonitrile,acetonitrile,group2 | acetonitrile,#a32014,>,0.8608202739580345,1.4791077148707357,0.975424316622278,0.1999999999999999,3.2999999999999994,displacement,5.3,31.251148708448756,26.543150091666902,29.459339334104648,3.3297525020073007,,,,False
group2,acetonitrile,acetonitrile,group2 | acetonitrile,#a32014,>,0.8608202739580345,1.4791077148707357,0.975424316622278,0.1999999999999999,3.2999999999999994,displacement,5.4,31.00454153121105,26.82165304615765,29.69883728560489,2.900692282335373,,,,False
group2,acetonitrile,acetonitrile,group2 | acetonitrile,#a32014,>,0.8608202739580345,1.4791077148707357,0.975424316622278,0.1999999999999999,3.2999999999999994,displacement,5.5,30.88461628931011,26.940774839585107,29.36914232459829,2.8994646540184927,,,,False
group2,acetonitrile,acetonitrile,group2 | acetonitrile,#a32014,>,0.8608202739580345,1.4791077148707357,0.975424316622278,0.1999999999999999,3.2999999999999994,displacement,5.6,31.26343945298073,26.903267683575585,29.32808999868892,3.2155031108571155,,,,False
group2,acetonitrile,acetonitrile,group2 | acetonitrile,#a32014,>,0.8608202739580345,1.4791077148707357,0.975424316622278,0.1999999999999999,3.2999999999999994,displacement,5.7,31.39912244526009,26.93815495189423,29.72069650668119,3.1452068484026485,,,,False
group2,acetonitrile,acetonitrile,group2 | acetonitrile,#a32014,>,0.8608202739580345,1.4791077148707357,0.975424316622278,0.1999999999999999,3.2999999999999994,displacement,5.8,31.745217417938104,26.871371900507636,30.34624971364824,3.3151992092261464,,,,False
group2,acetonitrile,acetonitrile,group2 | acetonitrile,#a32014,>,0.8608202739580345,1.4791077148707357,0.975424316622278,0.1999999999999999,3.2999999999999994,displacement,5.9,31.503520302459545,26.9658674520998,30.408154335675043,3.0509438714790247,,,,False
group2,acetonitrile,acetonitrile,group2 | acetonitrile,#a32014,>,0.8608202739580345,1.4791077148707357,0.975424316622278,0.1999999999999999,3.2999999999999994,displacement,6.0,31.658374114759734,27.259407441832074,30.835060840475165,3.040656144166311,,,,False
group2,acetonitrile,acetonitrile,group2 | acetonitrile,#a32014,>,0.8608202739580345,1.4791077148707357,0.975424316622278,0.1999999999999999,3.2999999999999994,displacement,6.1,31.667282237663805,27.698511964476666,30.17596055795521,2.990627898011568,,,,False
group2,acetonitrile,acetonitrile,group2 | acetonitrile,#a32014,>,0.8608202739580345,1.4791077148707357,0.975424316622278,0.1999999999999999,3.2999999999999994,displacement,6.2,31.667545585483587,27.73332413341856,30.222793566785068,2.9733502245886414,,,,False
group2,acetonitrile,acetonitrile,group2 | acetonitrile,#a32014,>,0.8608202739580345,1.4791077148707357,0.975424316622278,0.1999999999999999,3.2999999999999994,displacement,6.3,31.653952638545583,27.478351697882083,29.98726254552736,3.08128540138238,,,,False
group2,acetonitrile,acetonitrile,group2 | acetonitrile,#a32014,>,0.8608202739580345,1.4791077148707357,0.975424316622278,0.1999999999999999,3.2999999999999994,displacement,6.4,31.70622899062181,27.51182881072623,29.40987458974804,3.3228713560266185,,,,False
group2,acetonitrile,acetonitrile,group2 | acetonitrile,#a32014,>,0.8608202739580345,1.4791077148707357,0.975424316622278,0.1999999999999999,3.2999999999999994,displacement,6.5,31.688046291291304,27.896899712772843,28.79183385568849,3.5445870414313574,,,,False
group2,acetonitrile,acetonitrile,group2 | acetonitrile,#a32014,>,0.8608202739580345,1.4791077148707357,0.975424316622278,0.1999999999999999,3.2999999999999994,displacement,6.6,31.359835607993173,28.14571747724385,28.969541060183865,3.150900135972413,,,,False
group2,acetonitrile,acetonitrile,group2 | acetonitrile,#a32014,>,0.8608202739580345,1.4791077148707357,0.975424316622278,0.1999999999999999,3.2999999999999994,displacement,6.7,31.31338901191634,28.193088592046344,29.07683883096957,3.047679197816397,,,,False
group2,acetonitrile,acetonitrile,group2 | acetonitrile,#a32014,>,0.8608202739580345,1.4791077148707357,0.975424316622278,0.1999999999999999,3.2999999999999994,displacement,6.8,31.16455238257015,27.649010031760287,29.244164557470405,2.9151254427117066,,,,False
group2,acetonitrile,acetonitrile,group2 | acetonitrile,#a32014,>,0.8608202739580345,1.4791077148707357,0.975424316622278,0.1999999999999999,3.2999999999999994,displacement,6.9,30.89908910499284,27.721877558613,29.000704259312045,2.8389565094965183,,,,False
group2,acetonitrile,acetonitrile,group2 | acetonitrile,#a32014,>,0.8608202739580345,1.4791077148707357,0.975424316622278,0.1999999999999999,3.2999999999999994,displacement,7.0,31.157240645008823,27.16232054061726,29.166533365660104,3.1069304937877096,,,,False
group2,acetonitrile,acetonitrile,group2 | acetonitrile,#a32014,>,0.8608202739580345,1.4791077148707357,0.975424316622278,0.1999999999999999,3.2999999999999994,displacement,7.1,31.600547872880803,27.85690782765217,29.28146175196681,3.217697921313361,,,,False
group2,acetonitrile,acetonitrile,group2 | acetonitrile,#a32014,>,0.8608202739580345,1.4791077148707357,0.975424316622278,0.1999999999999999,3.2999999999999994,displacement,7.2,31.602756937467195,28.018855105885045,28.67044998577593,3.534541139485139,,,,False
group2,acetonitrile,acetonitrile,group2 | acetonitrile,#a32014,>,0.8608202739580345,1.4791077148707357,0.975424316622278,0.1999999999999999,3.2999999999999994,displacement,7.3,31.903610640026336,27.89610689703179,28.68831725385612,3.7785692448646815,,,,False
group2,acetonitrile,acetonitrile,group2 | acetonitrile,#a32014,>,0.8608202739580345,1.4791077148707357,0.975424316622278,0.1999999999999999,3.2999999999999994,displacement,7.4,31.66194541675528,28.49635874743054,29.09318047269048,3.327437499046536,,,,False
group2,acetonitrile,acetonitrile,group2 | acetonitrile,#a32014,>,0.8608202739580345,1.4791077148707357,0.975424316622278,0.1999999999999999,3.2999999999999994,displacement,7.5,31.55497311516827,28.20704417001637,29.19406666976928,3.185260062929283,,,,False
group2,acetonitrile,acetonitrile,group2 | acetonitrile,#a32014,>,0.8608202739580345,1.4791077148707357,0.975424316622278,0.1999999999999999,3.2999999999999994,displacement,7.6,31.68643628800457,28.48324682704457,29.146667862890727,3.320406706995048,,,,False
group2,acetonitrile,acetonitrile,group2 | acetonitrile,#a32014,>,0.8608202739580345,1.4791077148707357,0.975424316622278,0.1999999999999999,3.2999999999999994,displacement,7.7,31.47760978127696,28.3262843483518,29.3178391773232,3.0521759595521183,,,,False
group2,acetonitrile,acetonitrile,group2 | acetonitrile,#a32014,>,0.8608202739580345,1.4791077148707357,0.975424316622278,0.1999999999999999,3.2999999999999994,displacement,7.8,31.582898686308948,28.113691248531893,29.262089673326177,3.1811605861697885,,,,False
group2,acetonitrile,acetonitrile,group2 | acetonitrile,#a32014,>,0.8608202739580345,1.4791077148707357,0.975424316622278,0.1999999999999999,3.2999999999999994,displacement,7.9,31.44747288955631,27.530526297341225,29.474307466572892,3.067216167732662,,,,False
group2,acetonitrile,acetonitrile,group2 | acetonitrile,#a32014,>,0.8608202739580345,1.4791077148707357,0.975424316622278,0.1999999999999999,3.2999999999999994,displacement,8.0,31.4998698617416,27.51950973119171,29.35899956208196,3.166991125515593,,,,False
group2,acetonitrile,acetonitrile,group2 | acetonitrile,#a32014,>,0.8608202739580345,1.4791077148707357,0.975424316622278,0.1999999999999999,3.2999999999999994,displacement,8.1,31.41204242359813,27.54991229245923,29.314528355657583,3.106485203032457,,,,False
group2,acetonitrile,acetonitrile,group2 | acetonitrile,#a32014,>,0.8608202739580345,1.4791077148707357,0.975424316622278,0.1999999999999999,3.2999999999999994,displacement,8.2,31.61906850964443,27.735331622363272,28.98361136928365,3.406951226858783,,,,False
group2,acetonitrile,acetonitrile,group2 | acetonitrile,#a32014,>,0.8608202739580345,1.4791077148707357,0.975424316622278,0.1999999999999999,3.2999999999999994,displacement,8.3,31.424759386017385,28.14100121917451,28.869889223696944,3.2625511582470765,,,,False
group2,acetonitrile,acetonitrile,group2 | acetonitrile,#a32014,>,0.8608202739580345,1.4791077148707357,0.975424316622278,0.1999999999999999,3.2999999999999994,displacement,8.4,31.427314406524246,28.18058070777573,28.994431234396394,3.188764900782844,,,,False
group2,acetonitrile,acetonitrile,group2 | acetonitrile,#a32014,>,0.8608202739580345,1.4791077148707357,0.975424316622278,0.1999999999999999,3.2999999999999994,displacement,8.5,31.8064749594406,27.865037855223555,28.92607698345859,3.571755036371072,,,,False
group2,acetonitrile,acetonitrile,group2 | acetonitrile,#a32014,>,0.8608202739580345,1.4791077148707357,0.975424316622278,0.1999999999999999,3.2999999999999994,displacement,8.6,31.425883240293768,27.884703392929623,29.040302938309463,3.1926395286576943,,,,False
group2,acetonitrile,acetonitrile,group2 | acetonitrile,#a32014,>,0.8608202739580345,1.4791077148707357,0.975424316622278,0.1999999999999999,3.2999999999999994,displacement,8.7,31.87309576201333,28.135703904936577,28.812922416759456,3.661093461523096,,,,False
group2,acetonitrile,acetonitrile,group2 | acetonitrile,#a32014,>,0.8608202739580345,1.4791077148707357,0.975424316622278,0.1999999999999999,3.2999999999999994,displacement,8.8,32.09401380868696,28.574577205900024,29.234413850532874,3.641921495615617,,,,False
group2,acetonitrile,acetonitrile,group2 | acetonitrile,#a32014,>,0.8608202739580345,1.4791077148707357,0.975424316622278,0.1999999999999999,3.2999999999999994,displacement,8.9,31.81558959478776,28.50068635112141,29.40785484921893,3.312587864811135,,,,False
group2,acetonitrile,acetonitrile,group2 | acetonitrile,#a32014,>,0.8608202739580345,1.4791077148707357,0.975424316622278,0.1999999999999999,3.2999999999999994,displacement,9.0,31.57961582513288,28.40437933402406,29.478792781051123,3.066823610431704,,,,False
group2,acetonitrile,acetonitrile,group2 | acetonitrile,#a32014,>,0.8608202739580345,1.4791077148707357,0.975424316622278,0.1999999999999999,3.2999999999999994,displacement,9.1,31.58338412187544,28.162196732954293,29.548238898931757,3.0470177502902125,,,,False
group2,acetonitrile,acetonitrile,group2 | acetonitrile,#a32014,>,0.8608202739580345,1.4791077148707357,0.975424316622278,0.1999999999999999,3.2999999999999994,displacement,9.2,31.45940506705803,28.29460174564061,29.918828914250287,2.786765944491624,,,,False
group2,acetonitrile,acetonitrile,group2 | acetonitrile,#a32014,>,0.8608202739580345,1.4791077148707357,0.975424316622278,0.1999999999999999,3.2999999999999994,displacement,9.3,31.41191967872325,28.431145518397503,30.1071537720247,2.684941975058684,,,,False
group2,acetonitrile,acetonitrile,group2 | acetonitrile,#a32014,>,0.8608202739580345,1.4791077148707357,0.975424316622278,0.1999999999999999,3.2999999999999994,displacement,9.4,31.25131541783161,28.09222774087831,30.64198315469731,2.4471844978074286,,,,False
group2,acetonitrile,acetonitrile,group2 | acetonitrile,#a32014,>,0.8608202739580345,1.4791077148707357,0.975424316622278,0.1999999999999999,3.2999999999999994,displacement,9.5,31.47711744133777,27.71978153026579,30.90394365514766,2.7291941006437983,,,,False
group2,acetonitrile,acetonitrile,group2 | acetonitrile,#a32014,>,0.8608202739580345,1.4791077148707357,0.975424316622278,0.1999999999999999,3.2999999999999994,displacement,9.6,31.412072525103124,27.6804637856999,30.952682803753092,2.677691889969699,,,,False
group2,acetonitrile,acetonitrile,group2 | acetonitrile,#a32014,>,0.8608202739580345,1.4791077148707357,0.975424316622278,0.1999999999999999,3.2999999999999994,displacement,9.7,31.36392658492698,27.413290774651703,31.01916354177967,2.717151312490829,,,,False
group2,acetonitrile,acetonitrile,group2 | acetonitrile,#a32014,>,0.8608202739580345,1.4791077148707357,0.975424316622278,0.1999999999999999,3.2999999999999994,displacement,9.8,30.930549394268315,27.716194541631943,31.117249803038,2.220764387718051,,,,False
group2,acetonitrile,acetonitrile,group2 | acetonitrile,#a32014,>,0.8608202739580345,1.4791077148707357,0.975424316622278,0.1999999999999999,3.2999999999999994,displacement,9.9,31.09359386968257,27.949092145378017,30.64080162599956,2.3127454973961483,,,,False
group2,acetonitrile,acetonitrile,group2 | acetonitrile,#a32014,>,0.8608202739580345,1.4791077148707357,0.975424316622278,0.1999999999999999,3.2999999999999994,displacement,10.0,31.415113433711,27.94611888284262,30.984090816688035,2.626714000548509,,,,False
group2,acetonitrile,acetonitrile,group2 | acetonitrile,#a32014,>,0.8608202739580345,1.4791077148707357,0.975424316622278,0.1999999999999999,3.2999999999999994,tamsd,,,,,,0.09999999999999998,0.2040240785072104,0.2037884322805203,False
group2,acetonitrile,acetonitrile,group2 | acetonitrile,#a32014,>,0.8608202739580345,1.4791077148707357,0.975424316622278,0.1999999999999999,3.2999999999999994,tamsd,,,,,,0.19999999999999996,0.3849581843830894,0.37009417670513667,True
group2,acetonitrile,acetonitrile,group2 | acetonitrile,#a32014,>,0.8608202739580345,1.4791077148707357,0.975424316622278,0.1999999999999999,3.2999999999999994,tamsd,,,,,,0.29999999999999993,0.5508935156659779,0.5246808066338106,True
group2,acetonitrile,acetonitrile,group2 | acetonitrile,#a32014,>,0.8608202739580345,1.4791077148707357,0.975424316622278,0.1999999999999999,3.2999999999999994,tamsd,,,,,,0.3999999999999999,0.7080139420299556,0.6721171466813701,True
group2,acetonitrile,acetonitrile,group2 | acetonitrile,#a32014,>,0.8608202739580345,1.4791077148707357,0.975424316622278,0.1999999999999999,3.2999999999999994,tamsd,,,,,,0.4999999999999999,0.8829547827973258,0.8144549721669436,True
group2,acetonitrile,acetonitrile,group2 | acetonitrile,#a32014,>,0.8608202739580345,1.4791077148707357,0.975424316622278,0.1999999999999999,3.2999999999999994,tamsd,,,,,,0.5999999999999999,1.0387254983772995,0.9528573775808397,True
group2,acetonitrile,acetonitrile,group2 | acetonitrile,#a32014,>,0.8608202739580345,1.4791077148707357,0.975424316622278,0.1999999999999999,3.2999999999999994,tamsd,,,,,,0.6999999999999998,1.1872150197808842,1.08807054735287,True
group2,acetonitrile,acetonitrile,group2 | acetonitrile,#a32014,>,0.8608202739580345,1.4791077148707357,0.975424316622278,0.1999999999999999,3.2999999999999994,tamsd,,,,,,0.7999999999999998,1.3079547880014302,1.2206121773783547,True
group2,acetonitrile,acetonitrile,group2 | acetonitrile,#a32014,>,0.8608202739580345,1.4791077148707357,0.975424316622278,0.1999999999999999,3.2999999999999994,tamsd,,,,,,0.8999999999999998,1.411957908638319,1.3508615075411246,True
group2,acetonitrile,acetonitrile,group2 | acetonitrile,#a32014,>,0.8608202739580345,1.4791077148707357,0.975424316622278,0.1999999999999999,3.2999999999999994,tamsd,,,,,,0.9999999999999998,1.4715114972170849,1.4791077148707354,True
group2,acetonitrile,acetonitrile,group2 | acetonitrile,#a32014,>,0.8608202739580345,1.4791077148707357,0.975424316622278,0.1999999999999999,3.2999999999999994,tamsd,,,,,,1.0999999999999996,1.5176389033983482,1.6055782076507117,True
group2,acetonitrile,acetonitrile,group2 | acetonitrile,#a32014,>,0.8608202739580345,1.4791077148707357,0.975424316622278,0.1999999999999999,3.2999999999999994,tamsd,,,,,,1.1999999999999997,1.5591699093334161,1.730456251745282,True
group2,acetonitrile,acetonitrile,group2 | acetonitrile,#a32014,>,0.8608202739580345,1.4791077148707357,0.975424316622278,0.1999999999999999,3.2999999999999994,tamsd,,,,,,1.2999999999999998,1.64369069324905,1.8538925109325006,True
group2,acetonitrile,acetonitrile,group2 | acetonitrile,#a32014,>,0.8608202739580345,1.4791077148707357,0.975424316622278,0.1999999999999999,3.2999999999999994,tamsd,,,,,,1.3999999999999997,1.6893953317913997,1.9760129115933143,True
group2,acetonitrile,acetonitrile,group2 | acetonitrile,#a32014,>,0.8608202739580345,1.4791077148707357,0.975424316622278,0.1999999999999999,3.2999999999999994,tamsd,,,,,,1.4999999999999996,1.7644429865334685,2.0969241825033516,True
group2,acetonitrile,acetonitrile,group2 | acetonitrile,#a32014,>,0.8608202739580345,1.4791077148707357,0.975424316622278,0.1999999999999999,3.2999999999999994,tamsd,,,,,,1.5999999999999996,1.843223303452386,2.2167178667004612,True
group2,acetonitrile,acetonitrile,group2 | acetonitrile,#a32014,>,0.8608202739580345,1.4791077148707357,0.975424316622278,0.1999999999999999,3.2999999999999994,tamsd,,,,,,1.6999999999999997,1.952927116253072,2.335473296263124,True
group2,acetonitrile,acetonitrile,group2 | acetonitrile,#a32014,>,0.8608202739580345,1.4791077148707357,0.975424316622278,0.1999999999999999,3.2999999999999994,tamsd,,,,,,1.7999999999999996,2.109150480296964,2.453259843463063,True
group2,acetonitrile,acetonitrile,group2 | acetonitrile,#a32014,>,0.8608202739580345,1.4791077148707357,0.975424316622278,0.1999999999999999,3.2999999999999994,tamsd,,,,,,1.8999999999999995,2.32239411164473,2.570138654810329,True
group2,acetonitrile,acetonitrile,group2 | acetonitrile,#a32014,>,0.8608202739580345,1.4791077148707357,0.975424316622278,0.1999999999999999,3.2999999999999994,tamsd,,,,,,1.9999999999999996,2.5144045764481,2.686164007777327,True
group2,acetonitrile,acetonitrile,group2 | acetonitrile,#a32014,>,0.8608202739580345,1.4791077148707357,0.975424316622278,0.1999999999999999,3.2999999999999994,tamsd,,,,,,2.0999999999999996,2.675606441421497,2.8013843870870474,True
group2,acetonitrile,acetonitrile,group2 | acetonitrile,#a32014,>,0.8608202739580345,1.4791077148707357,0.975424316622278,0.1999999999999999,3.2999999999999994,tamsd,,,,,,2.1999999999999993,2.844406282526223,2.9158433491369413,True
group2,acetonitrile,acetonitrile,group2 | acetonitrile,#a32014,>,0.8608202739580345,1.4791077148707357,0.975424316622278,0.1999999999999999,3.2999999999999994,tamsd,,,,,,2.2999999999999994,3.0327893016998684,3.0295802240040204,True
group2,acetonitrile,acetonitrile,group2 | acetonitrile,#a32014,>,0.8608202739580345,1.4791077148707357,0.975424316622278,0.1999999999999999,3.2999999999999994,tamsd,,,,,,2.3999999999999995,3.200531188692376,3.142630691286516,True
group2,acetonitrile,acetonitrile,group2 | acetonitrile,#a32014,>,0.8608202739580345,1.4791077148707357,0.975424316622278,0.1999999999999999,3.2999999999999994,tamsd,,,,,,2.4999999999999996,3.3768450003411092,3.2550272567696856,True
group2,acetonitrile,acetonitrile,group2 | acetonitrile,#a32014,>,0.8608202739580345,1.4791077148707357,0.975424316622278,0.1999999999999999,3.2999999999999994,tamsd,,,,,,2.5999999999999996,3.573326162163356,3.366799650281066,True
group2,acetonitrile,acetonitrile,group2 | acetonitrile,#a32014,>,0.8608202739580345,1.4791077148707357,0.975424316622278,0.1999999999999999,3.2999999999999994,tamsd,,,,,,2.6999999999999993,3.7274864943685992,3.477975160295654,True
group2,acetonitrile,acetonitrile,group2 | acetonitrile,#a32014,>,0.8608202739580345,1.4791077148707357,0.975424316622278,0.1999999999999999,3.2999999999999994,tamsd,,,,,,2.7999999999999994,3.904740366715615,3.588578917316457,True
group2,acetonitrile,acetonitrile,group2 | acetonitrile,#a32014,>,0.8608202739580345,1.4791077148707357,0.975424316622278,0.1999999999999999,3.2999999999999994,tamsd,,,,,,2.8999999999999995,4.054571538995897,3.698634135421515,True
group2,acetonitrile,acetonitrile,group2 | acetonitrile,#a32014,>,0.8608202739580345,1.4791077148707357,0.975424316622278,0.1999999999999999,3.2999999999999994,tamsd,,,,,,2.999999999999999,4.255109511007549,3.808162319382303,True
group2,acetonitrile,acetonitrile,group2 | acetonitrile,#a32014,>,0.8608202739580345,1.4791077148707357,0.975424316622278,0.1999999999999999,3.2999999999999994,tamsd,,,,,,3.099999999999999,4.43407934268829,3.9171834432444967,True
group2,acetonitrile,acetonitrile,group2 | acetonitrile,#a32014,>,0.8608202739580345,1.4791077148707357,0.975424316622278,0.1999999999999999,3.2999999999999994,tamsd,,,,,,3.1999999999999993,4.585143658852661,4.025716105096579,True
group2,acetonitrile,acetonitrile,group2 | acetonitrile,#a32014,>,0.8608202739580345,1.4791077148707357,0.975424316622278,0.1999999999999999,3.2999999999999994,tamsd,,,,,,3.2999999999999994,4.727143410533802,4.133777661846059,True
group2,CPME,CPME,group2 | CPME,#2240b4,p,1.1049531850824934,1.573124513984106,0.9943501800023613,0.1999999999999999,3.2999999999999994,displacement,0.0,22.82706467691491,22.36812621558184,24.830663686629208,0.0,,,,False
group2,CPME,CPME,group2 | CPME,#2240b4,p,1.1049531850824934,1.573124513984106,0.9943501800023613,0.1999999999999999,3.2999999999999994,displacement,0.1,22.89993384214402,22.35005802894389,24.702571813938903,0.1484718911406467,,,,False
group2,CPME,CPME,group2 | CPME,#2240b4,p,1.1049531850824934,1.573124513984106,0.9943501800023613,0.1999999999999999,3.2999999999999994,displacement,0.2,22.9320748914226,22.12807853413588,25.10794973173101,0.3814938863556455,,,,False
group2,CPME,CPME,group2 | CPME,#2240b4,p,1.1049531850824934,1.573124513984106,0.9943501800023613,0.1999999999999999,3.2999999999999994,displacement,0.3,23.177495375186293,21.87466996160768,25.90743043169632,1.2352033727931602,,,,False
group2,CPME,CPME,group2 | CPME,#2240b4,p,1.1049531850824934,1.573124513984106,0.9943501800023613,0.1999999999999999,3.2999999999999994,displacement,0.4,23.098255276509228,21.715010907631548,25.526111411224733,0.991842469564812,,,,False
group2,CPME,CPME,group2 | CPME,#2240b4,p,1.1049531850824934,1.573124513984106,0.9943501800023613,0.1999999999999999,3.2999999999999994,displacement,0.5,23.02522319448148,21.446038727985755,25.329557127025087,1.0669614790307471,,,,False
group2,CPME,CPME,group2 | CPME,#2240b4,p,1.1049531850824934,1.573124513984106,0.9943501800023613,0.1999999999999999,3.2999999999999994,displacement,0.6,23.1048019724955,20.806602481703344,25.577429568383323,1.7530412599178231,,,,False
group2,CPME,CPME,group2 | CPME,#2240b4,p,1.1049531850824934,1.573124513984106,0.9943501800023613,0.1999999999999999,3.2999999999999994,displacement,0.7,23.189689220792573,20.834844206574065,25.45701024835344,1.6955118089689534,,,,False
group2,CPME,CPME,group2 | CPME,#2240b4,p,1.1049531850824934,1.573124513984106,0.9943501800023613,0.1999999999999999,3.2999999999999994,displacement,0.8,23.095880798370068,21.016614450541237,25.352639138693167,1.4735347063285449,,,,False
group2,CPME,CPME,group2 | CPME,#2240b4,p,1.1049531850824934,1.573124513984106,0.9943501800023613,0.1999999999999999,3.2999999999999994,displacement,0.9,23.17524513768557,20.987611600528304,25.37463841729512,1.5241255667568656,,,,False
group2,CPME,CPME,group2 | CPME,#2240b4,p,1.1049531850824934,1.573124513984106,0.9943501800023613,0.1999999999999999,3.2999999999999994,displacement,1.0,23.173078760236667,20.99163037200447,25.33375418835369,1.5058441506902935,,,,False
group2,CPME,CPME,group2 | CPME,#2240b4,p,1.1049531850824934,1.573124513984106,0.9943501800023613,0.1999999999999999,3.2999999999999994,displacement,1.1,23.181570492800912,21.30710823937532,25.08686344215956,1.1476375011580102,,,,False
group2,CPME,CPME,group2 | CPME,#2240b4,p,1.1049531850824934,1.573124513984106,0.9943501800023613,0.1999999999999999,3.2999999999999994,displacement,1.2,23.2844712088321,21.34440325707644,25.16395460071393,1.169748804069914,,,,False
group2,CPME,CPME,group2 | CPME,#2240b4,p,1.1049531850824934,1.573124513984106,0.9943501800023613,0.1999999999999999,3.2999999999999994,displacement,1.3,23.025283027030152,21.29934813412984,24.45991380471295,1.1484914351685682,,,,False
group2,CPME,CPME,group2 | CPME,#2240b4,p,1.1049531850824934,1.573124513984106,0.9943501800023613,0.1999999999999999,3.2999999999999994,displacement,1.4,23.288855317187643,21.85915587603191,24.58954098157099,0.7283141910464638,,,,False
group2,CPME,CPME,group2 | CPME,#2240b4,p,1.1049531850824934,1.573124513984106,0.9943501800023613,0.1999999999999999,3.2999999999999994,displacement,1.5,23.021098171133147,21.557637444453267,24.66558980921848,0.8495825033552998,,,,False
group2,CPME,CPME,group2 | CPME,#2240b4,p,1.1049531850824934,1.573124513984106,0.9943501800023613,0.1999999999999999,3.2999999999999994,displacement,1.6,23.41256185372203,21.68441520309496,24.27903739638137,1.0557268854857933,,,,False
group2,CPME,CPME,group2 | CPME,#2240b4,p,1.1049531850824934,1.573124513984106,0.9943501800023613,0.1999999999999999,3.2999999999999994,displacement,1.7,23.60923048065893,21.578238805346,24.519565254485023,1.1543343102750525,,,,False
group2,CPME,CPME,group2 | CPME,#2240b4,p,1.1049531850824934,1.573124513984106,0.9943501800023613,0.1999999999999999,3.2999999999999994,displacement,1.8,23.48850774776624,21.4876480059797,24.79471500057344,1.1018353423223286,,,,False
group2,CPME,CPME,group2 | CPME,#2240b4,p,1.1049531850824934,1.573124513984106,0.9943501800023613,0.1999999999999999,3.2999999999999994,displacement,1.9,23.331369820315228,21.451691281390392,24.530602798657466,1.0882156049041447,,,,False
group2,CPME,CPME,group2 | CPME,#2240b4,p,1.1049531850824934,1.573124513984106,0.9943501800023613,0.1999999999999999,3.2999999999999994,displacement,2.0,23.42623179742511,21.23442499111946,24.479947055068568,1.3293915376220913,,,,False
group2,CPME,CPME,group2 | CPME,#2240b4,p,1.1049531850824934,1.573124513984106,0.9943501800023613,0.1999999999999999,3.2999999999999994,displacement,2.1,23.70043111292641,21.435735601916537,24.061081678750213,1.4914347638611805,,,,False
group2,CPME,CPME,group2 | CPME,#2240b4,p,1.1049531850824934,1.573124513984106,0.9943501800023613,0.1999999999999999,3.2999999999999994,displacement,2.2,23.64992804857759,21.08824602379506,24.090651554914576,1.6919856349381546,,,,False
group2,CPME,CPME,group2 | CPME,#2240b4,p,1.1049531850824934,1.573124513984106,0.9943501800023613,0.1999999999999999,3.2999999999999994,displacement,2.3,23.664404347317483,21.356160180851425,23.554817091508248,1.8311191969283804,,,,False
group2,CPME,CPME,group2 | CPME,#2240b4,p,1.1049531850824934,1.573124513984106,0.9943501800023613,0.1999999999999999,3.2999999999999994,displacement,2.4,23.93205492635528,21.44116609571445,23.499803873850077,1.9625102181780776,,,,False
group2,CPME,CPME,group2 | CPME,#2240b4,p,1.1049531850824934,1.573124513984106,0.9943501800023613,0.1999999999999999,3.2999999999999994,displacement,2.5,23.457578748357264,21.1972994669415,23.676193261053307,1.761018237596626,,,,False
group2,CPME,CPME,group2 | CPME,#2240b4,p,1.1049531850824934,1.573124513984106,0.9943501800023613,0.1999999999999999,3.2999999999999994,displacement,2.6,23.718890506153,21.413669568448807,23.90670246904861,1.6000141038583575,,,,False
group2,CPME,CPME,group2 | CPME,#2240b4,p,1.1049531850824934,1.573124513984106,0.9943501800023613,0.1999999999999999,3.2999999999999994,displacement,2.7,23.52744134903239,20.891526381704555,24.087822564220733,1.7951845268366895,,,,False
group2,CPME,CPME,group2 | CPME,#2240b4,p,1.1049531850824934,1.573124513984106,0.9943501800023613,0.1999999999999999,3.2999999999999994,displacement,2.8,23.400761827770264,20.84602895833696,24.08835788437892,1.787995074228779,,,,False
group2,CPME,CPME,group2 | CPME,#2240b4,p,1.1049531850824934,1.573124513984106,0.9943501800023613,0.1999999999999999,3.2999999999999994,displacement,2.9,23.334471416202312,21.179866176234505,23.97163114887445,1.551567085596168,,,,False
group2,CPME,CPME,group2 | CPME,#2240b4,p,1.1049531850824934,1.573124513984106,0.9943501800023613,0.1999999999999999,3.2999999999999994,displacement,3.0,23.18339871630477,20.93466799083832,24.2410535184454,1.5904139650224691,,,,False
group2,CPME,CPME,group2 | CPME,#2240b4,p,1.1049531850824934,1.573124513984106,0.9943501800023613,0.1999999999999999,3.2999999999999994,displacement,3.1,23.362623485468397,20.909922072262848,24.341902260727768,1.6285178207379607,,,,False
group2,CPME,CPME,group2 | CPME,#2240b4,p,1.1049531850824934,1.573124513984106,0.9943501800023613,0.1999999999999999,3.2999999999999994,displacement,3.2,23.139981761069546,20.297217290227454,24.58872929271595,2.108343693430097,,,,False
group2,CPME,CPME,group2 | CPME,#2240b4,p,1.1049531850824934,1.573124513984106,0.9943501800023613,0.1999999999999999,3.2999999999999994,displacement,3.3,23.445402998105667,20.252695487073822,24.194419593388787,2.293947687448928,,,,False
group2,CPME,CPME,group2 | CPME,#2240b4,p,1.1049531850824934,1.573124513984106,0.9943501800023613,0.1999999999999999,3.2999999999999994,displacement,3.4,23.29883822902824,20.847797415699148,24.07160439305337,1.7635591726364708,,,,False
group2,CPME,CPME,group2 | CPME,#2240b4,p,1.1049531850824934,1.573124513984106,0.9943501800023613,0.1999999999999999,3.2999999999999994,displacement,3.5,23.5368325758212,21.308262841571032,23.939715178041105,1.5559145499810687,,,,False
group2,CPME,CPME,group2 | CPME,#2240b4,p,1.1049531850824934,1.573124513984106,0.9943501800023613,0.1999999999999999,3.2999999999999994,displacement,3.6,23.589965537024035,21.250863823920547,23.57414295225036,1.846384935515864,,,,False
group2,CPME,CPME,group2 | CPME,#2240b4,p,1.1049531850824934,1.573124513984106,0.9943501800023613,0.1999999999999999,3.2999999999999994,displacement,3.7,23.34219270122802,21.05665095671485,23.387651049977343,2.016831600701936,,,,False
group2,CPME,CPME,group2 | CPME,#2240b4,p,1.1049531850824934,1.573124513984106,0.9943501800023613,0.1999999999999999,3.2999999999999994,displacement,3.8,23.48132324820265,20.79381420384249,23.22682767231035,2.34068420536314,,,,False
group2,CPME,CPME,group2 | CPME,#2240b4,p,1.1049531850824934,1.573124513984106,0.9943501800023613,0.1999999999999999,3.2999999999999994,displacement,3.9,23.568219868762245,20.9914683446149,23.420270819916983,2.1056367090669315,,,,False
group2,CPME,CPME,group2 | CPME,#2240b4,p,1.1049531850824934,1.573124513984106,0.9943501800023613,0.1999999999999999,3.2999999999999994,displacement,4.0,23.639131796082637,21.05760368072953,23.109239149869367,2.310892631895284,,,,False
group2,CPME,CPME,group2 | CPME,#2240b4,p,1.1049531850824934,1.573124513984106,0.9943501800023613,0.1999999999999999,3.2999999999999994,displacement,4.1,24.04923509260076,21.48829095887264,23.03079702445187,2.346770249842036,,,,False
group2,CPME,CPME,group2 | CPME,#2240b4,p,1.1049531850824934,1.573124513984106,0.9943501800023613,0.1999999999999999,3.2999999999999994,displacement,4.2,24.53152567035597,21.597889452803123,22.963784029727226,2.64266751640315,,,,False
group2,CPME,CPME,group2 | CPME,#2240b4,p,1.1049531850824934,1.573124513984106,0.9943501800023613,0.1999999999999999,3.2999999999999994,displacement,4.3,24.564502652194143,21.58302621991527,22.721174947563767,2.8434161604277968,,,,False
group2,CPME,CPME,group2 | CPME,#2240b4,p,1.1049531850824934,1.573124513984106,0.9943501800023613,0.1999999999999999,3.2999999999999994,displacement,4.4,24.64620800996757,21.951635919140244,22.40481549750184,3.0606349128755097,,,,False
group2,CPME,CPME,group2 | CPME,#2240b4,p,1.1049531850824934,1.573124513984106,0.9943501800023613,0.1999999999999999,3.2999999999999994,displacement,4.5,24.414658240222757,21.43607590458523,22.79060596996908,2.7479094948323737,,,,False
group2,CPME,CPME,group2 | CPME,#2240b4,p,1.1049531850824934,1.573124513984106,0.9943501800023613,0.1999999999999999,3.2999999999999994,displacement,4.6,24.70728088197326,21.491857703405795,22.77340725368235,2.9215344451326386,,,,False
group2,CPME,CPME,group2 | CPME,#2240b4,p,1.1049531850824934,1.573124513984106,0.9943501800023613,0.1999999999999999,3.2999999999999994,displacement,4.7,24.677588431548998,21.13505288173749,22.60240163854443,3.1480247406966204,,,,False
group2,CPME,CPME,group2 | CPME,#2240b4,p,1.1049531850824934,1.573124513984106,0.9943501800023613,0.1999999999999999,3.2999999999999994,displacement,4.8,24.950760535674878,21.773789116587672,22.17407533005089,3.4526486041968574,,,,False
group2,CPME,CPME,group2 | CPME,#2240b4,p,1.1049531850824934,1.573124513984106,0.9943501800023613,0.1999999999999999,3.2999999999999994,displacement,4.9,25.068566610940035,21.797788386409515,21.850878413086583,3.772099738347976,,,,False
group2,CPME,CPME,group2 | CPME,#2240b4,p,1.1049531850824934,1.573124513984106,0.9943501800023613,0.1999999999999999,3.2999999999999994,displacement,5.0,25.153707257845777,21.93920480989003,22.09558064359416,3.616340487835615,,,,False
group2,CPME,CPME,group2 | CPME,#2240b4,p,1.1049531850824934,1.573124513984106,0.9943501800023613,0.1999999999999999,3.2999999999999994,displacement,5.1,25.183746359165823,22.119102955144555,21.69929457425344,3.927013324861126,,,,False
group2,CPME,CPME,group2 | CPME,#2240b4,p,1.1049531850824934,1.573124513984106,0.9943501800023613,0.1999999999999999,3.2999999999999994,displacement,5.2,25.03320665941842,22.12568239653124,21.50490152741171,3.9983165697632512,,,,False
group2,CPME,CPME,group2 | CPME,#2240b4,p,1.1049531850824934,1.573124513984106,0.9943501800023613,0.1999999999999999,3.2999999999999994,displacement,5.3,25.36962588631108,21.869901009780445,21.20641977384112,4.455108281355628,,,,False
group2,CPME,CPME,group2 | CPME,#2240b4,p,1.1049531850824934,1.573124513984106,0.9943501800023613,0.1999999999999999,3.2999999999999994,displacement,5.4,25.64065247920788,21.813136306507143,21.47651258651364,4.413005746970312,,,,False
group2,CPME,CPME,group2 | CPME,#2240b4,p,1.1049531850824934,1.573124513984106,0.9943501800023613,0.1999999999999999,3.2999999999999994,displacement,5.5,25.50131311446325,21.96801930956107,21.47970212875302,4.305883603203794,,,,False
group2,CPME,CPME,group2 | CPME,#2240b4,p,1.1049531850824934,1.573124513984106,0.9943501800023613,0.1999999999999999,3.2999999999999994,displacement,5.6,25.50770575313881,22.04248858817305,21.148178180757775,4.566462081839335,,,,False
group2,CPME,CPME,group2 | CPME,#2240b4,p,1.1049531850824934,1.573124513984106,0.9943501800023613,0.1999999999999999,3.2999999999999994,displacement,5.7,25.4346938128928,22.360252946583813,21.46118995836707,4.260650760695397,,,,False
group2,CPME,CPME,group2 | CPME,#2240b4,p,1.1049531850824934,1.573124513984106,0.9943501800023613,0.1999999999999999,3.2999999999999994,displacement,5.8,25.76195611808225,22.54255559604757,21.722474325206456,4.278417287580599,,,,False
group2,CPME,CPME,group2 | CPME,#2240b4,p,1.1049531850824934,1.573124513984106,0.9943501800023613,0.1999999999999999,3.2999999999999994,displacement,5.9,25.699749321115014,22.39616460356688,21.70734539365834,4.243609357072155,,,,False
group2,CPME,CPME,group2 | CPME,#2240b4,p,1.1049531850824934,1.573124513984106,0.9943501800023613,0.1999999999999999,3.2999999999999994,displacement,6.0,25.601366231061373,22.10300098514224,21.57955112976841,4.282145882444111,,,,False
group2,CPME,CPME,group2 | CPME,#2240b4,p,1.1049531850824934,1.573124513984106,0.9943501800023613,0.1999999999999999,3.2999999999999994,displacement,6.1,25.77257961284339,22.62158481787658,21.55987707659321,4.408893801084998,,,,False
group2,CPME,CPME,group2 | CPME,#2240b4,p,1.1049531850824934,1.573124513984106,0.9943501800023613,0.1999999999999999,3.2999999999999994,displacement,6.2,25.80912884366725,22.396930904399195,21.52577750203316,4.451495153076101,,,,False
group2,CPME,CPME,group2 | CPME,#2240b4,p,1.1049531850824934,1.573124513984106,0.9943501800023613,0.1999999999999999,3.2999999999999994,displacement,6.3,25.89481378913229,22.358472131582072,21.42933392376795,4.580417226910033,,,,False
group2,CPME,CPME,group2 | CPME,#2240b4,p,1.1049531850824934,1.573124513984106,0.9943501800023613,0.1999999999999999,3.2999999999999994,displacement,6.4,26.08746163952168,22.33862596911359,21.55904653190242,4.618932498469721,,,,False
group2,CPME,CPME,group2 | CPME,#2240b4,p,1.1049531850824934,1.573124513984106,0.9943501800023613,0.1999999999999999,3.2999999999999994,displacement,6.5,26.268557068378048,21.944308142887262,21.32424618534452,4.931374588545952,,,,False
group2,CPME,CPME,group2 | CPME,#2240b4,p,1.1049531850824934,1.573124513984106,0.9943501800023613,0.1999999999999999,3.2999999999999994,displacement,6.6,25.863363442663637,22.72360580562926,21.62596997869885,4.428943180429829,,,,False
group2,CPME,CPME,group2 | CPME,#2240b4,p,1.1049531850824934,1.573124513984106,0.9943501800023613,0.1999999999999999,3.2999999999999994,displacement,6.7,25.79025048254653,22.95414591073296,21.616239390488587,4.410942388812263,,,,False
group2,CPME,CPME,group2 | CPME,#2240b4,p,1.1049531850824934,1.573124513984106,0.9943501800023613,0.1999999999999999,3.2999999999999994,displacement,6.8,25.68719613599341,22.70578660972078,21.744722751947887,4.221065974054705,,,,False
group2,CPME,CPME,group2 | CPME,#2240b4,p,1.1049531850824934,1.573124513984106,0.9943501800023613,0.1999999999999999,3.2999999999999994,displacement,6.9,25.839142218598685,22.13168594929262,21.955442243815657,4.170780917508556,,,,False
group2,CPME,CPME,group2 | CPME,#2240b4,p,1.1049531850824934,1.573124513984106,0.9943501800023613,0.1999999999999999,3.2999999999999994,displacement,7.0,25.689357660170963,22.27851460310227,22.073875630496623,3.9750008489965496,,,,False
group2,CPME,CPME,group2 | CPME,#2240b4,p,1.1049531850824934,1.573124513984106,0.9943501800023613,0.1999999999999999,3.2999999999999994,displacement,7.1,25.74011343829311,22.566425198215125,22.483236450210363,3.746410308943946,,,,False
group2,CPME,CPME,group2 | CPME,#2240b4,p,1.1049531850824934,1.573124513984106,0.9943501800023613,0.1999999999999999,3.2999999999999994,displacement,7.2,25.319339631801828,22.31195893921336,21.955614926095823,3.805324505102787,,,,False
group2,CPME,CPME,group2 | CPME,#2240b4,p,1.1049531850824934,1.573124513984106,0.9943501800023613,0.1999999999999999,3.2999999999999994,displacement,7.3,25.53772181725496,22.033913329341807,22.07346961334451,3.880912205082928,,,,False
group2,CPME,CPME,group2 | CPME,#2240b4,p,1.1049531850824934,1.573124513984106,0.9943501800023613,0.1999999999999999,3.2999999999999994,displacement,7.4,25.143711159113053,22.04308845584588,22.048873693407877,3.6346741305269097,,,,False
group2,CPME,CPME,group2 | CPME,#2240b4,p,1.1049531850824934,1.573124513984106,0.9943501800023613,0.1999999999999999,3.2999999999999994,displacement,7.5,25.465893003820128,21.966950620417624,22.46133729234036,3.5690424990053784,,,,False
group2,CPME,CPME,group2 | CPME,#2240b4,p,1.1049531850824934,1.573124513984106,0.9943501800023613,0.1999999999999999,3.2999999999999994,displacement,7.6,25.419118497953125,21.96982373866468,22.16708494975665,3.737919148643636,,,,False
group2,CPME,CPME,group2 | CPME,#2240b4,p,1.1049531850824934,1.573124513984106,0.9943501800023613,0.1999999999999999,3.2999999999999994,displacement,7.7,25.594157120771,22.21317434166306,21.990139866426123,3.9685496405132112,,,,False
group2,CPME,CPME,group2 | CPME,#2240b4,p,1.1049531850824934,1.573124513984106,0.9943501800023613,0.1999999999999999,3.2999999999999994,displacement,7.8,25.78563962880781,21.91997913372422,22.1335850616903,4.02842831164313,,,,False
group2,CPME,CPME,group2 | CPME,#2240b4,p,1.1049531850824934,1.573124513984106,0.9943501800023613,0.1999999999999999,3.2999999999999994,displacement,7.9,25.93857853812461,22.301171179365557,22.239277343349237,4.049849955925867,,,,False
group2,CPME,CPME,group2 | CPME,#2240b4,p,1.1049531850824934,1.573124513984106,0.9943501800023613,0.1999999999999999,3.2999999999999994,displacement,8.0,25.742074216299702,22.44874212097268,21.78205569315515,4.218742731760288,,,,False
group2,CPME,CPME,group2 | CPME,#2240b4,p,1.1049531850824934,1.573124513984106,0.9943501800023613,0.1999999999999999,3.2999999999999994,displacement,8.1,25.587220854374596,22.15769894009949,21.84801960142144,4.069263754201816,,,,False
group2,CPME,CPME,group2 | CPME,#2240b4,p,1.1049531850824934,1.573124513984106,0.9943501800023613,0.1999999999999999,3.2999999999999994,displacement,8.2,25.68480566620485,22.108201144884514,22.163755896907603,3.917479006085753,,,,False
group2,CPME,CPME,group2 | CPME,#2240b4,p,1.1049531850824934,1.573124513984106,0.9943501800023613,0.1999999999999999,3.2999999999999994,displacement,8.3,25.872565056270098,22.13630230312732,21.55065934570393,4.48187944544774,,,,False
group2,CPME,CPME,group2 | CPME,#2240b4,p,1.1049531850824934,1.573124513984106,0.9943501800023613,0.1999999999999999,3.2999999999999994,displacement,8.4,25.69854620457489,22.0853653697327,21.624443441809987,4.313375490022454,,,,False
group2,CPME,CPME,group2 | CPME,#2240b4,p,1.1049531850824934,1.573124513984106,0.9943501800023613,0.1999999999999999,3.2999999999999994,displacement,8.5,25.418203552321486,22.142760369232253,21.4862803771074,4.236707466577336,,,,False
group2,CPME,CPME,group2 | CPME,#2240b4,p,1.1049531850824934,1.573124513984106,0.9943501800023613,0.1999999999999999,3.2999999999999994,displacement,8.6,25.286542445795543,22.12037822929202,20.930507696946258,4.617534699835888,,,,False
group2,CPME,CPME,group2 | CPME,#2240b4,p,1.1049531850824934,1.573124513984106,0.9943501800023613,0.1999999999999999,3.2999999999999994,displacement,8.7,25.372875103587123,22.46950812073313,20.840591733945907,4.73414228840188,,,,False
group2,CPME,CPME,group2 | CPME,#2240b4,p,1.1049531850824934,1.573124513984106,0.9943501800023613,0.1999999999999999,3.2999999999999994,displacement,8.8,25.30769811034484,22.78717188415376,20.87891983038652,4.684594006821836,,,,False
group2,CPME,CPME,group2 | CPME,#2240b4,p,1.1049531850824934,1.573124513984106,0.9943501800023613,0.1999999999999999,3.2999999999999994,displacement,8.9,25.357696013691605,22.47804650330347,20.55866294655025,4.966504581248684,,,,False
group2,CPME,CPME,group2 | CPME,#2240b4,p,1.1049531850824934,1.573124513984106,0.9943501800023613,0.1999999999999999,3.2999999999999994,displacement,9.0,25.464361798428868,22.432541291630905,20.494939537151552,5.075232931554171,,,,False
group2,CPME,CPME,group2 | CPME,#2240b4,p,1.1049531850824934,1.573124513984106,0.9943501800023613,0.1999999999999999,3.2999999999999994,displacement,9.1,25.254204908820856,22.50214454260234,20.601888610085037,4.877654073969883,,,,False
group2,CPME,CPME,group2 | CPME,#2240b4,p,1.1049531850824934,1.573124513984106,0.9943501800023613,0.1999999999999999,3.2999999999999994,displacement,9.2,25.40416612626693,22.59465249822033,20.369131877623357,5.157328001955016,,,,False
group2,CPME,CPME,group2 | CPME,#2240b4,p,1.1049531850824934,1.573124513984106,0.9943501800023613,0.1999999999999999,3.2999999999999994,displacement,9.3,25.23161262094472,22.52431750243309,20.35985537928544,5.078816146922455,,,,False
group2,CPME,CPME,group2 | CPME,#2240b4,p,1.1049531850824934,1.573124513984106,0.9943501800023613,0.1999999999999999,3.2999999999999994,displacement,9.4,25.6470415830542,22.534102059691197,20.35125547126863,5.295745055403115,,,,False
group2,CPME,CPME,group2 | CPME,#2240b4,p,1.1049531850824934,1.573124513984106,0.9943501800023613,0.1999999999999999,3.2999999999999994,displacement,9.5,25.625454405249577,22.35704376883131,20.51188126682323,5.146162597693559,,,,False
group2,CPME,CPME,group2 | CPME,#2240b4,p,1.1049531850824934,1.573124513984106,0.9943501800023613,0.1999999999999999,3.2999999999999994,displacement,9.6,25.8134600375907,22.384848946627976,20.94780803945432,4.898510475317721,,,,False
group2,CPME,CPME,group2 | CPME,#2240b4,p,1.1049531850824934,1.573124513984106,0.9943501800023613,0.1999999999999999,3.2999999999999994,displacement,9.7,25.90055747403681,22.62063862514704,20.459891201016596,5.349184294070722,,,,False
group2,CPME,CPME,group2 | CPME,#2240b4,p,1.1049531850824934,1.573124513984106,0.9943501800023613,0.1999999999999999,3.2999999999999994,displacement,9.8,25.82878735236896,22.86855872397767,20.442310638916343,5.340263494170032,,,,False
group2,CPME,CPME,group2 | CPME,#2240b4,p,1.1049531850824934,1.573124513984106,0.9943501800023613,0.1999999999999999,3.2999999999999994,displacement,9.9,25.530428245456395,22.26322381731509,20.57481545067322,5.042957793236937,,,,False
group2,CPME,CPME,group2 | CPME,#2240b4,p,1.1049531850824934,1.573124513984106,0.9943501800023613,0.1999999999999999,3.2999999999999994,displacement,10.0,25.726838077420812,22.253407988989963,20.8895136554275,4.89433444037442,,,,False
group2,CPME,CPME,group2 | CPME,#2240b4,p,1.1049531850824934,1.573124513984106,0.9943501800023613,0.1999999999999999,3.2999999999999994,tamsd,,,,,,0.09999999999999998,0.1920530867330867,0.12354065899441238,False
group2,CPME,CPME,group2 | CPME,#2240b4,p,1.1049531850824934,1.573124513984106,0.9943501800023613,0.1999999999999999,3.2999999999999994,tamsd,,,,,,0.19999999999999996,0.33216733247931596,0.26572594863568955,True
group2,CPME,CPME,group2 | CPME,#2240b4,p,1.1049531850824934,1.573124513984106,0.9943501800023613,0.1999999999999999,3.2999999999999994,tamsd,,,,,,0.29999999999999993,0.45120745061337814,0.4159168964049398,True
group2,CPME,CPME,group2 | CPME,#2240b4,p,1.1049531850824934,1.573124513984106,0.9943501800023613,0.1999999999999999,3.2999999999999994,tamsd,,,,,,0.3999999999999999,0.5601555101227564,0.5715549872656154,True
group2,CPME,CPME,group2 | CPME,#2240b4,p,1.1049531850824934,1.573124513984106,0.9943501800023613,0.1999999999999999,3.2999999999999994,tamsd,,,,,,0.4999999999999999,0.6928330147962541,0.7313732066276599,True
group2,CPME,CPME,group2 | CPME,#2240b4,p,1.1049531850824934,1.573124513984106,0.9943501800023613,0.1999999999999999,3.2999999999999994,tamsd,,,,,,0.5999999999999999,0.8540723031236946,0.8946035479364987,True
group2,CPME,CPME,group2 | CPME,#2240b4,p,1.1049531850824934,1.573124513984106,0.9943501800023613,0.1999999999999999,3.2999999999999994,tamsd,,,,,,0.6999999999999998,0.987331086879076,1.0607271490536418,True
group2,CPME,CPME,group2 | CPME,#2240b4,p,1.1049531850824934,1.573124513984106,0.9943501800023613,0.1999999999999999,3.2999999999999994,tamsd,,,,,,0.7999999999999998,1.140259597484492,1.229368472087269,True
group2,CPME,CPME,group2 | CPME,#2240b4,p,1.1049531850824934,1.573124513984106,0.9943501800023613,0.1999999999999999,3.2999999999999994,tamsd,,,,,,0.8999999999999998,1.293159107313234,1.4002423665470447,True
group2,CPME,CPME,group2 | CPME,#2240b4,p,1.1049531850824934,1.573124513984106,0.9943501800023613,0.1999999999999999,3.2999999999999994,tamsd,,,,,,0.9999999999999998,1.4668023077279844,1.5731245139841055,True
group2,CPME,CPME,group2 | CPME,#2240b4,p,1.1049531850824934,1.573124513984106,0.9943501800023613,0.1999999999999999,3.2999999999999994,tamsd,,,,,,1.0999999999999996,1.641696095814743,1.7478335764210298,True
group2,CPME,CPME,group2 | CPME,#2240b4,p,1.1049531850824934,1.573124513984106,0.9943501800023613,0.1999999999999999,3.2999999999999994,tamsd,,,,,,1.1999999999999997,1.8050786257196394,1.9242197537495038,True
group2,CPME,CPME,group2 | CPME,#2240b4,p,1.1049531850824934,1.573124513984106,0.9943501800023613,0.1999999999999999,3.2999999999999994,tamsd,,,,,,1.2999999999999998,1.978092719720113,2.102157099215551,True
group2,CPME,CPME,group2 | CPME,#2240b4,p,1.1049531850824934,1.573124513984106,0.9943501800023613,0.1999999999999999,3.2999999999999994,tamsd,,,,,,1.3999999999999997,2.1788049445596207,2.2815381609600913,True
group2,CPME,CPME,group2 | CPME,#2240b4,p,1.1049531850824934,1.573124513984106,0.9943501800023613,0.1999999999999999,3.2999999999999994,tamsd,,,,,,1.4999999999999996,2.383164573001881,2.46227012782944,True
group2,CPME,CPME,group2 | CPME,#2240b4,p,1.1049531850824934,1.573124513984106,0.9943501800023613,0.1999999999999999,3.2999999999999994,tamsd,,,,,,1.5999999999999996,2.624035662038533,2.6442719840354174,True
group2,CPME,CPME,group2 | CPME,#2240b4,p,1.1049531850824934,1.573124513984106,0.9943501800023613,0.1999999999999999,3.2999999999999994,tamsd,,,,,,1.6999999999999997,2.8384783512520033,2.8274723614804653,True
group2,CPME,CPME,group2 | CPME,#2240b4,p,1.1049531850824934,1.573124513984106,0.9943501800023613,0.1999999999999999,3.2999999999999994,tamsd,,,,,,1.7999999999999996,3.0585684317082373,3.0118078873727323,True
group2,CPME,CPME,group2 | CPME,#2240b4,p,1.1049531850824934,1.573124513984106,0.9943501800023613,0.1999999999999999,3.2999999999999994,tamsd,,,,,,1.8999999999999995,3.2616223533377013,3.1972218915339132,True
group2,CPME,CPME,group2 | CPME,#2240b4,p,1.1049531850824934,1.573124513984106,0.9943501800023613,0.1999999999999999,3.2999999999999994,tamsd,,,,,,1.9999999999999996,3.4485231652556907,3.3836633801620812,True
group2,CPME,CPME,group2 | CPME,#2240b4,p,1.1049531850824934,1.573124513984106,0.9943501800023613,0.1999999999999999,3.2999999999999994,tamsd,,,,,,2.0999999999999996,3.6350869901947362,3.5710862104661802,True
group2,CPME,CPME,group2 | CPME,#2240b4,p,1.1049531850824934,1.573124513984106,0.9943501800023613,0.1999999999999999,3.2999999999999994,tamsd,,,,,,2.1999999999999993,3.8188640617755536,3.759448419105442,True
group2,CPME,CPME,group2 | CPME,#2240b4,p,1.1049531850824934,1.573124513984106,0.9943501800023613,0.1999999999999999,3.2999999999999994,tamsd,,,,,,2.2999999999999994,3.994000885185875,3.948711670046216,True
group2,CPME,CPME,group2 | CPME,#2240b4,p,1.1049531850824934,1.573124513984106,0.9943501800023613,0.1999999999999999,3.2999999999999994,tamsd,,,,,,2.3999999999999995,4.172796642258246,4.138840796306146,True
group2,CPME,CPME,group2 | CPME,#2240b4,p,1.1049531850824934,1.573124513984106,0.9943501800023613,0.1999999999999999,3.2999999999999994,tamsd,,,,,,2.4999999999999996,4.322353273854376,4.329803416355575,True
group2,CPME,CPME,group2 | CPME,#2240b4,p,1.1049531850824934,1.573124513984106,0.9943501800023613,0.1999999999999999,3.2999999999999994,tamsd,,,,,,2.5999999999999996,4.528921673654779,4.521569610500186,True
group2,CPME,CPME,group2 | CPME,#2240b4,p,1.1049531850824934,1.573124513984106,0.9943501800023613,0.1999999999999999,3.2999999999999994,tamsd,,,,,,2.6999999999999993,4.725222235149529,4.714111645909996,True
group2,CPME,CPME,group2 | CPME,#2240b4,p,1.1049531850824934,1.573124513984106,0.9943501800023613,0.1999999999999999,3.2999999999999994,tamsd,,,,,,2.7999999999999994,4.9884467008837285,4.907403741444082,True
group2,CPME,CPME,group2 | CPME,#2240b4,p,1.1049531850824934,1.573124513984106,0.9943501800023613,0.1999999999999999,3.2999999999999994,tamsd,,,,,,2.8999999999999995,5.2413065522076625,5.101421865290606,True
group2,CPME,CPME,group2 | CPME,#2240b4,p,1.1049531850824934,1.573124513984106,0.9943501800023613,0.1999999999999999,3.2999999999999994,tamsd,,,,,,2.999999999999999,5.481808090694016,5.296143559865512,True
group2,CPME,CPME,group2 | CPME,#2240b4,p,1.1049531850824934,1.573124513984106,0.9943501800023613,0.1999999999999999,3.2999999999999994,tamsd,,,,,,3.099999999999999,5.77540678802347,5.491547789508738,True
group2,CPME,CPME,group2 | CPME,#2240b4,p,1.1049531850824934,1.573124513984106,0.9943501800023613,0.1999999999999999,3.2999999999999994,tamsd,,,,,,3.1999999999999993,6.056874891247423,5.687614807367738,True
group2,CPME,CPME,group2 | CPME,#2240b4,p,1.1049531850824934,1.573124513984106,0.9943501800023613,0.1999999999999999,3.2999999999999994,tamsd,,,,,,3.2999999999999994,6.384849630500027,5.884326038525182,True
group2,cyclohexane,cyclohexane,group2 | cyclohexane,#84e425,h,0.6273103828638105,0.9188545353957729,0.9714916365927797,0.1999999999999999,3.2999999999999994,displacement,0.0,22.32706467691491,21.86812621558185,24.330663686629208,0.0,,,,False
group2,cyclohexane,cyclohexane,group2 | cyclohexane,#84e425,h,0.6273103828638105,0.9188545353957729,0.9714916365927797,0.1999999999999999,3.2999999999999994,displacement,0.1,22.2046375604609,22.112134340466497,23.905851144644533,0.5049693650910412,,,,False
group2,cyclohexane,cyclohexane,group2 | cyclohexane,#84e425,h,0.6273103828638105,0.9188545353957729,0.9714916365927797,0.1999999999999999,3.2999999999999994,displacement,0.2,21.971189641671025,22.0604266277398,24.16981526310224,0.4353144892799548,,,,False
group2,cyclohexane,cyclohexane,group2 | cyclohexane,#84e425,h,0.6273103828638105,0.9188545353957729,0.9714916365927797,0.1999999999999999,3.2999999999999994,displacement,0.3,21.80547152384525,21.690288887008023,24.07750682126835,0.6064436752434325,,,,False
group2,cyclohexane,cyclohexane,group2 | cyclohexane,#84e425,h,0.6273103828638105,0.9188545353957729,0.9714916365927797,0.1999999999999999,3.2999999999999994,displacement,0.4,21.54074099682933,22.215718491783512,23.964616191719838,0.9344068112272128,,,,False
group2,cyclohexane,cyclohexane,group2 | cyclohexane,#84e425,h,0.6273103828638105,0.9188545353957729,0.9714916365927797,0.1999999999999999,3.2999999999999994,displacement,0.5,22.088084264373844,22.41602146716725,24.352668562119614,0.5981513678271428,,,,False
group2,cyclohexane,cyclohexane,group2 | cyclohexane,#84e425,h,0.6273103828638105,0.9188545353957729,0.9714916365927797,0.1999999999999999,3.2999999999999994,displacement,0.6,22.037806190235024,22.57865110594012,24.382385087463227,0.7688895858569106,,,,False
group2,cyclohexane,cyclohexane,group2 | cyclohexane,#84e425,h,0.6273103828638105,0.9188545353957729,0.9714916365927797,0.1999999999999999,3.2999999999999994,displacement,0.7,22.045932661974053,22.318984534300977,24.708488859794976,0.651966482927375,,,,False
group2,cyclohexane,cyclohexane,group2 | cyclohexane,#84e425,h,0.6273103828638105,0.9188545353957729,0.9714916365927797,0.1999999999999999,3.2999999999999994,displacement,0.8,21.73394489822618,22.33823068456036,24.796176155549176,0.8885331408255438,,,,False
group2,cyclohexane,cyclohexane,group2 | cyclohexane,#84e425,h,0.6273103828638105,0.9188545353957729,0.9714916365927797,0.1999999999999999,3.2999999999999994,displacement,0.9,21.975624296968217,22.18488091656909,25.197582970383436,0.9876198285775416,,,,False
group2,cyclohexane,cyclohexane,group2 | cyclohexane,#84e425,h,0.6273103828638105,0.9188545353957729,0.9714916365927797,0.1999999999999999,3.2999999999999994,displacement,1.0,22.387944280295585,22.32221861323051,24.81965855199822,0.6700911953363958,,,,False
group2,cyclohexane,cyclohexane,group2 | cyclohexane,#84e425,h,0.6273103828638105,0.9188545353957729,0.9714916365927797,0.1999999999999999,3.2999999999999994,displacement,1.1,22.14274954629059,22.677325775351125,24.31327936289975,0.8301073482504454,,,,False
group2,cyclohexane,cyclohexane,group2 | cyclohexane,#84e425,h,0.6273103828638105,0.9188545353957729,0.9714916365927797,0.1999999999999999,3.2999999999999994,displacement,1.2,21.930942796824787,22.42242137081639,24.993792916284296,0.9507344730394354,,,,False
group2,cyclohexane,cyclohexane,group2 | cyclohexane,#84e425,h,0.6273103828638105,0.9188545353957729,0.9714916365927797,0.1999999999999999,3.2999999999999994,displacement,1.3,21.93859342314858,22.008603320885776,24.967122440344863,0.7587644412455308,,,,False
group2,cyclohexane,cyclohexane,group2 | cyclohexane,#84e425,h,0.6273103828638105,0.9188545353957729,0.9714916365927797,0.1999999999999999,3.2999999999999994,displacement,1.4,22.17645905139415,22.22550162198691,24.807939986435805,0.614973090385882,,,,False
group2,cyclohexane,cyclohexane,group2 | cyclohexane,#84e425,h,0.6273103828638105,0.9188545353957729,0.9714916365927797,0.1999999999999999,3.2999999999999994,displacement,1.5,21.996531933751506,21.7784572669319,25.033971198921904,0.7822620222805503,,,,False
group2,cyclohexane,cyclohexane,group2 | cyclohexane,#84e425,h,0.6273103828638105,0.9188545353957729,0.9714916365927797,0.1999999999999999,3.2999999999999994,displacement,1.6,21.926281951938247,21.72565792129378,24.789139636538284,0.62539923581829,,,,False
group2,cyclohexane,cyclohexane,group2 | cyclohexane,#84e425,h,0.6273103828638105,0.9188545353957729,0.9714916365927797,0.1999999999999999,3.2999999999999994,displacement,1.7,21.69743181927739,21.581142758708367,24.881939925127945,0.884704770569911,,,,False
group2,cyclohexane,cyclohexane,group2 | cyclohexane,#84e425,h,0.6273103828638105,0.9188545353957729,0.9714916365927797,0.1999999999999999,3.2999999999999994,displacement,1.8,21.83148483798492,21.4321457134822,24.36245044332628,0.6608243131621733,,,,False
group2,cyclohexane,cyclohexane,group2 | cyclohexane,#84e425,h,0.6273103828638105,0.9188545353957729,0.9714916365927797,0.1999999999999999,3.2999999999999994,displacement,1.9,21.785510767251345,21.76504811801755,24.614988390514608,0.6202791859387906,,,,False
group2,cyclohexane,cyclohexane,group2 | cyclohexane,#84e425,h,0.6273103828638105,0.9188545353957729,0.9714916365927797,0.1999999999999999,3.2999999999999994,displacement,2.0,21.97257330033625,22.02948802233846,24.72194227042214,0.552087582620181,,,,False
group2,cyclohexane,cyclohexane,group2 | cyclohexane,#84e425,h,0.6273103828638105,0.9188545353957729,0.9714916365927797,0.1999999999999999,3.2999999999999994,displacement,2.1,22.03418287055508,21.9553851291468,24.70870253060016,0.4861144289609436,,,,False
group2,cyclohexane,cyclohexane,group2 | cyclohexane,#84e425,h,0.6273103828638105,0.9188545353957729,0.9714916365927797,0.1999999999999999,3.2999999999999994,displacement,2.2,21.858918118896288,21.967218314217597,24.88835285626603,0.7348453263966039,,,,False
group2,cyclohexane,cyclohexane,group2 | cyclohexane,#84e425,h,0.6273103828638105,0.9188545353957729,0.9714916365927797,0.1999999999999999,3.2999999999999994,displacement,2.3,22.328543671824143,22.323760354303648,25.072688843246397,0.8707502448161916,,,,False
group2,cyclohexane,cyclohexane,group2 | cyclohexane,#84e425,h,0.6273103828638105,0.9188545353957729,0.9714916365927797,0.1999999999999999,3.2999999999999994,displacement,2.4,21.920549938684765,21.92299771368241,24.92884700822709,0.7253195157584008,,,,False
group2,cyclohexane,cyclohexane,group2 | cyclohexane,#84e425,h,0.6273103828638105,0.9188545353957729,0.9714916365927797,0.1999999999999999,3.2999999999999994,displacement,2.5,22.007018095697383,21.84685967954044,25.427258089448365,1.1425416246240354,,,,False
group2,cyclohexane,cyclohexane,group2 | cyclohexane,#84e425,h,0.6273103828638105,0.9188545353957729,0.9714916365927797,0.1999999999999999,3.2999999999999994,displacement,2.6,22.132537022239127,22.03075060822557,25.24770437564985,0.9514469648045836,,,,False
group2,cyclohexane,cyclohexane,group2 | cyclohexane,#84e425,h,0.6273103828638105,0.9188545353957729,0.9714916365927797,0.1999999999999999,3.2999999999999994,displacement,2.7,21.8707837696886,21.88785323513504,25.06593312049956,0.8655648802855526,,,,False
group2,cyclohexane,cyclohexane,group2 | cyclohexane,#84e425,h,0.6273103828638105,0.9188545353957729,0.9714916365927797,0.1999999999999999,3.2999999999999994,displacement,2.8,21.890396825779707,21.70399566163125,25.527290929249784,1.2843420139265431,,,,False
group2,cyclohexane,cyclohexane,group2 | cyclohexane,#84e425,h,0.6273103828638105,0.9188545353957729,0.9714916365927797,0.1999999999999999,3.2999999999999994,displacement,2.9,22.37904927967702,22.03227525819047,25.608829811343732,1.2897115760825808,,,,False
group2,cyclohexane,cyclohexane,group2 | cyclohexane,#84e425,h,0.6273103828638105,0.9188545353957729,0.9714916365927797,0.1999999999999999,3.2999999999999994,displacement,3.0,22.25097246140974,22.055685010175964,25.99780770138269,1.6793860463331365,,,,False
group2,cyclohexane,cyclohexane,group2 | cyclohexane,#84e425,h,0.6273103828638105,0.9188545353957729,0.9714916365927797,0.1999999999999999,3.2999999999999994,displacement,3.1,22.00285269953205,22.41954504747233,25.722213545565783,1.531530980538222,,,,False
group2,cyclohexane,cyclohexane,group2 | cyclohexane,#84e425,h,0.6273103828638105,0.9188545353957729,0.9714916365927797,0.1999999999999999,3.2999999999999994,displacement,3.2,21.72338088172774,22.056982852671567,25.97216809427185,1.7591582288852423,,,,False
group2,cyclohexane,cyclohexane,group2 | cyclohexane,#84e425,h,0.6273103828638105,0.9188545353957729,0.9714916365927797,0.1999999999999999,3.2999999999999994,displacement,3.3,22.00068701947169,22.23602960055327,25.91889625495009,1.6626358491944968,,,,False
group2,cyclohexane,cyclohexane,group2 | cyclohexane,#84e425,h,0.6273103828638105,0.9188545353957729,0.9714916365927797,0.1999999999999999,3.2999999999999994,displacement,3.4,22.16050692406806,22.288152244277548,25.47840436348148,1.2334796354689366,,,,False
group2,cyclohexane,cyclohexane,group2 | cyclohexane,#84e425,h,0.6273103828638105,0.9188545353957729,0.9714916365927797,0.1999999999999999,3.2999999999999994,displacement,3.5,22.141840884605344,22.180537265548026,25.342873644140923,1.0753964457186818,,,,False
group2,cyclohexane,cyclohexane,group2 | cyclohexane,#84e425,h,0.6273103828638105,0.9188545353957729,0.9714916365927797,0.1999999999999999,3.2999999999999994,displacement,3.6,22.141005961721685,22.03630263246766,25.56425284959632,1.2588261896250017,,,,False
group2,cyclohexane,cyclohexane,group2 | cyclohexane,#84e425,h,0.6273103828638105,0.9188545353957729,0.9714916365927797,0.1999999999999999,3.2999999999999994,displacement,3.7,21.82860166230341,22.23024102621259,25.514649695734704,1.33469673812866,,,,False
group2,cyclohexane,cyclohexane,group2 | cyclohexane,#84e425,h,0.6273103828638105,0.9188545353957729,0.9714916365927797,0.1999999999999999,3.2999999999999994,displacement,3.8,21.84745703566556,22.129283249984937,25.3190265908491,1.1291978199593569,,,,False
group2,cyclohexane,cyclohexane,group2 | cyclohexane,#84e425,h,0.6273103828638105,0.9188545353957729,0.9714916365927797,0.1999999999999999,3.2999999999999994,displacement,3.9,21.795710356877414,22.30132500285644,25.04933164660198,0.9932181227757132,,,,False
group2,cyclohexane,cyclohexane,group2 | cyclohexane,#84e425,h,0.6273103828638105,0.9188545353957729,0.9714916365927797,0.1999999999999999,3.2999999999999994,displacement,4.0,21.802021509951235,22.490804497090416,25.35748251709417,1.3106317102966556,,,,False
group2,cyclohexane,cyclohexane,group2 | cyclohexane,#84e425,h,0.6273103828638105,0.9188545353957729,0.9714916365927797,0.1999999999999999,3.2999999999999994,displacement,4.1,21.57244460920768,22.10854592949738,25.239388016296942,1.2054181816928806,,,,False
group2,cyclohexane,cyclohexane,group2 | cyclohexane,#84e425,h,0.6273103828638105,0.9188545353957729,0.9714916365927797,0.1999999999999999,3.2999999999999994,displacement,4.2,21.82258718644057,21.98419533654859,25.276815005413752,1.0785044725336157,,,,False
group2,cyclohexane,cyclohexane,group2 | cyclohexane,#84e425,h,0.6273103828638105,0.9188545353957729,0.9714916365927797,0.1999999999999999,3.2999999999999994,displacement,4.3,21.515541585422515,22.020178167321347,25.02817008523497,1.08083518639483,,,,False
group2,cyclohexane,cyclohexane,group2 | cyclohexane,#84e425,h,0.6273103828638105,0.9188545353957729,0.9714916365927797,0.1999999999999999,3.2999999999999994,displacement,4.4,21.51298069392491,21.607559646665724,25.31599665754361,1.304418924950336,,,,False
group2,cyclohexane,cyclohexane,group2 | cyclohexane,#84e425,h,0.6273103828638105,0.9188545353957729,0.9714916365927797,0.1999999999999999,3.2999999999999994,displacement,4.5,21.14559524764656,21.75770971567712,25.75522229487889,1.8540304862879613,,,,False
group2,cyclohexane,cyclohexane,group2 | cyclohexane,#84e425,h,0.6273103828638105,0.9188545353957729,0.9714916365927797,0.1999999999999999,3.2999999999999994,displacement,4.6,21.21721062146393,22.00572179089215,25.907758439230253,1.933374362462613,,,,False
group2,cyclohexane,cyclohexane,group2 | cyclohexane,#84e425,h,0.6273103828638105,0.9188545353957729,0.9714916365927797,0.1999999999999999,3.2999999999999994,displacement,4.7,21.185808789225977,21.89988068520365,26.25085835018423,2.233969761091409,,,,False
group2,cyclohexane,cyclohexane,group2 | cyclohexane,#84e425,h,0.6273103828638105,0.9188545353957729,0.9714916365927797,0.1999999999999999,3.2999999999999994,displacement,4.8,21.465447999442357,21.915337967097276,26.21020538346384,2.0681608347805094,,,,False
group2,cyclohexane,cyclohexane,group2 | cyclohexane,#84e425,h,0.6273103828638105,0.9188545353957729,0.9714916365927797,0.1999999999999999,3.2999999999999994,displacement,4.9,21.43305425616792,22.24010710960685,26.77753122183242,2.631498651482704,,,,False
group2,cyclohexane,cyclohexane,group2 | cyclohexane,#84e425,h,0.6273103828638105,0.9188545353957729,0.9714916365927797,0.1999999999999999,3.2999999999999994,displacement,5.0,21.513027458266677,22.01172445839412,26.8951067099371,2.6943728525346766,,,,False
group2,cyclohexane,cyclohexane,group2 | cyclohexane,#84e425,h,0.6273103828638105,0.9188545353957729,0.9714916365927797,0.1999999999999999,3.2999999999999994,displacement,5.1,21.96966492959553,21.975771681185783,26.953466494983104,2.6492294534747507,,,,False
group2,cyclohexane,cyclohexane,group2 | cyclohexane,#84e425,h,0.6273103828638105,0.9188545353957729,0.9714916365927797,0.1999999999999999,3.2999999999999994,displacement,5.2,21.35874477487036,21.987763788071238,27.013638291269288,2.854874657597128,,,,False
group2,cyclohexane,cyclohexane,group2 | cyclohexane,#84e425,h,0.6273103828638105,0.9188545353957729,0.9714916365927797,0.1999999999999999,3.2999999999999994,displacement,5.3,21.002421208315475,22.10870302793388,26.571978628703267,2.61458413349218,,,,False
group2,cyclohexane,cyclohexane,group2 | cyclohexane,#84e425,h,0.6273103828638105,0.9188545353957729,0.9714916365927797,0.1999999999999999,3.2999999999999994,displacement,5.4,21.06256039359678,22.231800774664286,26.57163809507853,2.5986913181019595,,,,False
group2,cyclohexane,cyclohexane,group2 | cyclohexane,#84e425,h,0.6273103828638105,0.9188545353957729,0.9714916365927797,0.1999999999999999,3.2999999999999994,displacement,5.5,21.07535423918264,22.58769452151407,25.86867590363106,2.1095115895574144,,,,False
group2,cyclohexane,cyclohexane,group2 | cyclohexane,#84e425,h,0.6273103828638105,0.9188545353957729,0.9714916365927797,0.1999999999999999,3.2999999999999994,displacement,5.6,20.909754692905388,22.705857475885,25.70735367208911,2.1461212853256377,,,,False
group2,cyclohexane,cyclohexane,group2 | cyclohexane,#84e425,h,0.6273103828638105,0.9188545353957729,0.9714916365927797,0.1999999999999999,3.2999999999999994,displacement,5.7,20.83858877662524,22.684466113571517,25.70237616934577,2.1825596143137465,,,,False
group2,cyclohexane,cyclohexane,group2 | cyclohexane,#84e425,h,0.6273103828638105,0.9188545353957729,0.9714916365927797,0.1999999999999999,3.2999999999999994,displacement,5.8,20.78707978247141,22.704062768302386,25.681107693035315,2.2122482703635744,,,,False
group2,cyclohexane,cyclohexane,group2 | cyclohexane,#84e425,h,0.6273103828638105,0.9188545353957729,0.9714916365927797,0.1999999999999999,3.2999999999999994,displacement,5.9,20.91378067057285,22.6009240025036,25.889628373771703,2.228168569668143,,,,False
group2,cyclohexane,cyclohexane,group2 | cyclohexane,#84e425,h,0.6273103828638105,0.9188545353957729,0.9714916365927797,0.1999999999999999,3.2999999999999994,displacement,6.0,20.929572242118027,22.649122757193748,25.512917273486647,1.99014176554374,,,,False
group2,cyclohexane,cyclohexane,group2 | cyclohexane,#84e425,h,0.6273103828638105,0.9188545353957729,0.9714916365927797,0.1999999999999999,3.2999999999999994,displacement,6.1,21.138234592658964,22.63121198991739,26.106760975341015,2.269391646938607,,,,False
group2,cyclohexane,cyclohexane,group2 | cyclohexane,#84e425,h,0.6273103828638105,0.9188545353957729,0.9714916365927797,0.1999999999999999,3.2999999999999994,displacement,6.2,21.349287358053846,22.27935086049203,26.256827386933185,2.198922643984856,,,,False
group2,cyclohexane,cyclohexane,group2 | cyclohexane,#84e425,h,0.6273103828638105,0.9188545353957729,0.9714916365927797,0.1999999999999999,3.2999999999999994,displacement,6.3,21.31154851200131,22.24654879630256,26.38134568837,2.3194338539962214,,,,False
group2,cyclohexane,cyclohexane,group2 | cyclohexane,#84e425,h,0.6273103828638105,0.9188545353957729,0.9714916365927797,0.1999999999999999,3.2999999999999994,displacement,6.4,21.605132072158717,22.02120947172793,26.501572016117684,2.292916078744445,,,,False
group2,cyclohexane,cyclohexane,group2 | cyclohexane,#84e425,h,0.6273103828638105,0.9188545353957729,0.9714916365927797,0.1999999999999999,3.2999999999999994,displacement,6.5,21.577030594369525,22.22627323445234,26.026083949396057,1.8881923311744309,,,,False
group2,cyclohexane,cyclohexane,group2 | cyclohexane,#84e425,h,0.6273103828638105,0.9188545353957729,0.9714916365927797,0.1999999999999999,3.2999999999999994,displacement,6.6,21.4364862750165,22.154411480373376,25.66070963291705,1.6260723729285271,,,,False
group2,cyclohexane,cyclohexane,group2 | cyclohexane,#84e425,h,0.6273103828638105,0.9188545353957729,0.9714916365927797,0.1999999999999999,3.2999999999999994,displacement,6.7,21.81629755836137,22.26371020013285,25.65836776006692,1.4765391443682854,,,,False
group2,cyclohexane,cyclohexane,group2 | cyclohexane,#84e425,h,0.6273103828638105,0.9188545353957729,0.9714916365927797,0.1999999999999999,3.2999999999999994,displacement,6.8,21.492102490007916,22.456304487329582,25.72997695198596,1.732395205351262,,,,False
group2,cyclohexane,cyclohexane,group2 | cyclohexane,#84e425,h,0.6273103828638105,0.9188545353957729,0.9714916365927797,0.1999999999999999,3.2999999999999994,displacement,6.9,21.83612940484698,22.181162582234474,25.451947176217395,1.263442073159888,,,,False
group2,cyclohexane,cyclohexane,group2 | cyclohexane,#84e425,h,0.6273103828638105,0.9188545353957729,0.9714916365927797,0.1999999999999999,3.2999999999999994,displacement,7.0,21.572662068620065,22.458586368743717,25.078863405308287,1.2155530868314457,,,,False
group2,cyclohexane,cyclohexane,group2 | cyclohexane,#84e425,h,0.6273103828638105,0.9188545353957729,0.9714916365927797,0.1999999999999999,3.2999999999999994,displacement,7.1,21.628219691294976,22.58272650437705,25.251519787871228,1.3590488754518613,,,,False
group2,cyclohexane,cyclohexane,group2 | cyclohexane,#84e425,h,0.6273103828638105,0.9188545353957729,0.9714916365927797,0.1999999999999999,3.2999999999999994,displacement,7.2,21.78251563596489,22.51053995475738,25.279056366430503,1.2683366057091334,,,,False
group2,cyclohexane,cyclohexane,group2 | cyclohexane,#84e425,h,0.6273103828638105,0.9188545353957729,0.9714916365927797,0.1999999999999999,3.2999999999999994,displacement,7.3,21.556444708892176,22.64325251051813,25.25117561735637,1.428991995368788,,,,False
group2,cyclohexane,cyclohexane,group2 | cyclohexane,#84e425,h,0.6273103828638105,0.9188545353957729,0.9714916365927797,0.1999999999999999,3.2999999999999994,displacement,7.4,21.54645291940509,22.80175138536872,25.626812459380208,1.7779235964253526,,,,False
group2,cyclohexane,cyclohexane,group2 | cyclohexane,#84e425,h,0.6273103828638105,0.9188545353957729,0.9714916365927797,0.1999999999999999,3.2999999999999994,displacement,7.5,21.637749097280917,23.133700361990694,25.22819189034245,1.6977605145736474,,,,False
group2,cyclohexane,cyclohexane,group2 | cyclohexane,#84e425,h,0.6273103828638105,0.9188545353957729,0.9714916365927797,0.1999999999999999,3.2999999999999994,displacement,7.6,21.03311729542779,23.22257049229579,24.900270483300545,1.9578741092303975,,,,False
group2,cyclohexane,cyclohexane,group2 | cyclohexane,#84e425,h,0.6273103828638105,0.9188545353957729,0.9714916365927797,0.1999999999999999,3.2999999999999994,displacement,7.7,21.302456631445995,23.621051924241588,25.35202594932939,2.2728288669822745,,,,False
group2,cyclohexane,cyclohexane,group2 | cyclohexane,#84e425,h,0.6273103828638105,0.9188545353957729,0.9714916365927797,0.1999999999999999,3.2999999999999994,displacement,7.8,21.5459122207332,23.58375039837784,25.496038600190285,2.216227467014753,,,,False
group2,cyclohexane,cyclohexane,group2 | cyclohexane,#84e425,h,0.6273103828638105,0.9188545353957729,0.9714916365927797,0.1999999999999999,3.2999999999999994,displacement,7.9,21.468971454633262,23.6225074916095,25.502464788974677,2.2775634926956863,,,,False
group2,cyclohexane,cyclohexane,group2 | cyclohexane,#84e425,h,0.6273103828638105,0.9188545353957729,0.9714916365927797,0.1999999999999999,3.2999999999999994,displacement,8.0,21.51319173269896,23.58574258409902,25.2539615474079,2.1130721943282915,,,,False
group2,cyclohexane,cyclohexane,group2 | cyclohexane,#84e425,h,0.6273103828638105,0.9188545353957729,0.9714916365927797,0.1999999999999999,3.2999999999999994,displacement,8.1,21.472464066389517,23.42910955118835,25.275415765644347,2.0148368838084685,,,,False
group2,cyclohexane,cyclohexane,group2 | cyclohexane,#84e425,h,0.6273103828638105,0.9188545353957729,0.9714916365927797,0.1999999999999999,3.2999999999999994,displacement,8.2,21.787446390978182,23.18828876402164,25.52283540931774,1.8588411619066572,,,,False
group2,cyclohexane,cyclohexane,group2 | cyclohexane,#84e425,h,0.6273103828638105,0.9188545353957729,0.9714916365927797,0.1999999999999999,3.2999999999999994,displacement,8.3,21.679966681537465,23.38943149982094,25.373070699593185,1.9544098761907076,,,,False
group2,cyclohexane,cyclohexane,group2 | cyclohexane,#84e425,h,0.6273103828638105,0.9188545353957729,0.9714916365927797,0.1999999999999999,3.2999999999999994,displacement,8.4,21.277651900304495,23.64192840830529,25.129000291436224,2.210199703465384,,,,False
group2,cyclohexane,cyclohexane,group2 | cyclohexane,#84e425,h,0.6273103828638105,0.9188545353957729,0.9714916365927797,0.1999999999999999,3.2999999999999994,displacement,8.5,21.5952862658238,23.886788320779736,25.10283857731429,2.281830493201792,,,,False
group2,cyclohexane,cyclohexane,group2 | cyclohexane,#84e425,h,0.6273103828638105,0.9188545353957729,0.9714916365927797,0.1999999999999999,3.2999999999999994,displacement,8.6,21.4515581392894,23.31446766203499,25.217847220694768,1.9093218430296777,,,,False
group2,cyclohexane,cyclohexane,group2 | cyclohexane,#84e425,h,0.6273103828638105,0.9188545353957729,0.9714916365927797,0.1999999999999999,3.2999999999999994,displacement,8.7,21.47184671888862,23.656926115256947,25.36966159240968,2.238463643891612,,,,False
group2,cyclohexane,cyclohexane,group2 | cyclohexane,#84e425,h,0.6273103828638105,0.9188545353957729,0.9714916365927797,0.1999999999999999,3.2999999999999994,displacement,8.8,21.408296634619884,23.339864598196293,25.67288483044154,2.193560161313136,,,,False
group2,cyclohexane,cyclohexane,group2 | cyclohexane,#84e425,h,0.6273103828638105,0.9188545353957729,0.9714916365927797,0.1999999999999999,3.2999999999999994,displacement,8.9,21.745413461816646,22.98482848511221,25.39831860266669,1.6508267972560198,,,,False
group2,cyclohexane,cyclohexane,group2 | cyclohexane,#84e425,h,0.6273103828638105,0.9188545353957729,0.9714916365927797,0.1999999999999999,3.2999999999999994,displacement,9.0,21.73640717058807,22.93168942321188,25.025554022436168,1.401040886342164,,,,False
group2,cyclohexane,cyclohexane,group2 | cyclohexane,#84e425,h,0.6273103828638105,0.9188545353957729,0.9714916365927797,0.1999999999999999,3.2999999999999994,displacement,9.1,21.546335715510164,22.92635543595997,25.34275977402904,1.6594352304830289,,,,False
group2,cyclohexane,cyclohexane,group2 | cyclohexane,#84e425,h,0.6273103828638105,0.9188545353957729,0.9714916365927797,0.1999999999999999,3.2999999999999994,displacement,9.2,21.68458603022619,22.85273944827153,25.215260662527072,1.4713102457354983,,,,False
group2,cyclohexane,cyclohexane,group2 | cyclohexane,#84e425,h,0.6273103828638105,0.9188545353957729,0.9714916365927797,0.1999999999999999,3.2999999999999994,displacement,9.3,21.783925334193416,22.822666715208843,25.35866609525065,1.5043061068717336,,,,False
group2,cyclohexane,cyclohexane,group2 | cyclohexane,#84e425,h,0.6273103828638105,0.9188545353957729,0.9714916365927797,0.1999999999999999,3.2999999999999994,displacement,9.4,21.9514781774101,23.05978127349204,25.28223597230804,1.5705402925507073,,,,False
group2,cyclohexane,cyclohexane,group2 | cyclohexane,#84e425,h,0.6273103828638105,0.9188545353957729,0.9714916365927797,0.1999999999999999,3.2999999999999994,displacement,9.5,22.01313213156208,22.700097492362023,25.270626358969157,1.293931865984989,,,,False
group2,cyclohexane,cyclohexane,group2 | cyclohexane,#84e425,h,0.6273103828638105,0.9188545353957729,0.9714916365927797,0.1999999999999999,3.2999999999999994,displacement,9.6,22.286972510558744,23.292249775626708,25.053605943988607,1.5976172268581377,,,,False
group2,cyclohexane,cyclohexane,group2 | cyclohexane,#84e425,h,0.6273103828638105,0.9188545353957729,0.9714916365927797,0.1999999999999999,3.2999999999999994,displacement,9.7,22.468859174461976,22.851311665486065,25.02062523985925,1.2094652758031534,,,,False
group2,cyclohexane,cyclohexane,group2 | cyclohexane,#84e425,h,0.6273103828638105,0.9188545353957729,0.9714916365927797,0.1999999999999999,3.2999999999999994,displacement,9.8,22.540798968557223,22.9868395168184,24.843369669027105,1.2490273104196004,,,,False
group2,cyclohexane,cyclohexane,group2 | cyclohexane,#84e425,h,0.6273103828638105,0.9188545353957729,0.9714916365927797,0.1999999999999999,3.2999999999999994,displacement,9.9,22.14132481667524,22.838776601265543,25.186829043004888,1.307547545738838,,,,False
group2,cyclohexane,cyclohexane,group2 | cyclohexane,#84e425,h,0.6273103828638105,0.9188545353957729,0.9714916365927797,0.1999999999999999,3.2999999999999994,displacement,10.0,21.75108830184332,22.76628605382252,25.41432273135926,1.520775067159629,,,,False
group2,cyclohexane,cyclohexane,group2 | cyclohexane,#84e425,h,0.6273103828638105,0.9188545353957729,0.9714916365927797,0.1999999999999999,3.2999999999999994,tamsd,,,,,,0.09999999999999998,0.19111957896502868,0.21673865823611668,False
group2,cyclohexane,cyclohexane,group2 | cyclohexane,#84e425,h,0.6273103828638105,0.9188545353957729,0.9714916365927797,0.1999999999999999,3.2999999999999994,tamsd,,,,,,0.19999999999999996,0.30720355437871233,0.33479242437102574,True
group2,cyclohexane,cyclohexane,group2 | cyclohexane,#84e425,h,0.6273103828638105,0.9188545353957729,0.9714916365927797,0.1999999999999999,3.2999999999999994,tamsd,,,,,,0.29999999999999993,0.40398471311750417,0.43175710934517164,True
group2,cyclohexane,cyclohexane,group2 | cyclohexane,#84e425,h,0.6273103828638105,0.9188545353957729,0.9714916365927797,0.1999999999999999,3.2999999999999994,tamsd,,,,,,0.3999999999999999,0.5242186948528754,0.5171480174714458,True
group2,cyclohexane,cyclohexane,group2 | cyclohexane,#84e425,h,0.6273103828638105,0.9188545353957729,0.9714916365927797,0.1999999999999999,3.2999999999999994,tamsd,,,,,,0.4999999999999999,0.6250935428710555,0.5948500761031124,True
group2,cyclohexane,cyclohexane,group2 | cyclohexane,#84e425,h,0.6273103828638105,0.9188545353957729,0.9714916365927797,0.1999999999999999,3.2999999999999994,tamsd,,,,,,0.5999999999999999,0.7469004576009366,0.6669276748018959,True
group2,cyclohexane,cyclohexane,group2 | cyclohexane,#84e425,h,0.6273103828638105,0.9188545353957729,0.9714916365927797,0.1999999999999999,3.2999999999999994,tamsd,,,,,,0.6999999999999998,0.82212767174844,0.7346409881882897,True
group2,cyclohexane,cyclohexane,group2 | cyclohexane,#84e425,h,0.6273103828638105,0.9188545353957729,0.9714916365927797,0.1999999999999999,3.2999999999999994,tamsd,,,,,,0.7999999999999998,0.8933678467305911,0.7988295209399975,True
group2,cyclohexane,cyclohexane,group2 | cyclohexane,#84e425,h,0.6273103828638105,0.9188545353957729,0.9714916365927797,0.1999999999999999,3.2999999999999994,tamsd,,,,,,0.8999999999999998,0.94045936676612,0.86008745734237,True
group2,cyclohexane,cyclohexane,group2 | cyclohexane,#84e425,h,0.6273103828638105,0.9188545353957729,0.9714916365927797,0.1999999999999999,3.2999999999999994,tamsd,,,,,,0.9999999999999998,0.9752254589445569,0.9188545353957728,True
group2,cyclohexane,cyclohexane,group2 | cyclohexane,#84e425,h,0.6273103828638105,0.9188545353957729,0.9714916365927797,0.1999999999999999,3.2999999999999994,tamsd,,,,,,1.0999999999999996,1.0372859539504524,0.975467545067556,True
group2,cyclohexane,cyclohexane,group2 | cyclohexane,#84e425,h,0.6273103828638105,0.9188545353957729,0.9714916365927797,0.1999999999999999,3.2999999999999994,tamsd,,,,,,1.1999999999999997,1.0675877397342866,1.0301915447119379,True
group2,cyclohexane,cyclohexane,group2 | cyclohexane,#84e425,h,0.6273103828638105,0.9188545353957729,0.9714916365927797,0.1999999999999999,3.2999999999999994,tamsd,,,,,,1.2999999999999998,1.063979839570408,1.0832398073696365,True
group2,cyclohexane,cyclohexane,group2 | cyclohexane,#84e425,h,0.6273103828638105,0.9188545353957729,0.9714916365927797,0.1999999999999999,3.2999999999999994,tamsd,,,,,,1.3999999999999997,1.0771647458655467,1.1347871186410199,True
group2,cyclohexane,cyclohexane,group2 | cyclohexane,#84e425,h,0.6273103828638105,0.9188545353957729,0.9714916365927797,0.1999999999999999,3.2999999999999994,tamsd,,,,,,1.4999999999999996,1.081773956031943,1.1849789578019896,True
group2,cyclohexane,cyclohexane,group2 | cyclohexane,#84e425,h,0.6273103828638105,0.9188545353957729,0.9714916365927797,0.1999999999999999,3.2999999999999994,tamsd,,,,,,1.5999999999999996,1.094260984889875,1.2339380254135073,True
group2,cyclohexane,cyclohexane,group2 | cyclohexane,#84e425,h,0.6273103828638105,0.9188545353957729,0.9714916365927797,0.1999999999999999,3.2999999999999994,tamsd,,,,,,1.6999999999999997,1.1278972065272501,1.2817690017584624,True
group2,cyclohexane,cyclohexane,group2 | cyclohexane,#84e425,h,0.6273103828638105,0.9188545353957729,0.9714916365927797,0.1999999999999999,3.2999999999999994,tamsd,,,,,,1.7999999999999996,1.1829554556562554,1.3285620911294356,True
group2,cyclohexane,cyclohexane,group2 | cyclohexane,#84e425,h,0.6273103828638105,0.9188545353957729,0.9714916365927797,0.1999999999999999,3.2999999999999994,tamsd,,,,,,1.8999999999999995,1.2328351462762812,1.3743957117751135,True
group2,cyclohexane,cyclohexane,group2 | cyclohexane,#84e425,h,0.6273103828638105,0.9188545353957729,0.9714916365927797,0.1999999999999999,3.2999999999999994,tamsd,,,,,,1.9999999999999996,1.2797005773717551,1.4193385714067388,True
group2,cyclohexane,cyclohexane,group2 | cyclohexane,#84e425,h,0.6273103828638105,0.9188545353957729,0.9714916365927797,0.1999999999999999,3.2999999999999994,tamsd,,,,,,2.0999999999999996,1.3530404675109415,1.4634512922060776,True
group2,cyclohexane,cyclohexane,group2 | cyclohexane,#84e425,h,0.6273103828638105,0.9188545353957729,0.9714916365927797,0.1999999999999999,3.2999999999999994,tamsd,,,,,,2.1999999999999993,1.4406576493712062,1.5067876998326812,True
group2,cyclohexane,cyclohexane,group2 | cyclohexane,#84e425,h,0.6273103828638105,0.9188545353957729,0.9714916365927797,0.1999999999999999,3.2999999999999994,tamsd,,,,,,2.2999999999999994,1.4875145689686635,1.5493958579613267,True
group2,cyclohexane,cyclohexane,group2 | cyclohexane,#84e425,h,0.6273103828638105,0.9188545353957729,0.9714916365927797,0.1999999999999999,3.2999999999999994,tamsd,,,,,,2.3999999999999995,1.5469613606366355,1.5913189074230802,True
group2,cyclohexane,cyclohexane,group2 | cyclohexane,#84e425,h,0.6273103828638105,0.9188545353957729,0.9714916365927797,0.1999999999999999,3.2999999999999994,tamsd,,,,,,2.4999999999999996,1.6077724348383429,1.6325957534275937,True
group2,cyclohexane,cyclohexane,group2 | cyclohexane,#84e425,h,0.6273103828638105,0.9188545353957729,0.9714916365927797,0.1999999999999999,3.2999999999999994,tamsd,,,,,,2.5999999999999996,1.67366590850866,1.6732616333233852,True
group2,cyclohexane,cyclohexane,group2 | cyclohexane,#84e425,h,0.6273103828638105,0.9188545353957729,0.9714916365927797,0.1999999999999999,3.2999999999999994,tamsd,,,,,,2.6999999999999993,1.7481898273788063,1.7133485894409761,True
group2,cyclohexane,cyclohexane,group2 | cyclohexane,#84e425,h,0.6273103828638105,0.9188545353957729,0.9714916365927797,0.1999999999999999,3.2999999999999994,tamsd,,,,,,2.7999999999999994,1.8050132895121294,1.752885865801348,True
group2,cyclohexane,cyclohexane,group2 | cyclohexane,#84e425,h,0.6273103828638105,0.9188545353957729,0.9714916365927797,0.1999999999999999,3.2999999999999994,tamsd,,,,,,2.8999999999999995,1.8802291010916694,1.79190024321955,True
group2,cyclohexane,cyclohexane,group2 | cyclohexane,#84e425,h,0.6273103828638105,0.9188545353957729,0.9714916365927797,0.1999999999999999,3.2999999999999994,tamsd,,,,,,2.999999999999999,1.9743407939566153,1.830416324156569,True
group2,cyclohexane,cyclohexane,group2 | cyclohexane,#84e425,h,0.6273103828638105,0.9188545353957729,0.9714916365927797,0.1999999999999999,3.2999999999999994,tamsd,,,,,,3.099999999999999,2.030558598827374,1.868456776272832,True
group2,cyclohexane,cyclohexane,group2 | cyclohexane,#84e425,h,0.6273103828638105,0.9188545353957729,0.9714916365927797,0.1999999999999999,3.2999999999999994,tamsd,,,,,,3.1999999999999993,2.0917420704002065,1.906042541805053,True
group2,cyclohexane,cyclohexane,group2 | cyclohexane,#84e425,h,0.6273103828638105,0.9188545353957729,0.9714916365927797,0.1999999999999999,3.2999999999999994,tamsd,,,,,,3.2999999999999994,2.150313041952048,1.9431930184765596,True
group2,DMC,DMC,group2 | DMC,#9a1d80,8,1.030536142112352,1.3101107459087384,0.9951585885142914,0.1999999999999999,3.2999999999999994,displacement,0.0,24.827064676914908,24.36812621558184,26.83066368662921,0.0,,,,False
group2,DMC,DMC,group2 | DMC,#9a1d80,8,1.030536142112352,1.3101107459087384,0.9951585885142914,0.1999999999999999,3.2999999999999994,displacement,0.1,24.848521269811545,24.436967572040373,26.982734947205067,0.1683008794715925,,,,False
group2,DMC,DMC,group2 | DMC,#9a1d80,8,1.030536142112352,1.3101107459087384,0.9951585885142914,0.1999999999999999,3.2999999999999994,displacement,0.2,25.11443840052902,24.59959412830392,27.217627380977486,0.534698001106623,,,,False
group2,DMC,DMC,group2 | DMC,#9a1d80,8,1.030536142112352,1.3101107459087384,0.9951585885142914,0.1999999999999999,3.2999999999999994,displacement,0.3,24.856341512410875,24.539238479362115,27.118633878080804,0.3362489718606339,,,,False
group2,DMC,DMC,group2 | DMC,#9a1d80,8,1.030536142112352,1.3101107459087384,0.9951585885142914,0.1999999999999999,3.2999999999999994,displacement,0.4,24.79830133789133,24.486504953323067,27.45454188935837,0.6356609686472442,,,,False
group2,DMC,DMC,group2 | DMC,#9a1d80,8,1.030536142112352,1.3101107459087384,0.9951585885142914,0.1999999999999999,3.2999999999999994,displacement,0.5,24.85799409133159,24.32838501898232,27.54571607170229,0.7168234823037082,,,,False
group2,DMC,DMC,group2 | DMC,#9a1d80,8,1.030536142112352,1.3101107459087384,0.9951585885142914,0.1999999999999999,3.2999999999999994,displacement,0.6,24.64711900974685,23.963858005043587,28.24916786317665,1.4859230559039316,,,,False
group2,DMC,DMC,group2 | DMC,#9a1d80,8,1.030536142112352,1.3101107459087384,0.9951585885142914,0.1999999999999999,3.2999999999999994,displacement,0.7,24.649715782087185,24.142904951294827,28.53760641607173,1.7308468245284805,,,,False
group2,DMC,DMC,group2 | DMC,#9a1d80,8,1.030536142112352,1.3101107459087384,0.9951585885142914,0.1999999999999999,3.2999999999999994,displacement,0.8,24.879640792432586,23.93115243560225,28.78234117974413,2.000688723775864,,,,False
group2,DMC,DMC,group2 | DMC,#9a1d80,8,1.030536142112352,1.3101107459087384,0.9951585885142914,0.1999999999999999,3.2999999999999994,displacement,0.9,24.887532868895576,24.164534112985383,28.947271428155613,2.12723634746366,,,,False
group2,DMC,DMC,group2 | DMC,#9a1d80,8,1.030536142112352,1.3101107459087384,0.9951585885142914,0.1999999999999999,3.2999999999999994,displacement,1.0,25.32110510998091,23.855611351154117,28.55818339504608,1.8684410022080131,,,,False
group2,DMC,DMC,group2 | DMC,#9a1d80,8,1.030536142112352,1.3101107459087384,0.9951585885142914,0.1999999999999999,3.2999999999999994,displacement,1.1,25.510001080159597,23.906567990473103,28.841632850725105,2.173346522068406,,,,False
group2,DMC,DMC,group2 | DMC,#9a1d80,8,1.030536142112352,1.3101107459087384,0.9951585885142914,0.1999999999999999,3.2999999999999994,displacement,1.2,25.286960342302635,24.008370022053292,28.933920542088035,2.182800481459332,,,,False
group2,DMC,DMC,group2 | DMC,#9a1d80,8,1.030536142112352,1.3101107459087384,0.9951585885142914,0.1999999999999999,3.2999999999999994,displacement,1.3,25.448486000540527,24.051380051434293,29.19815738395272,2.468100281760308,,,,False
group2,DMC,DMC,group2 | DMC,#9a1d80,8,1.030536142112352,1.3101107459087384,0.9951585885142914,0.1999999999999999,3.2999999999999994,displacement,1.4,25.43834342295981,24.181322959199743,28.821450931800776,2.090882832082888,,,,False
group2,DMC,DMC,group2 | DMC,#9a1d80,8,1.030536142112352,1.3101107459087384,0.9951585885142914,0.1999999999999999,3.2999999999999994,displacement,1.5,25.200840542020075,24.20083788102233,29.253565274790827,2.4572639032327945,,,,False
group2,DMC,DMC,group2 | DMC,#9a1d80,8,1.030536142112352,1.3101107459087384,0.9951585885142914,0.1999999999999999,3.2999999999999994,displacement,1.6,25.049251860066487,24.008802295989327,29.00638901916999,2.216362232625305,,,,False
group2,DMC,DMC,group2 | DMC,#9a1d80,8,1.030536142112352,1.3101107459087384,0.9951585885142914,0.1999999999999999,3.2999999999999994,displacement,1.7,25.157454260272463,24.01963423422903,29.22294754508416,2.440005327306165,,,,False
group2,DMC,DMC,group2 | DMC,#9a1d80,8,1.030536142112352,1.3101107459087384,0.9951585885142914,0.1999999999999999,3.2999999999999994,displacement,1.8,24.9694935451481,24.03596432122401,29.153602394391683,2.35088531123718,,,,False
group2,DMC,DMC,group2 | DMC,#9a1d80,8,1.030536142112352,1.3101107459087384,0.9951585885142914,0.1999999999999999,3.2999999999999994,displacement,1.9,25.18899993234187,24.209316178890813,28.918961689340065,2.1253720391971167,,,,False
group2,DMC,DMC,group2 | DMC,#9a1d80,8,1.030536142112352,1.3101107459087384,0.9951585885142914,0.1999999999999999,3.2999999999999994,displacement,2.0,24.85496579896112,24.341886626115887,28.86971799460264,2.039413999052609,,,,False
group2,DMC,DMC,group2 | DMC,#9a1d80,8,1.030536142112352,1.3101107459087384,0.9951585885142914,0.1999999999999999,3.2999999999999994,displacement,2.1,24.8077931054362,23.929125727199647,28.7977744142305,2.015593569376305,,,,False
group2,DMC,DMC,group2 | DMC,#9a1d80,8,1.030536142112352,1.3101107459087384,0.9951585885142914,0.1999999999999999,3.2999999999999994,displacement,2.2,24.588622406611183,24.151990556201007,29.34540630963832,2.5352514272754645,,,,False
group2,DMC,DMC,group2 | DMC,#9a1d80,8,1.030536142112352,1.3101107459087384,0.9951585885142914,0.1999999999999999,3.2999999999999994,displacement,2.3,24.924459711599056,24.159003106207543,29.160798676844323,2.341526711417202,,,,False
group2,DMC,DMC,group2 | DMC,#9a1d80,8,1.030536142112352,1.3101107459087384,0.9951585885142914,0.1999999999999999,3.2999999999999994,displacement,2.4,24.80351244715784,24.444803748307443,29.17971281805236,2.3504182549902137,,,,False
group2,DMC,DMC,group2 | DMC,#9a1d80,8,1.030536142112352,1.3101107459087384,0.9951585885142914,0.1999999999999999,3.2999999999999994,displacement,2.5,25.195350172579413,24.471612926530906,29.0783686516558,2.280026604113441,,,,False
group2,DMC,DMC,group2 | DMC,#9a1d80,8,1.030536142112352,1.3101107459087384,0.9951585885142914,0.1999999999999999,3.2999999999999994,displacement,2.6,25.2155795362513,24.061021620128503,28.64003166396717,1.8759183100257275,,,,False
group2,DMC,DMC,group2 | DMC,#9a1d80,8,1.030536142112352,1.3101107459087384,0.9951585885142914,0.1999999999999999,3.2999999999999994,displacement,2.7,25.44191524188397,24.26099107674292,28.41470037707955,1.7025543726735015,,,,False
group2,DMC,DMC,group2 | DMC,#9a1d80,8,1.030536142112352,1.3101107459087384,0.9951585885142914,0.1999999999999999,3.2999999999999994,displacement,2.8,25.3410888738462,24.69658338059272,28.56484392226534,1.8383378563117296,,,,False
group2,DMC,DMC,group2 | DMC,#9a1d80,8,1.030536142112352,1.3101107459087384,0.9951585885142914,0.1999999999999999,3.2999999999999994,displacement,2.9,25.339208556331403,24.72227638772741,28.75980564224204,2.027141431316568,,,,False
group2,DMC,DMC,group2 | DMC,#9a1d80,8,1.030536142112352,1.3101107459087384,0.9951585885142914,0.1999999999999999,3.2999999999999994,displacement,3.0,25.642417105815543,25.08757657641595,28.36445264874213,1.880137491067588,,,,False
group2,DMC,DMC,group2 | DMC,#9a1d80,8,1.030536142112352,1.3101107459087384,0.9951585885142914,0.1999999999999999,3.2999999999999994,displacement,3.1,25.675023870211067,25.033506269270458,28.68304381063724,2.1431466429439983,,,,False
group2,DMC,DMC,group2 | DMC,#9a1d80,8,1.030536142112352,1.3101107459087384,0.9951585885142914,0.1999999999999999,3.2999999999999994,displacement,3.2,25.84277634311205,24.842180081115067,28.741558143109582,2.2153814299310537,,,,False
group2,DMC,DMC,group2 | DMC,#9a1d80,8,1.030536142112352,1.3101107459087384,0.9951585885142914,0.1999999999999999,3.2999999999999994,displacement,3.3,25.67222428243848,24.760082118932704,28.699994155401168,2.0886169084969897,,,,False
group2,DMC,DMC,group2 | DMC,#9a1d80,8,1.030536142112352,1.3101107459087384,0.9951585885142914,0.1999999999999999,3.2999999999999994,displacement,3.4,25.17512146285302,24.88062958160496,28.905540020987157,2.1653902718219724,,,,False
group2,DMC,DMC,group2 | DMC,#9a1d80,8,1.030536142112352,1.3101107459087384,0.9951585885142914,0.1999999999999999,3.2999999999999994,displacement,3.5,25.311232530649274,24.839672029757956,29.068546314260267,2.337710978823006,,,,False
group2,DMC,DMC,group2 | DMC,#9a1d80,8,1.030536142112352,1.3101107459087384,0.9951585885142914,0.1999999999999999,3.2999999999999994,displacement,3.6,25.474771291676475,24.52690165571223,29.347908277564148,2.6040840673422325,,,,False
group2,DMC,DMC,group2 | DMC,#9a1d80,8,1.030536142112352,1.3101107459087384,0.9951585885142914,0.1999999999999999,3.2999999999999994,displacement,3.7,25.714548246923428,24.56977700142742,29.090422196761487,2.4361442179358828,,,,False
group2,DMC,DMC,group2 | DMC,#9a1d80,8,1.030536142112352,1.3101107459087384,0.9951585885142914,0.1999999999999999,3.2999999999999994,displacement,3.8,25.679576286207357,24.527873882435124,29.07414013861868,2.405302881483887,,,,False
group2,DMC,DMC,group2 | DMC,#9a1d80,8,1.030536142112352,1.3101107459087384,0.9951585885142914,0.1999999999999999,3.2999999999999994,displacement,3.9,25.627620268860458,24.6102994050898,29.33945973409703,2.644540549377505,,,,False
group2,DMC,DMC,group2 | DMC,#9a1d80,8,1.030536142112352,1.3101107459087384,0.9951585885142914,0.1999999999999999,3.2999999999999994,displacement,4.0,25.647823810540043,24.45841966501172,29.080685010357733,2.396746632348121,,,,False
group2,DMC,DMC,group2 | DMC,#9a1d80,8,1.030536142112352,1.3101107459087384,0.9951585885142914,0.1999999999999999,3.2999999999999994,displacement,4.1,25.55260518510541,24.557073925748316,28.857270209519346,2.1608434151560614,,,,False
group2,DMC,DMC,group2 | DMC,#9a1d80,8,1.030536142112352,1.3101107459087384,0.9951585885142914,0.1999999999999999,3.2999999999999994,displacement,4.2,25.235953949983596,24.52090723928435,29.39379389183996,2.6000324858928034,,,,False
group2,DMC,DMC,group2 | DMC,#9a1d80,8,1.030536142112352,1.3101107459087384,0.9951585885142914,0.1999999999999999,3.2999999999999994,displacement,4.3,25.34209718882689,24.422520123990463,29.39370574447377,2.6148425910326614,,,,False
group2,DMC,DMC,group2 | DMC,#9a1d80,8,1.030536142112352,1.3101107459087384,0.9951585885142914,0.1999999999999999,3.2999999999999994,displacement,4.4,25.614774459603,24.50228617708753,29.27123772289121,2.5680512501680925,,,,False
group2,DMC,DMC,group2 | DMC,#9a1d80,8,1.030536142112352,1.3101107459087384,0.9951585885142914,0.1999999999999999,3.2999999999999994,displacement,4.5,25.88064467264788,24.317738172962272,29.3405467341696,2.722514035699048,,,,False
group2,DMC,DMC,group2 | DMC,#9a1d80,8,1.030536142112352,1.3101107459087384,0.9951585885142914,0.1999999999999999,3.2999999999999994,displacement,4.6,25.52350687243388,24.118284893628264,29.42342427868597,2.6962677733447227,,,,False
group2,DMC,DMC,group2 | DMC,#9a1d80,8,1.030536142112352,1.3101107459087384,0.9951585885142914,0.1999999999999999,3.2999999999999994,displacement,4.7,25.6991923325716,24.19365784416344,29.49866112201949,2.812339982227565,,,,False
group2,DMC,DMC,group2 | DMC,#9a1d80,8,1.030536142112352,1.3101107459087384,0.9951585885142914,0.1999999999999999,3.2999999999999994,displacement,4.8,25.716165804516358,23.934368271864862,29.899787870731632,3.224619361456801,,,,False
group2,DMC,DMC,group2 | DMC,#9a1d80,8,1.030536142112352,1.3101107459087384,0.9951585885142914,0.1999999999999999,3.2999999999999994,displacement,4.9,26.196569969768188,24.04460367563222,30.29848535887939,3.7424589151434375,,,,False
group2,DMC,DMC,group2 | DMC,#9a1d80,8,1.030536142112352,1.3101107459087384,0.9951585885142914,0.1999999999999999,3.2999999999999994,displacement,5.0,26.18467755189393,23.906944727991966,30.32199219296898,3.774278185558808,,,,False
group2,DMC,DMC,group2 | DMC,#9a1d80,8,1.030536142112352,1.3101107459087384,0.9951585885142914,0.1999999999999999,3.2999999999999994,displacement,5.1,26.10810445801297,23.988611679012152,30.082433045089097,3.515550904885615,,,,False
group2,DMC,DMC,group2 | DMC,#9a1d80,8,1.030536142112352,1.3101107459087384,0.9951585885142914,0.1999999999999999,3.2999999999999994,displacement,5.2,25.93189973289976,23.97908321597512,30.14743615153293,3.5175267647054937,,,,False
group2,DMC,DMC,group2 | DMC,#9a1d80,8,1.030536142112352,1.3101107459087384,0.9951585885142914,0.1999999999999999,3.2999999999999994,displacement,5.3,25.99030606478645,24.05899959198824,30.239708684907537,3.615283888736559,,,,False
group2,DMC,DMC,group2 | DMC,#9a1d80,8,1.030536142112352,1.3101107459087384,0.9951585885142914,0.1999999999999999,3.2999999999999994,displacement,5.4,25.671569921462428,23.727230643313828,30.37567514703088,3.700140875291118,,,,False
group2,DMC,DMC,group2 | DMC,#9a1d80,8,1.030536142112352,1.3101107459087384,0.9951585885142914,0.1999999999999999,3.2999999999999994,displacement,5.5,25.375988639328952,23.893048781431023,30.47887647821349,3.719740939585818,,,,False
group2,DMC,DMC,group2 | DMC,#9a1d80,8,1.030536142112352,1.3101107459087384,0.9951585885142914,0.1999999999999999,3.2999999999999994,displacement,5.6,25.551898693261016,23.86525669390237,30.34512274365441,3.623490661032948,,,,False
group2,DMC,DMC,group2 | DMC,#9a1d80,8,1.030536142112352,1.3101107459087384,0.9951585885142914,0.1999999999999999,3.2999999999999994,displacement,5.7,25.64949930061624,23.935274937005516,30.70341369360061,3.9827065616393096,,,,False
group2,DMC,DMC,group2 | DMC,#9a1d80,8,1.030536142112352,1.3101107459087384,0.9951585885142914,0.1999999999999999,3.2999999999999994,displacement,5.8,25.609571495079003,23.99678724625257,30.992893664717823,4.251395999094334,,,,False
group2,DMC,DMC,group2 | DMC,#9a1d80,8,1.030536142112352,1.3101107459087384,0.9951585885142914,0.1999999999999999,3.2999999999999994,displacement,5.9,25.690302010987555,24.098691124480226,30.991570361292077,4.25804160600947,,,,False
group2,DMC,DMC,group2 | DMC,#9a1d80,8,1.030536142112352,1.3101107459087384,0.9951585885142914,0.1999999999999999,3.2999999999999994,displacement,6.0,25.844748608997406,24.11946402399862,30.984615900715124,4.284020596128254,,,,False
group2,DMC,DMC,group2 | DMC,#9a1d80,8,1.030536142112352,1.3101107459087384,0.9951585885142914,0.1999999999999999,3.2999999999999994,displacement,6.1,25.12532954306588,24.071436465004197,31.654710395473067,4.842356181404367,,,,False
group2,DMC,DMC,group2 | DMC,#9a1d80,8,1.030536142112352,1.3101107459087384,0.9951585885142914,0.1999999999999999,3.2999999999999994,displacement,6.2,24.741243598218706,23.9012200398864,31.66686825152178,4.859448654728107,,,,False
group2,DMC,DMC,group2 | DMC,#9a1d80,8,1.030536142112352,1.3101107459087384,0.9951585885142914,0.1999999999999999,3.2999999999999994,displacement,6.3,24.89077348898294,23.35679795635996,31.8521632325945,5.122724016650266,,,,False
group2,DMC,DMC,group2 | DMC,#9a1d80,8,1.030536142112352,1.3101107459087384,0.9951585885142914,0.1999999999999999,3.2999999999999994,displacement,6.4,25.376909198222773,23.20669662955206,31.87648328730281,5.206874602240717,,,,False
group2,DMC,DMC,group2 | DMC,#9a1d80,8,1.030536142112352,1.3101107459087384,0.9951585885142914,0.1999999999999999,3.2999999999999994,displacement,6.5,25.255477372688706,23.42357479225007,31.74243138015,5.020077360393239,,,,False
group2,DMC,DMC,group2 | DMC,#9a1d80,8,1.030536142112352,1.3101107459087384,0.9951585885142914,0.1999999999999999,3.2999999999999994,displacement,6.6,25.04499976173413,23.489578172167214,31.871079292843056,5.121047924902371,,,,False
group2,DMC,DMC,group2 | DMC,#9a1d80,8,1.030536142112352,1.3101107459087384,0.9951585885142914,0.1999999999999999,3.2999999999999994,displacement,6.7,25.205103281318333,23.34645073909645,31.63733655234504,4.928573627702007,,,,False
group2,DMC,DMC,group2 | DMC,#9a1d80,8,1.030536142112352,1.3101107459087384,0.9951585885142914,0.1999999999999999,3.2999999999999994,displacement,6.8,25.211549030341207,23.70479622098441,31.75041295438572,4.979133233541043,,,,False
group2,DMC,DMC,group2 | DMC,#9a1d80,8,1.030536142112352,1.3101107459087384,0.9951585885142914,0.1999999999999999,3.2999999999999994,displacement,6.9,25.128759127123104,23.746749056287797,31.523153857066067,4.743057359449201,,,,False
group2,DMC,DMC,group2 | DMC,#9a1d80,8,1.030536142112352,1.3101107459087384,0.9951585885142914,0.1999999999999999,3.2999999999999994,displacement,7.0,25.028535556070256,23.55768986030404,31.382122829525063,4.6274375123337785,,,,False
group2,DMC,DMC,group2 | DMC,#9a1d80,8,1.030536142112352,1.3101107459087384,0.9951585885142914,0.1999999999999999,3.2999999999999994,displacement,7.1,25.00730616014173,23.447324784158628,31.37621736667572,4.64138131665253,,,,False
group2,DMC,DMC,group2 | DMC,#9a1d80,8,1.030536142112352,1.3101107459087384,0.9951585885142914,0.1999999999999999,3.2999999999999994,displacement,7.2,24.86900614576736,23.304202256384123,31.424182890265147,4.715306135547992,,,,False
group2,DMC,DMC,group2 | DMC,#9a1d80,8,1.030536142112352,1.3101107459087384,0.9951585885142914,0.1999999999999999,3.2999999999999994,displacement,7.3,24.64579808878563,23.516798379952057,31.493928511705427,4.743801796922295,,,,False
group2,DMC,DMC,group2 | DMC,#9a1d80,8,1.030536142112352,1.3101107459087384,0.9951585885142914,0.1999999999999999,3.2999999999999994,displacement,7.4,24.803843857575732,23.56706974983688,31.593001868384643,4.829295562001583,,,,False
group2,DMC,DMC,group2 | DMC,#9a1d80,8,1.030536142112352,1.3101107459087384,0.9951585885142914,0.1999999999999999,3.2999999999999994,displacement,7.5,25.23800482425092,23.95115573526196,31.099943874550465,4.3092330534710745,,,,False
group2,DMC,DMC,group2 | DMC,#9a1d80,8,1.030536142112352,1.3101107459087384,0.9951585885142914,0.1999999999999999,3.2999999999999994,displacement,7.6,25.211591293921288,23.537370241757717,31.15768671915956,4.422798269340228,,,,False
group2,DMC,DMC,group2 | DMC,#9a1d80,8,1.030536142112352,1.3101107459087384,0.9951585885142914,0.1999999999999999,3.2999999999999994,displacement,7.7,24.797792416549875,23.545083662775472,31.13747729445913,4.384848841356545,,,,False
group2,DMC,DMC,group2 | DMC,#9a1d80,8,1.030536142112352,1.3101107459087384,0.9951585885142914,0.1999999999999999,3.2999999999999994,displacement,7.8,24.655590628757203,23.446267342583106,31.421541082060354,4.685657092745764,,,,False
group2,DMC,DMC,group2 | DMC,#9a1d80,8,1.030536142112352,1.3101107459087384,0.9951585885142914,0.1999999999999999,3.2999999999999994,displacement,7.9,24.62146897787964,23.45932878945626,31.16279954868197,4.431205646376376,,,,False
group2,DMC,DMC,group2 | DMC,#9a1d80,8,1.030536142112352,1.3101107459087384,0.9951585885142914,0.1999999999999999,3.2999999999999994,displacement,8.0,24.51197054262407,23.48645673931372,31.38674683274922,4.651292187468572,,,,False
group2,DMC,DMC,group2 | DMC,#9a1d80,8,1.030536142112352,1.3101107459087384,0.9951585885142914,0.1999999999999999,3.2999999999999994,displacement,8.1,24.60195075650158,23.429170529225672,30.98185465712775,4.26200663205174,,,,False
group2,DMC,DMC,group2 | DMC,#9a1d80,8,1.030536142112352,1.3101107459087384,0.9951585885142914,0.1999999999999999,3.2999999999999994,displacement,8.2,24.827412829093944,23.2294851946558,31.34858796630014,4.659199855402801,,,,False
group2,DMC,DMC,group2 | DMC,#9a1d80,8,1.030536142112352,1.3101107459087384,0.9951585885142914,0.1999999999999999,3.2999999999999994,displacement,8.3,24.77119982380702,22.91580510459296,31.69254545344295,5.074470593639555,,,,False
group2,DMC,DMC,group2 | DMC,#9a1d80,8,1.030536142112352,1.3101107459087384,0.9951585885142914,0.1999999999999999,3.2999999999999994,displacement,8.4,24.80755602843432,22.664957294382116,31.33151092152759,4.81235813228801,,,,False
group2,DMC,DMC,group2 | DMC,#9a1d80,8,1.030536142112352,1.3101107459087384,0.9951585885142914,0.1999999999999999,3.2999999999999994,displacement,8.5,24.521215838518,22.83290964955792,30.7847133661739,4.252639449195105,,,,False
group2,DMC,DMC,group2 | DMC,#9a1d80,8,1.030536142112352,1.3101107459087384,0.9951585885142914,0.1999999999999999,3.2999999999999994,displacement,8.6,24.197628722826494,22.56726532987357,31.079994397947605,4.657907367490986,,,,False
group2,DMC,DMC,group2 | DMC,#9a1d80,8,1.030536142112352,1.3101107459087384,0.9951585885142914,0.1999999999999999,3.2999999999999994,displacement,8.7,23.82145857295936,22.67661059391873,31.30541741541956,4.8883422208317295,,,,False
group2,DMC,DMC,group2 | DMC,#9a1d80,8,1.030536142112352,1.3101107459087384,0.9951585885142914,0.1999999999999999,3.2999999999999994,displacement,8.8,23.779093912395588,22.52164616975005,30.74473045119653,4.452824937096975,,,,False
group2,DMC,DMC,group2 | DMC,#9a1d80,8,1.030536142112352,1.3101107459087384,0.9951585885142914,0.1999999999999999,3.2999999999999994,displacement,8.9,23.870399872630948,22.12537942557288,30.724687953551328,4.594403737508215,,,,False
group2,DMC,DMC,group2 | DMC,#9a1d80,8,1.030536142112352,1.3101107459087384,0.9951585885142914,0.1999999999999999,3.2999999999999994,displacement,9.0,24.039063302273263,22.417944974451,30.85811760405632,4.543626095608514,,,,False
group2,DMC,DMC,group2 | DMC,#9a1d80,8,1.030536142112352,1.3101107459087384,0.9951585885142914,0.1999999999999999,3.2999999999999994,displacement,9.1,24.1412858915646,22.1763023957448,30.936989807645872,4.704922784890872,,,,False
group2,DMC,DMC,group2 | DMC,#9a1d80,8,1.030536142112352,1.3101107459087384,0.9951585885142914,0.1999999999999999,3.2999999999999994,displacement,9.2,24.08147671617976,21.99804026038675,31.473200206184902,5.265582035978024,,,,False
group2,DMC,DMC,group2 | DMC,#9a1d80,8,1.030536142112352,1.3101107459087384,0.9951585885142914,0.1999999999999999,3.2999999999999994,displacement,9.3,23.96710445789085,21.719432828156307,31.34809920604745,5.306819378026463,,,,False
group2,DMC,DMC,group2 | DMC,#9a1d80,8,1.030536142112352,1.3101107459087384,0.9951585885142914,0.1999999999999999,3.2999999999999994,displacement,9.4,24.37602408400506,21.743653039722258,31.1041251126076,5.035252687461091,,,,False
group2,DMC,DMC,group2 | DMC,#9a1d80,8,1.030536142112352,1.3101107459087384,0.9951585885142914,0.1999999999999999,3.2999999999999994,displacement,9.5,24.03521883759691,21.99639752561812,30.90994122303396,4.784623499405008,,,,False
group2,DMC,DMC,group2 | DMC,#9a1d80,8,1.030536142112352,1.3101107459087384,0.9951585885142914,0.1999999999999999,3.2999999999999994,displacement,9.6,24.088619329954547,21.822655631663118,31.149309410595816,5.067092155583707,,,,False
group2,DMC,DMC,group2 | DMC,#9a1d80,8,1.030536142112352,1.3101107459087384,0.9951585885142914,0.1999999999999999,3.2999999999999994,displacement,9.7,24.204920762846697,21.8672883458118,31.04242452501905,4.937629234813235,,,,False
group2,DMC,DMC,group2 | DMC,#9a1d80,8,1.030536142112352,1.3101107459087384,0.9951585885142914,0.1999999999999999,3.2999999999999994,displacement,9.8,23.9116360597729,22.0402990263546,30.834433008509876,4.720906455207605,,,,False
group2,DMC,DMC,group2 | DMC,#9a1d80,8,1.030536142112352,1.3101107459087384,0.9951585885142914,0.1999999999999999,3.2999999999999994,displacement,9.9,24.070427864447225,21.779749625287657,31.309187287612197,5.2277496385850135,,,,False
group2,DMC,DMC,group2 | DMC,#9a1d80,8,1.030536142112352,1.3101107459087384,0.9951585885142914,0.1999999999999999,3.2999999999999994,displacement,10.0,24.279586912384545,21.87268291185012,31.18027935946059,5.044415296754916,,,,False
group2,DMC,DMC,group2 | DMC,#9a1d80,8,1.030536142112352,1.3101107459087384,0.9951585885142914,0.1999999999999999,3.2999999999999994,tamsd,,,,,,0.09999999999999998,0.16169146343610968,0.12211580219683864,False
group2,DMC,DMC,group2 | DMC,#9a1d80,8,1.030536142112352,1.3101107459087384,0.9951585885142914,0.1999999999999999,3.2999999999999994,tamsd,,,,,,0.19999999999999996,0.29585099744998866,0.24945611657087347,True
group2,DMC,DMC,group2 | DMC,#9a1d80,8,1.030536142112352,1.3101107459087384,0.9951585885142914,0.1999999999999999,3.2999999999999994,tamsd,,,,,,0.29999999999999993,0.4055696457382855,0.37884587590983965,True
group2,DMC,DMC,group2 | DMC,#9a1d80,8,1.030536142112352,1.3101107459087384,0.9951585885142914,0.1999999999999999,3.2999999999999994,tamsd,,,,,,0.3999999999999999,0.5115058014804377,0.5095847791616293,True
group2,DMC,DMC,group2 | DMC,#9a1d80,8,1.030536142112352,1.3101107459087384,0.9951585885142914,0.1999999999999999,3.2999999999999994,tamsd,,,,,,0.4999999999999999,0.6318201443926498,0.6413361472252794,True
group2,DMC,DMC,group2 | DMC,#9a1d80,8,1.030536142112352,1.3101107459087384,0.9951585885142914,0.1999999999999999,3.2999999999999994,tamsd,,,,,,0.5999999999999999,0.7456979009137589,0.7739000136200735,True
group2,DMC,DMC,group2 | DMC,#9a1d80,8,1.030536142112352,1.3101107459087384,0.9951585885142914,0.1999999999999999,3.2999999999999994,tamsd,,,,,,0.6999999999999998,0.8594545988129133,0.9071433904862599,True
group2,DMC,DMC,group2 | DMC,#9a1d80,8,1.030536142112352,1.3101107459087384,0.9951585885142914,0.1999999999999999,3.2999999999999994,tamsd,,,,,,0.7999999999999998,0.9927313409561956,1.0409712566796463,True
group2,DMC,DMC,group2 | DMC,#9a1d80,8,1.030536142112352,1.3101107459087384,0.9951585885142914,0.1999999999999999,3.2999999999999994,tamsd,,,,,,0.8999999999999998,1.1048321219231922,1.1753122455236937,True
group2,DMC,DMC,group2 | DMC,#9a1d80,8,1.030536142112352,1.3101107459087384,0.9951585885142914,0.1999999999999999,3.2999999999999994,tamsd,,,,,,0.9999999999999998,1.227481024706421,1.3101107459087382,True
group2,DMC,DMC,group2 | DMC,#9a1d80,8,1.030536142112352,1.3101107459087384,0.9951585885142914,0.1999999999999999,3.2999999999999994,tamsd,,,,,,1.0999999999999996,1.3846454168001687,1.4453221783397219,True
group2,DMC,DMC,group2 | DMC,#9a1d80,8,1.030536142112352,1.3101107459087384,0.9951585885142914,0.1999999999999999,3.2999999999999994,tamsd,,,,,,1.1999999999999997,1.5256940043870193,1.5809099931278794,True
group2,DMC,DMC,group2 | DMC,#9a1d80,8,1.030536142112352,1.3101107459087384,0.9951585885142914,0.1999999999999999,3.2999999999999994,tamsd,,,,,,1.2999999999999998,1.6458381500079313,1.7168436700066934,True
group2,DMC,DMC,group2 | DMC,#9a1d80,8,1.030536142112352,1.3101107459087384,0.9951585885142914,0.1999999999999999,3.2999999999999994,tamsd,,,,,,1.3999999999999997,1.7654471057964023,1.8530973329633187,True
group2,DMC,DMC,group2 | DMC,#9a1d80,8,1.030536142112352,1.3101107459087384,0.9951585885142914,0.1999999999999999,3.2999999999999994,tamsd,,,,,,1.4999999999999996,1.9044730099711986,1.989648760252691,True
group2,DMC,DMC,group2 | DMC,#9a1d80,8,1.030536142112352,1.3101107459087384,0.9951585885142914,0.1999999999999999,3.2999999999999994,tamsd,,,,,,1.5999999999999996,2.033031956555194,2.126478657812306,True
group2,DMC,DMC,group2 | DMC,#9a1d80,8,1.030536142112352,1.3101107459087384,0.9951585885142914,0.1999999999999999,3.2999999999999994,tamsd,,,,,,1.6999999999999997,2.204668044676573,2.263570113797504,True
group2,DMC,DMC,group2 | DMC,#9a1d80,8,1.030536142112352,1.3101107459087384,0.9951585885142914,0.1999999999999999,3.2999999999999994,tamsd,,,,,,1.7999999999999996,2.3450268238006164,2.4009081810226505,True
group2,DMC,DMC,group2 | DMC,#9a1d80,8,1.030536142112352,1.3101107459087384,0.9951585885142914,0.1999999999999999,3.2999999999999994,tamsd,,,,,,1.8999999999999995,2.475165629548353,2.5384795518355445,True
group2,DMC,DMC,group2 | DMC,#9a1d80,8,1.030536142112352,1.3101107459087384,0.9951585885142914,0.1999999999999999,3.2999999999999994,tamsd,,,,,,1.9999999999999996,2.6470791792848236,2.676272301150431,True
group2,DMC,DMC,group2 | DMC,#9a1d80,8,1.030536142112352,1.3101107459087384,0.9951585885142914,0.1999999999999999,3.2999999999999994,tamsd,,,,,,2.0999999999999996,2.823088332265775,2.814275680641484,True
group2,DMC,DMC,group2 | DMC,#9a1d80,8,1.030536142112352,1.3101107459087384,0.9951585885142914,0.1999999999999999,3.2999999999999994,tamsd,,,,,,2.1999999999999993,2.99504221186913,2.9524799519493827,True
group2,DMC,DMC,group2 | DMC,#9a1d80,8,1.030536142112352,1.3101107459087384,0.9951585885142914,0.1999999999999999,3.2999999999999994,tamsd,,,,,,2.2999999999999994,3.138191510517073,3.0908762500613967,True
group2,DMC,DMC,group2 | DMC,#9a1d80,8,1.030536142112352,1.3101107459087384,0.9951585885142914,0.1999999999999999,3.2999999999999994,tamsd,,,,,,2.3999999999999995,3.2644434392121693,3.2294564703271185,True
group2,DMC,DMC,group2 | DMC,#9a1d80,8,1.030536142112352,1.3101107459087384,0.9951585885142914,0.1999999999999999,3.2999999999999994,tamsd,,,,,,2.4999999999999996,3.360079096859434,3.3682131742030474,True
group2,DMC,DMC,group2 | DMC,#9a1d80,8,1.030536142112352,1.3101107459087384,0.9951585885142914,0.1999999999999999,3.2999999999999994,tamsd,,,,,,2.5999999999999996,3.4659321977960196,3.507139509994091,True
group2,DMC,DMC,group2 | DMC,#9a1d80,8,1.030536142112352,1.3101107459087384,0.9951585885142914,0.1999999999999999,3.2999999999999994,tamsd,,,,,,2.6999999999999993,3.6520108940066938,3.646229145719122,True
group2,DMC,DMC,group2 | DMC,#9a1d80,8,1.030536142112352,1.3101107459087384,0.9951585885142914,0.1999999999999999,3.2999999999999994,tamsd,,,,,,2.7999999999999994,3.864712959353179,3.785476211864411,True
group2,DMC,DMC,group2 | DMC,#9a1d80,8,1.030536142112352,1.3101107459087384,0.9951585885142914,0.1999999999999999,3.2999999999999994,tamsd,,,,,,2.8999999999999995,4.085803064510177,3.9248752522665495,True
group2,DMC,DMC,group2 | DMC,#9a1d80,8,1.030536142112352,1.3101107459087384,0.9951585885142914,0.1999999999999999,3.2999999999999994,tamsd,,,,,,2.999999999999999,4.2751110006293045,4.064421181729242,True
group2,DMC,DMC,group2 | DMC,#9a1d80,8,1.030536142112352,1.3101107459087384,0.9951585885142914,0.1999999999999999,3.2999999999999994,tamsd,,,,,,3.099999999999999,4.5089420969140805,4.204109249256534,True
group2,DMC,DMC,group2 | DMC,#9a1d80,8,1.030536142112352,1.3101107459087384,0.9951585885142914,0.1999999999999999,3.2999999999999994,tamsd,,,,,,3.1999999999999993,4.7095631192216345,4.343935006000673,True
group2,DMC,DMC,group2 | DMC,#9a1d80,8,1.030536142112352,1.3101107459087384,0.9951585885142914,0.1999999999999999,3.2999999999999994,tamsd,,,,,,3.2999999999999994,4.901117501948591,4.4838942771912995,True
group2,ethanol,ethanol,group2 | ethanol,#18bfb1,*,0.8601142489774624,1.2075873400077168,0.98547868943003,0.1999999999999999,3.2999999999999994,displacement,0.0,23.82706467691491,23.36812621558184,25.830663686629208,0.0,,,,False
group2,ethanol,ethanol,group2 | ethanol,#18bfb1,*,0.8601142489774624,1.2075873400077168,0.98547868943003,0.1999999999999999,3.2999999999999994,displacement,0.1,23.6285318074696,23.36303918363152,25.881645918290616,0.2050374748416294,,,,False
group2,ethanol,ethanol,group2 | ethanol,#18bfb1,*,0.8601142489774624,1.2075873400077168,0.98547868943003,0.1999999999999999,3.2999999999999994,displacement,0.2,23.389905285106792,23.891121595358683,26.110401136862595,0.7368076697327788,,,,False
group2,ethanol,ethanol,group2 | ethanol,#18bfb1,*,0.8601142489774624,1.2075873400077168,0.98547868943003,0.1999999999999999,3.2999999999999994,displacement,0.3,23.191675912683213,23.82492854689688,26.13437481249237,0.8394210502363019,,,,False
group2,ethanol,ethanol,group2 | ethanol,#18bfb1,*,0.8601142489774624,1.2075873400077168,0.98547868943003,0.1999999999999999,3.2999999999999994,displacement,0.4,23.33841939506754,23.79220390318512,26.40919387872585,0.8679362187177267,,,,False
group2,ethanol,ethanol,group2 | ethanol,#18bfb1,*,0.8601142489774624,1.2075873400077168,0.98547868943003,0.1999999999999999,3.2999999999999994,displacement,0.5,23.342222397017448,23.6770797212828,25.9216055096602,0.582060753046695,,,,False
group2,ethanol,ethanol,group2 | ethanol,#18bfb1,*,0.8601142489774624,1.2075873400077168,0.98547868943003,0.1999999999999999,3.2999999999999994,displacement,0.6,23.13866467724991,23.47837339428396,25.90000166404408,0.7006117006320528,,,,False
group2,ethanol,ethanol,group2 | ethanol,#18bfb1,*,0.8601142489774624,1.2075873400077168,0.98547868943003,0.1999999999999999,3.2999999999999994,displacement,0.7,22.713514238470744,23.470681343498853,26.16913895350645,1.1683653707247992,,,,False
group2,ethanol,ethanol,group2 | ethanol,#18bfb1,*,0.8601142489774624,1.2075873400077168,0.98547868943003,0.1999999999999999,3.2999999999999994,displacement,0.8,22.731987875100792,23.621816716652468,26.19056361553709,1.1802881135692291,,,,False
group2,ethanol,ethanol,group2 | ethanol,#18bfb1,*,0.8601142489774624,1.2075873400077168,0.98547868943003,0.1999999999999999,3.2999999999999994,displacement,0.9,22.926610066508857,23.722198249885807,26.033907388091382,0.9886827160731166,,,,False
group2,ethanol,ethanol,group2 | ethanol,#18bfb1,*,0.8601142489774624,1.2075873400077168,0.98547868943003,0.1999999999999999,3.2999999999999994,displacement,1.0,22.97341652484429,23.721803967089357,26.289216765511917,1.0315396480978367,,,,False
group2,ethanol,ethanol,group2 | ethanol,#18bfb1,*,0.8601142489774624,1.2075873400077168,0.98547868943003,0.1999999999999999,3.2999999999999994,displacement,1.1,23.223348336410464,23.65247057788338,26.203519140816507,0.7644254874622971,,,,False
group2,ethanol,ethanol,group2 | ethanol,#18bfb1,*,0.8601142489774624,1.2075873400077168,0.98547868943003,0.1999999999999999,3.2999999999999994,displacement,1.2,23.29758170793809,23.56204071009037,26.648439946276863,0.9933343125354762,,,,False
group2,ethanol,ethanol,group2 | ethanol,#18bfb1,*,0.8601142489774624,1.2075873400077168,0.98547868943003,0.1999999999999999,3.2999999999999994,displacement,1.3,23.284091315237017,23.75738845976764,26.354735871600983,0.849115316845392,,,,False
group2,ethanol,ethanol,group2 | ethanol,#18bfb1,*,0.8601142489774624,1.2075873400077168,0.98547868943003,0.1999999999999999,3.2999999999999994,displacement,1.4,23.218777207820875,23.765257877781067,26.40648056195857,0.926980191855266,,,,False
group2,ethanol,ethanol,group2 | ethanol,#18bfb1,*,0.8601142489774624,1.2075873400077168,0.98547868943003,0.1999999999999999,3.2999999999999994,displacement,1.5,23.0151137191779,23.883730046400345,26.262618707335957,1.0543703372338074,,,,False
group2,ethanol,ethanol,group2 | ethanol,#18bfb1,*,0.8601142489774624,1.2075873400077168,0.98547868943003,0.1999999999999999,3.2999999999999994,displacement,1.6,23.151112192256843,23.98157506267281,26.22346752974742,0.9937434823338972,,,,False
group2,ethanol,ethanol,group2 | ethanol,#18bfb1,*,0.8601142489774624,1.2075873400077168,0.98547868943003,0.1999999999999999,3.2999999999999994,displacement,1.7,23.28135304810723,23.4501252701354,26.311411474029345,0.7318766712047442,,,,False
group2,ethanol,ethanol,group2 | ethanol,#18bfb1,*,0.8601142489774624,1.2075873400077168,0.98547868943003,0.1999999999999999,3.2999999999999994,displacement,1.8,22.93176662890657,23.35912103109782,25.873724246733865,0.8963782125596687,,,,False
group2,ethanol,ethanol,group2 | ethanol,#18bfb1,*,0.8601142489774624,1.2075873400077168,0.98547868943003,0.1999999999999999,3.2999999999999994,displacement,1.9,23.33533044199313,23.33598720708413,26.037666350663752,0.5344956282129208,,,,False
group2,ethanol,ethanol,group2 | ethanol,#18bfb1,*,0.8601142489774624,1.2075873400077168,0.98547868943003,0.1999999999999999,3.2999999999999994,displacement,2.0,23.89316668714971,23.55025923311717,25.80520090674116,0.1954232969562107,,,,False
group2,ethanol,ethanol,group2 | ethanol,#18bfb1,*,0.8601142489774624,1.2075873400077168,0.98547868943003,0.1999999999999999,3.2999999999999994,displacement,2.1,23.87985072347466,23.566127555386625,25.864307126924064,0.2076602474013072,,,,False
group2,ethanol,ethanol,group2 | ethanol,#18bfb1,*,0.8601142489774624,1.2075873400077168,0.98547868943003,0.1999999999999999,3.2999999999999994,displacement,2.2,24.08897757351676,23.703716984577323,25.8625257317528,0.4268895870840716,,,,False
group2,ethanol,ethanol,group2 | ethanol,#18bfb1,*,0.8601142489774624,1.2075873400077168,0.98547868943003,0.1999999999999999,3.2999999999999994,displacement,2.3,24.09198510812424,23.361195257707788,25.958046810045285,0.2940362786807484,,,,False
group2,ethanol,ethanol,group2 | ethanol,#18bfb1,*,0.8601142489774624,1.2075873400077168,0.98547868943003,0.1999999999999999,3.2999999999999994,displacement,2.4,24.222457180083616,23.72899710269322,26.00426643779411,0.5627618892023455,,,,False
group2,ethanol,ethanol,group2 | ethanol,#18bfb1,*,0.8601142489774624,1.2075873400077168,0.98547868943003,0.1999999999999999,3.2999999999999994,displacement,2.5,23.99355653156724,23.208901399113525,26.08452182341259,0.3428061164216158,,,,False
group2,ethanol,ethanol,group2 | ethanol,#18bfb1,*,0.8601142489774624,1.2075873400077168,0.98547868943003,0.1999999999999999,3.2999999999999994,displacement,2.6,24.4581577334338,23.158780579348388,26.67491146812836,1.0746433631501098,,,,False
group2,ethanol,ethanol,group2 | ethanol,#18bfb1,*,0.8601142489774624,1.2075873400077168,0.98547868943003,0.1999999999999999,3.2999999999999994,displacement,2.7,24.0008022654132,23.04071532679613,26.68470439182517,0.931003848479836,,,,False
group2,ethanol,ethanol,group2 | ethanol,#18bfb1,*,0.8601142489774624,1.2075873400077168,0.98547868943003,0.1999999999999999,3.2999999999999994,displacement,2.8,24.01200182878355,22.981161132447287,26.413033020911413,0.7232549807771208,,,,False
group2,ethanol,ethanol,group2 | ethanol,#18bfb1,*,0.8601142489774624,1.2075873400077168,0.98547868943003,0.1999999999999999,3.2999999999999994,displacement,2.9,24.117857181139488,23.044821012512795,26.374666014456427,0.6964374110615745,,,,False
group2,ethanol,ethanol,group2 | ethanol,#18bfb1,*,0.8601142489774624,1.2075873400077168,0.98547868943003,0.1999999999999999,3.2999999999999994,displacement,3.0,24.073440394020142,22.64868558099932,26.882322905968092,1.2977992657911694,,,,False
group2,ethanol,ethanol,group2 | ethanol,#18bfb1,*,0.8601142489774624,1.2075873400077168,0.98547868943003,0.1999999999999999,3.2999999999999994,displacement,3.1,23.88362605083345,22.529994132127182,26.973668030527744,1.4184933938889217,,,,False
group2,ethanol,ethanol,group2 | ethanol,#18bfb1,*,0.8601142489774624,1.2075873400077168,0.98547868943003,0.1999999999999999,3.2999999999999994,displacement,3.2,23.70093673613191,22.64634405779292,26.84102968334246,1.248085408961644,,,,False
group2,ethanol,ethanol,group2 | ethanol,#18bfb1,*,0.8601142489774624,1.2075873400077168,0.98547868943003,0.1999999999999999,3.2999999999999994,displacement,3.3,23.86556836618076,22.639607014917534,26.870238723953317,1.2700153613445213,,,,False
group2,ethanol,ethanol,group2 | ethanol,#18bfb1,*,0.8601142489774624,1.2075873400077168,0.98547868943003,0.1999999999999999,3.2999999999999994,displacement,3.4,24.25781783150159,22.63534635546775,26.935023383334972,1.3936014291336147,,,,False
group2,ethanol,ethanol,group2 | ethanol,#18bfb1,*,0.8601142489774624,1.2075873400077168,0.98547868943003,0.1999999999999999,3.2999999999999994,displacement,3.5,24.30913217327706,22.68122739921541,26.668204276674217,1.18561937186747,,,,False
group2,ethanol,ethanol,group2 | ethanol,#18bfb1,*,0.8601142489774624,1.2075873400077168,0.98547868943003,0.1999999999999999,3.2999999999999994,displacement,3.6,24.075896607814396,22.81550878845184,26.46104442246095,0.8744616759531072,,,,False
group2,ethanol,ethanol,group2 | ethanol,#18bfb1,*,0.8601142489774624,1.2075873400077168,0.98547868943003,0.1999999999999999,3.2999999999999994,displacement,3.7,24.280980039544016,22.8425410232209,26.434193869807043,0.9200693630734952,,,,False
group2,ethanol,ethanol,group2 | ethanol,#18bfb1,*,0.8601142489774624,1.2075873400077168,0.98547868943003,0.1999999999999999,3.2999999999999994,displacement,3.8,24.0380796005181,22.81791492639844,26.434959245407487,0.844057393242467,,,,False
group2,ethanol,ethanol,group2 | ethanol,#18bfb1,*,0.8601142489774624,1.2075873400077168,0.98547868943003,0.1999999999999999,3.2999999999999994,displacement,3.9,23.786897519107548,22.6798924056734,26.374980431303555,0.878384822387253,,,,False
group2,ethanol,ethanol,group2 | ethanol,#18bfb1,*,0.8601142489774624,1.2075873400077168,0.98547868943003,0.1999999999999999,3.2999999999999994,displacement,4.0,23.990054240846373,22.40299452282617,26.47117576102977,1.1697437752623026,,,,False
group2,ethanol,ethanol,group2 | ethanol,#18bfb1,*,0.8601142489774624,1.2075873400077168,0.98547868943003,0.1999999999999999,3.2999999999999994,displacement,4.1,23.58547082174298,22.29953940432768,26.29546510143978,1.190078030741296,,,,False
group2,ethanol,ethanol,group2 | ethanol,#18bfb1,*,0.8601142489774624,1.2075873400077168,0.98547868943003,0.1999999999999999,3.2999999999999994,displacement,4.2,24.084138268199904,22.69852819673624,25.977201018525665,0.7320666143305882,,,,False
group2,ethanol,ethanol,group2 | ethanol,#18bfb1,*,0.8601142489774624,1.2075873400077168,0.98547868943003,0.1999999999999999,3.2999999999999994,displacement,4.3,23.956057753649706,22.700832483564547,25.905565413906093,0.6837619522788138,,,,False
group2,ethanol,ethanol,group2 | ethanol,#18bfb1,*,0.8601142489774624,1.2075873400077168,0.98547868943003,0.1999999999999999,3.2999999999999994,displacement,4.4,23.942936469992297,22.2515413814828,26.076792321044937,1.1492463917064526,,,,False
group2,ethanol,ethanol,group2 | ethanol,#18bfb1,*,0.8601142489774624,1.2075873400077168,0.98547868943003,0.1999999999999999,3.2999999999999994,displacement,4.5,23.982805635199476,22.328534284870575,25.82746994874871,1.051197806527872,,,,False
group2,ethanol,ethanol,group2 | ethanol,#18bfb1,*,0.8601142489774624,1.2075873400077168,0.98547868943003,0.1999999999999999,3.2999999999999994,displacement,4.6,24.25289896019724,22.295375140037123,25.824073346381983,1.1541980503732847,,,,False
group2,ethanol,ethanol,group2 | ethanol,#18bfb1,*,0.8601142489774624,1.2075873400077168,0.98547868943003,0.1999999999999999,3.2999999999999994,displacement,4.7,24.33893473768521,22.088163303228168,26.046510135545294,1.3953156293912734,,,,False
group2,ethanol,ethanol,group2 | ethanol,#18bfb1,*,0.8601142489774624,1.2075873400077168,0.98547868943003,0.1999999999999999,3.2999999999999994,displacement,4.8,24.1971784304531,22.01806429750573,25.9942931266566,1.4094062462048105,,,,False
group2,ethanol,ethanol,group2 | ethanol,#18bfb1,*,0.8601142489774624,1.2075873400077168,0.98547868943003,0.1999999999999999,3.2999999999999994,displacement,4.9,24.129483579765203,21.521907923228007,26.17333942858642,1.901947906739036,,,,False
group2,ethanol,ethanol,group2 | ethanol,#18bfb1,*,0.8601142489774624,1.2075873400077168,0.98547868943003,0.1999999999999999,3.2999999999999994,displacement,5.0,24.653144347402712,21.336447587561977,26.24595531613745,2.232172217165493,,,,False
group2,ethanol,ethanol,group2 | ethanol,#18bfb1,*,0.8601142489774624,1.2075873400077168,0.98547868943003,0.1999999999999999,3.2999999999999994,displacement,5.1,24.17983453777374,21.92665270585493,25.856683461375084,1.484240372262048,,,,False
group2,ethanol,ethanol,group2 | ethanol,#18bfb1,*,0.8601142489774624,1.2075873400077168,0.98547868943003,0.1999999999999999,3.2999999999999994,displacement,5.2,24.199854565028275,21.687022250464217,26.01699372305419,1.731993569470712,,,,False
group2,ethanol,ethanol,group2 | ethanol,#18bfb1,*,0.8601142489774624,1.2075873400077168,0.98547868943003,0.1999999999999999,3.2999999999999994,displacement,5.3,24.014762088892248,22.2747523351564,25.96614403871112,1.11760980966517,,,,False
group2,ethanol,ethanol,group2 | ethanol,#18bfb1,*,0.8601142489774624,1.2075873400077168,0.98547868943003,0.1999999999999999,3.2999999999999994,displacement,5.4,24.62720605789869,22.41040652637794,25.643898779470856,1.2618773170151292,,,,False
group2,ethanol,ethanol,group2 | ethanol,#18bfb1,*,0.8601142489774624,1.2075873400077168,0.98547868943003,0.1999999999999999,3.2999999999999994,displacement,5.5,24.70380342325055,22.598872071809776,25.524896077116832,1.2057846400015189,,,,False
group2,ethanol,ethanol,group2 | ethanol,#18bfb1,*,0.8601142489774624,1.2075873400077168,0.98547868943003,0.1999999999999999,3.2999999999999994,displacement,5.6,24.773555708102585,22.667257129983117,25.407920051802048,1.2513092855299912,,,,False
group2,ethanol,ethanol,group2 | ethanol,#18bfb1,*,0.8601142489774624,1.2075873400077168,0.98547868943003,0.1999999999999999,3.2999999999999994,displacement,5.7,24.65211790472165,22.35681533081703,25.479924546454225,1.3514734473191747,,,,False
group2,ethanol,ethanol,group2 | ethanol,#18bfb1,*,0.8601142489774624,1.2075873400077168,0.98547868943003,0.1999999999999999,3.2999999999999994,displacement,5.8,24.742499475450728,22.05831725903155,25.15733369452248,1.734068525549123,,,,False
group2,ethanol,ethanol,group2 | ethanol,#18bfb1,*,0.8601142489774624,1.2075873400077168,0.98547868943003,0.1999999999999999,3.2999999999999994,displacement,5.9,24.540582272283206,22.05990414949887,25.18950700191601,1.6222312496801947,,,,False
group2,ethanol,ethanol,group2 | ethanol,#18bfb1,*,0.8601142489774624,1.2075873400077168,0.98547868943003,0.1999999999999999,3.2999999999999994,displacement,6.0,24.87026037211468,22.30835659277809,24.71435934545353,1.8594365528376036,,,,False
group2,ethanol,ethanol,group2 | ethanol,#18bfb1,*,0.8601142489774624,1.2075873400077168,0.98547868943003,0.1999999999999999,3.2999999999999994,displacement,6.1,24.75454220205281,22.046021321661552,24.51699934670864,2.081799680118825,,,,False
group2,ethanol,ethanol,group2 | ethanol,#18bfb1,*,0.8601142489774624,1.2075873400077168,0.98547868943003,0.1999999999999999,3.2999999999999994,displacement,6.2,24.714031391399683,21.910836525005788,24.53710122540977,2.140959372790441,,,,False
group2,ethanol,ethanol,group2 | ethanol,#18bfb1,*,0.8601142489774624,1.2075873400077168,0.98547868943003,0.1999999999999999,3.2999999999999994,displacement,6.3,24.7720838577914,21.94586714622057,24.506706794852075,2.160727646856266,,,,False
group2,ethanol,ethanol,group2 | ethanol,#18bfb1,*,0.8601142489774624,1.2075873400077168,0.98547868943003,0.1999999999999999,3.2999999999999994,displacement,6.4,24.822493882018087,21.96209856719885,24.77816399279719,2.0187988151141307,,,,False
group2,ethanol,ethanol,group2 | ethanol,#18bfb1,*,0.8601142489774624,1.2075873400077168,0.98547868943003,0.1999999999999999,3.2999999999999994,displacement,6.5,24.69008725320361,22.028619277366676,24.28983016176796,2.2165862843676782,,,,False
group2,ethanol,ethanol,group2 | ethanol,#18bfb1,*,0.8601142489774624,1.2075873400077168,0.98547868943003,0.1999999999999999,3.2999999999999994,displacement,6.6,24.75164576337744,21.98449184188184,24.19115383671269,2.3360836486525263,,,,False
group2,ethanol,ethanol,group2 | ethanol,#18bfb1,*,0.8601142489774624,1.2075873400077168,0.98547868943003,0.1999999999999999,3.2999999999999994,displacement,6.7,24.68699632294669,22.083910431061057,24.40411217405826,2.1032693206239,,,,False
group2,ethanol,ethanol,group2 | ethanol,#18bfb1,*,0.8601142489774624,1.2075873400077168,0.98547868943003,0.1999999999999999,3.2999999999999994,displacement,6.8,24.45803119186188,21.50667885357087,24.79664055055546,2.220880201734822,,,,False
group2,ethanol,ethanol,group2 | ethanol,#18bfb1,*,0.8601142489774624,1.2075873400077168,0.98547868943003,0.1999999999999999,3.2999999999999994,displacement,6.9,24.520761915766546,21.797641149048765,24.4861794146237,2.180659799479037,,,,False
group2,ethanol,ethanol,group2 | ethanol,#18bfb1,*,0.8601142489774624,1.2075873400077168,0.98547868943003,0.1999999999999999,3.2999999999999994,displacement,7.0,24.497660370766024,21.912168612328088,24.12774366926662,2.338685039208626,,,,False
group2,ethanol,ethanol,group2 | ethanol,#18bfb1,*,0.8601142489774624,1.2075873400077168,0.98547868943003,0.1999999999999999,3.2999999999999994,displacement,7.1,24.38921475109014,21.94371077996151,24.250533873143823,2.2004050233068484,,,,False
group2,ethanol,ethanol,group2 | ethanol,#18bfb1,*,0.8601142489774624,1.2075873400077168,0.98547868943003,0.1999999999999999,3.2999999999999994,displacement,7.2,24.42892317160203,21.757609394733112,24.68006092281677,2.0687882438656087,,,,False
group2,ethanol,ethanol,group2 | ethanol,#18bfb1,*,0.8601142489774624,1.2075873400077168,0.98547868943003,0.1999999999999999,3.2999999999999994,displacement,7.3,24.44743724199673,21.820711126830577,24.332123828538265,2.2416461100469216,,,,False
group2,ethanol,ethanol,group2 | ethanol,#18bfb1,*,0.8601142489774624,1.2075873400077168,0.98547868943003,0.1999999999999999,3.2999999999999994,displacement,7.4,24.681135903504728,21.625039680149712,23.889948833706832,2.744842886295485,,,,False
group2,ethanol,ethanol,group2 | ethanol,#18bfb1,*,0.8601142489774624,1.2075873400077168,0.98547868943003,0.1999999999999999,3.2999999999999994,displacement,7.5,24.685270906037115,21.786367975666558,24.140658486854115,2.4687232806677435,,,,False
group2,ethanol,ethanol,group2 | ethanol,#18bfb1,*,0.8601142489774624,1.2075873400077168,0.98547868943003,0.1999999999999999,3.2999999999999994,displacement,7.6,24.26946097048619,21.966115087327506,24.63908790521073,1.892406543842433,,,,False
group2,ethanol,ethanol,group2 | ethanol,#18bfb1,*,0.8601142489774624,1.2075873400077168,0.98547868943003,0.1999999999999999,3.2999999999999994,displacement,7.7,24.649873630201892,22.02327442874177,24.599446045619707,2.0003844084848126,,,,False
group2,ethanol,ethanol,group2 | ethanol,#18bfb1,*,0.8601142489774624,1.2075873400077168,0.98547868943003,0.1999999999999999,3.2999999999999994,displacement,7.8,24.81764151598223,21.98860285983331,24.25405706670891,2.317329410577786,,,,False
group2,ethanol,ethanol,group2 | ethanol,#18bfb1,*,0.8601142489774624,1.2075873400077168,0.98547868943003,0.1999999999999999,3.2999999999999994,displacement,7.9,24.77991551471097,21.881472772433536,24.385756117924537,2.2816268453043325,,,,False
group2,ethanol,ethanol,group2 | ethanol,#18bfb1,*,0.8601142489774624,1.2075873400077168,0.98547868943003,0.1999999999999999,3.2999999999999994,displacement,8.0,24.52325880394645,21.3408725623737,24.84623823464469,2.358715139111517,,,,False
group2,ethanol,ethanol,group2 | ethanol,#18bfb1,*,0.8601142489774624,1.2075873400077168,0.98547868943003,0.1999999999999999,3.2999999999999994,displacement,8.1,24.815981077295547,21.146818074782008,24.76812179986318,2.653518563051275,,,,False
group2,ethanol,ethanol,group2 | ethanol,#18bfb1,*,0.8601142489774624,1.2075873400077168,0.98547868943003,0.1999999999999999,3.2999999999999994,displacement,8.2,24.72802537422509,21.01499306517387,24.431059321483904,2.882335542677218,,,,False
group2,ethanol,ethanol,group2 | ethanol,#18bfb1,*,0.8601142489774624,1.2075873400077168,0.98547868943003,0.1999999999999999,3.2999999999999994,displacement,8.3,24.94952483913196,20.3669699747422,23.982678258896517,3.698906019191004,,,,False
group2,ethanol,ethanol,group2 | ethanol,#18bfb1,*,0.8601142489774624,1.2075873400077168,0.98547868943003,0.1999999999999999,3.2999999999999994,displacement,8.4,25.048048641664657,20.209845033326424,24.29838034048589,3.716642856292872,,,,False
group2,ethanol,ethanol,group2 | ethanol,#18bfb1,*,0.8601142489774624,1.2075873400077168,0.98547868943003,0.1999999999999999,3.2999999999999994,displacement,8.5,25.02149542859589,20.524348733613685,25.338710480403364,3.123420103768657,,,,False
group2,ethanol,ethanol,group2 | ethanol,#18bfb1,*,0.8601142489774624,1.2075873400077168,0.98547868943003,0.1999999999999999,3.2999999999999994,displacement,8.6,25.00937849176628,20.33461499951752,25.01712308881934,3.355876123914779,,,,False
group2,ethanol,ethanol,group2 | ethanol,#18bfb1,*,0.8601142489774624,1.2075873400077168,0.98547868943003,0.1999999999999999,3.2999999999999994,displacement,8.7,25.069952992396303,20.659687743566344,25.595901959506865,2.9892345826273425,,,,False
group2,ethanol,ethanol,group2 | ethanol,#18bfb1,*,0.8601142489774624,1.2075873400077168,0.98547868943003,0.1999999999999999,3.2999999999999994,displacement,8.8,25.013870526706995,20.86075979283844,25.362481872070678,2.813287883328877,,,,False
group2,ethanol,ethanol,group2 | ethanol,#18bfb1,*,0.8601142489774624,1.2075873400077168,0.98547868943003,0.1999999999999999,3.2999999999999994,displacement,8.9,24.844187408412413,21.00712813439864,25.33180714675992,2.618722672917092,,,,False
group2,ethanol,ethanol,group2 | ethanol,#18bfb1,*,0.8601142489774624,1.2075873400077168,0.98547868943003,0.1999999999999999,3.2999999999999994,displacement,9.0,24.680061104206587,20.726516767105057,24.82567687562608,2.9522367577049797,,,,False
group2,ethanol,ethanol,group2 | ethanol,#18bfb1,*,0.8601142489774624,1.2075873400077168,0.98547868943003,0.1999999999999999,3.2999999999999994,displacement,9.1,24.675176252575596,20.84798650746007,25.51567986078737,2.677613154240857,,,,False
group2,ethanol,ethanol,group2 | ethanol,#18bfb1,*,0.8601142489774624,1.2075873400077168,0.98547868943003,0.1999999999999999,3.2999999999999994,displacement,9.2,24.776787038673483,21.24988394970937,25.472965891357827,2.3488019444165134,,,,False
group2,ethanol,ethanol,group2 | ethanol,#18bfb1,*,0.8601142489774624,1.2075873400077168,0.98547868943003,0.1999999999999999,3.2999999999999994,displacement,9.3,24.357053187337343,21.10382901958373,26.15923102637629,2.348592367724368,,,,False
group2,ethanol,ethanol,group2 | ethanol,#18bfb1,*,0.8601142489774624,1.2075873400077168,0.98547868943003,0.1999999999999999,3.2999999999999994,displacement,9.4,24.69452867937973,20.899905982121822,26.3252181689377,2.662553107903221,,,,False
group2,ethanol,ethanol,group2 | ethanol,#18bfb1,*,0.8601142489774624,1.2075873400077168,0.98547868943003,0.1999999999999999,3.2999999999999994,displacement,9.5,24.67821923149948,20.62470647263,25.625780742240917,2.8797209904275816,,,,False
group2,ethanol,ethanol,group2 | ethanol,#18bfb1,*,0.8601142489774624,1.2075873400077168,0.98547868943003,0.1999999999999999,3.2999999999999994,displacement,9.6,25.14975168666938,20.41174451268385,25.581899503023426,3.248319152738582,,,,False
group2,ethanol,ethanol,group2 | ethanol,#18bfb1,*,0.8601142489774624,1.2075873400077168,0.98547868943003,0.1999999999999999,3.2999999999999994,displacement,9.7,24.609651906337835,20.297289656476533,25.500387263025445,3.1861516693939813,,,,False
group2,ethanol,ethanol,group2 | ethanol,#18bfb1,*,0.8601142489774624,1.2075873400077168,0.98547868943003,0.1999999999999999,3.2999999999999994,displacement,9.8,24.97000142394018,20.638992100755694,24.769099131382795,3.143468900651651,,,,False
group2,ethanol,ethanol,group2 | ethanol,#18bfb1,*,0.8601142489774624,1.2075873400077168,0.98547868943003,0.1999999999999999,3.2999999999999994,displacement,9.9,24.6755799214469,20.646785727621044,24.699573115358064,3.0667634489859763,,,,False
group2,ethanol,ethanol,group2 | ethanol,#18bfb1,*,0.8601142489774624,1.2075873400077168,0.98547868943003,0.1999999999999999,3.2999999999999994,displacement,10.0,24.92959779984954,21.02385206947163,24.47455286854693,2.924078848151761,,,,False
group2,ethanol,ethanol,group2 | ethanol,#18bfb1,*,0.8601142489774624,1.2075873400077168,0.98547868943003,0.1999999999999999,3.2999999999999994,tamsd,,,,,,0.09999999999999998,0.2089777897904418,0.16664961028264064,False
group2,ethanol,ethanol,group2 | ethanol,#18bfb1,*,0.8601142489774624,1.2075873400077168,0.98547868943003,0.1999999999999999,3.2999999999999994,tamsd,,,,,,0.19999999999999996,0.35503051512697503,0.30249938150316424,True
group2,ethanol,ethanol,group2 | ethanol,#18bfb1,*,0.8601142489774624,1.2075873400077168,0.98547868943003,0.1999999999999999,3.2999999999999994,tamsd,,,,,,0.29999999999999993,0.4855895543266619,0.42872922813079717,True
group2,ethanol,ethanol,group2 | ethanol,#18bfb1,*,0.8601142489774624,1.2075873400077168,0.98547868943003,0.1999999999999999,3.2999999999999994,tamsd,,,,,,0.3999999999999999,0.5646496338298536,0.549091447946391,True
group2,ethanol,ethanol,group2 | ethanol,#18bfb1,*,0.8601142489774624,1.2075873400077168,0.98547868943003,0.1999999999999999,3.2999999999999994,tamsd,,,,,,0.4999999999999999,0.6884553536642706,0.6652706481399253,True
group2,ethanol,ethanol,group2 | ethanol,#18bfb1,*,0.8601142489774624,1.2075873400077168,0.98547868943003,0.1999999999999999,3.2999999999999994,tamsd,,,,,,0.5999999999999999,0.7986291572410751,0.7782215999301656,True
group2,ethanol,ethanol,group2 | ethanol,#18bfb1,*,0.8601142489774624,1.2075873400077168,0.98547868943003,0.1999999999999999,3.2999999999999994,tamsd,,,,,,0.6999999999999998,0.8782537832723528,0.8885567459095064,True
group2,ethanol,ethanol,group2 | ethanol,#18bfb1,*,0.8601142489774624,1.2075873400077168,0.98547868943003,0.1999999999999999,3.2999999999999994,tamsd,,,,,,0.7999999999999998,0.9061175299868223,0.9967009410388181,True
group2,ethanol,ethanol,group2 | ethanol,#18bfb1,*,0.8601142489774624,1.2075873400077168,0.98547868943003,0.1999999999999999,3.2999999999999994,tamsd,,,,,,0.8999999999999998,0.9883478913340108,1.1029653819285046,True
group2,ethanol,ethanol,group2 | ethanol,#18bfb1,*,0.8601142489774624,1.2075873400077168,0.98547868943003,0.1999999999999999,3.2999999999999994,tamsd,,,,,,0.9999999999999998,1.1108483557067355,1.2075873400077166,True
group2,ethanol,ethanol,group2 | ethanol,#18bfb1,*,0.8601142489774624,1.2075873400077168,0.98547868943003,0.1999999999999999,3.2999999999999994,tamsd,,,,,,1.0999999999999996,1.2150858367022208,1.3107533901936426,True
group2,ethanol,ethanol,group2 | ethanol,#18bfb1,*,0.8601142489774624,1.2075873400077168,0.98547868943003,0.1999999999999999,3.2999999999999994,tamsd,,,,,,1.1999999999999997,1.2836347868462243,1.4126138804166175,True
group2,ethanol,ethanol,group2 | ethanol,#18bfb1,*,0.8601142489774624,1.2075873400077168,0.98547868943003,0.1999999999999999,3.2999999999999994,tamsd,,,,,,1.2999999999999998,1.3704808549809018,1.5132924044308302,True
group2,ethanol,ethanol,group2 | ethanol,#18bfb1,*,0.8601142489774624,1.2075873400077168,0.98547868943003,0.1999999999999999,3.2999999999999994,tamsd,,,,,,1.3999999999999997,1.476255679383689,1.6128922570669149,True
group2,ethanol,ethanol,group2 | ethanol,#18bfb1,*,0.8601142489774624,1.2075873400077168,0.98547868943003,0.1999999999999999,3.2999999999999994,tamsd,,,,,,1.4999999999999996,1.5973472789477852,1.711500980958585,True
group2,ethanol,ethanol,group2 | ethanol,#18bfb1,*,0.8601142489774624,1.2075873400077168,0.98547868943003,0.1999999999999999,3.2999999999999994,tamsd,,,,,,1.5999999999999996,1.6827701026663537,1.8091936590581437,True
group2,ethanol,ethanol,group2 | ethanol,#18bfb1,*,0.8601142489774624,1.2075873400077168,0.98547868943003,0.1999999999999999,3.2999999999999994,tamsd,,,,,,1.6999999999999997,1.7694903181869193,1.9060353558935246,True
group2,ethanol,ethanol,group2 | ethanol,#18bfb1,*,0.8601142489774624,1.2075873400077168,0.98547868943003,0.1999999999999999,3.2999999999999994,tamsd,,,,,,1.7999999999999996,1.8805672042414274,2.002082964892051,True
group2,ethanol,ethanol,group2 | ethanol,#18bfb1,*,0.8601142489774624,1.2075873400077168,0.98547868943003,0.1999999999999999,3.2999999999999994,tamsd,,,,,,1.8999999999999995,2.0078636121448956,2.0973866312955636,True
group2,ethanol,ethanol,group2 | ethanol,#18bfb1,*,0.8601142489774624,1.2075873400077168,0.98547868943003,0.1999999999999999,3.2999999999999994,tamsd,,,,,,1.9999999999999996,2.123981578934167,2.1919908654082056,True
group2,ethanol,ethanol,group2 | ethanol,#18bfb1,*,0.8601142489774624,1.2075873400077168,0.98547868943003,0.1999999999999999,3.2999999999999994,tamsd,,,,,,2.0999999999999996,2.2259899314976166,2.2859354257000506,True
group2,ethanol,ethanol,group2 | ethanol,#18bfb1,*,0.8601142489774624,1.2075873400077168,0.98547868943003,0.1999999999999999,3.2999999999999994,tamsd,,,,,,2.1999999999999993,2.332931039028759,2.37925602804758,True
group2,ethanol,ethanol,group2 | ethanol,#18bfb1,*,0.8601142489774624,1.2075873400077168,0.98547868943003,0.1999999999999999,3.2999999999999994,tamsd,,,,,,2.2999999999999994,2.450669106422657,2.471984921692648,True
group2,ethanol,ethanol,group2 | ethanol,#18bfb1,*,0.8601142489774624,1.2075873400077168,0.98547868943003,0.1999999999999999,3.2999999999999994,tamsd,,,,,,2.3999999999999995,2.597428383504444,2.5641513616748237,True
group2,ethanol,ethanol,group2 | ethanol,#18bfb1,*,0.8601142489774624,1.2075873400077168,0.98547868943003,0.1999999999999999,3.2999999999999994,tamsd,,,,,,2.4999999999999996,2.7578910859713677,2.6557819998851744,True
group2,ethanol,ethanol,group2 | ethanol,#18bfb1,*,0.8601142489774624,1.2075873400077168,0.98547868943003,0.1999999999999999,3.2999999999999994,tamsd,,,,,,2.5999999999999996,2.923987414987883,2.7469012114542397,True
group2,ethanol,ethanol,group2 | ethanol,#18bfb1,*,0.8601142489774624,1.2075873400077168,0.98547868943003,0.1999999999999999,3.2999999999999994,tamsd,,,,,,2.6999999999999993,3.0472785403840894,2.8375313692435045,True
group2,ethanol,ethanol,group2 | ethanol,#18bfb1,*,0.8601142489774624,1.2075873400077168,0.98547868943003,0.1999999999999999,3.2999999999999994,tamsd,,,,,,2.7999999999999994,3.1744743102016924,2.927693076308425,True
group2,ethanol,ethanol,group2 | ethanol,#18bfb1,*,0.8601142489774624,1.2075873400077168,0.98547868943003,0.1999999999999999,3.2999999999999994,tamsd,,,,,,2.8999999999999995,3.2975918040146124,3.017405364039123,True
group2,ethanol,ethanol,group2 | ethanol,#18bfb1,*,0.8601142489774624,1.2075873400077168,0.98547868943003,0.1999999999999999,3.2999999999999994,tamsd,,,,,,2.999999999999999,3.4148786053104514,3.106685862054854,True
group2,ethanol,ethanol,group2 | ethanol,#18bfb1,*,0.8601142489774624,1.2075873400077168,0.98547868943003,0.1999999999999999,3.2999999999999994,tamsd,,,,,,3.099999999999999,3.492342761710268,3.195550944686011,True
group2,ethanol,ethanol,group2 | ethanol,#18bfb1,*,0.8601142489774624,1.2075873400077168,0.98547868943003,0.1999999999999999,3.2999999999999994,tamsd,,,,,,3.1999999999999993,3.5556736746188813,3.284015857920932,True
group2,ethanol,ethanol,group2 | ethanol,#18bfb1,*,0.8601142489774624,1.2075873400077168,0.98547868943003,0.1999999999999999,3.2999999999999994,tamsd,,,,,,3.2999999999999994,3.6458046658471477,3.3720948299516285,True
group2,ethyl_acetate,ethyl acetate,group2 | ethyl acetate,#d89a31,o,0.5924181229462456,1.0197460855607472,0.9919102416631363,0.1999999999999999,3.2999999999999994,displacement,0.0,24.827064676914908,24.36812621558184,26.83066368662921,0.0,,,,False
group2,ethyl_acetate,ethyl acetate,group2 | ethyl acetate,#d89a31,o,0.5924181229462456,1.0197460855607472,0.9919102416631363,0.1999999999999999,3.2999999999999994,displacement,0.1,24.56390596488847,24.05999757116315,26.944694692547397,0.4209499252137046,,,,False
group2,ethyl_acetate,ethyl acetate,group2 | ethyl acetate,#d89a31,o,0.5924181229462456,1.0197460855607472,0.9919102416631363,0.1999999999999999,3.2999999999999994,displacement,0.2,24.52970667616038,23.96658291706882,27.456087124573305,0.8005081373248181,,,,False
group2,ethyl_acetate,ethyl acetate,group2 | ethyl acetate,#d89a31,o,0.5924181229462456,1.0197460855607472,0.9919102416631363,0.1999999999999999,3.2999999999999994,displacement,0.3,24.349680698112397,23.753514429138043,27.346803776466444,0.9338328028025874,,,,False
group2,ethyl_acetate,ethyl acetate,group2 | ethyl acetate,#d89a31,o,0.5924181229462456,1.0197460855607472,0.9919102416631363,0.1999999999999999,3.2999999999999994,displacement,0.4,24.30459366625098,23.937174697116824,27.297064989816267,0.8223292186624945,,,,False
group2,ethyl_acetate,ethyl acetate,group2 | ethyl acetate,#d89a31,o,0.5924181229462456,1.0197460855607472,0.9919102416631363,0.1999999999999999,3.2999999999999994,displacement,0.5,24.38549711083328,23.74535801534514,26.54476449897708,0.8152057974164926,,,,False
group2,ethyl_acetate,ethyl acetate,group2 | ethyl acetate,#d89a31,o,0.5924181229462456,1.0197460855607472,0.9919102416631363,0.1999999999999999,3.2999999999999994,displacement,0.6,24.53947628450076,23.912984586923677,26.70940439747947,0.5518738993593206,,,,False
group2,ethyl_acetate,ethyl acetate,group2 | ethyl acetate,#d89a31,o,0.5924181229462456,1.0197460855607472,0.9919102416631363,0.1999999999999999,3.2999999999999994,displacement,0.7,24.433403168786533,24.081300733485808,26.4993787823969,0.589056812144416,,,,False
group2,ethyl_acetate,ethyl acetate,group2 | ethyl acetate,#d89a31,o,0.5924181229462456,1.0197460855607472,0.9919102416631363,0.1999999999999999,3.2999999999999994,displacement,0.8,24.74521558159749,23.941926110504323,26.336467465484063,0.657704879840886,,,,False
group2,ethyl_acetate,ethyl acetate,group2 | ethyl acetate,#d89a31,o,0.5924181229462456,1.0197460855607472,0.9919102416631363,0.1999999999999999,3.2999999999999994,displacement,0.9,24.71017032931792,24.118316389335284,26.382372745513734,0.5263401995626592,,,,False
group2,ethyl_acetate,ethyl acetate,group2 | ethyl acetate,#d89a31,o,0.5924181229462456,1.0197460855607472,0.9919102416631363,0.1999999999999999,3.2999999999999994,displacement,1.0,24.455116861966797,24.292622092175737,26.975990077916617,0.4064059666154272,,,,False
group2,ethyl_acetate,ethyl acetate,group2 | ethyl acetate,#d89a31,o,0.5924181229462456,1.0197460855607472,0.9919102416631363,0.1999999999999999,3.2999999999999994,displacement,1.1,24.616513141490447,24.08061886662244,26.595878105695405,0.4267513254691609,,,,False
group2,ethyl_acetate,ethyl acetate,group2 | ethyl acetate,#d89a31,o,0.5924181229462456,1.0197460855607472,0.9919102416631363,0.1999999999999999,3.2999999999999994,displacement,1.2,24.71664442711444,23.795410132163692,26.81030091444672,0.5836188707219567,,,,False
group2,ethyl_acetate,ethyl acetate,group2 | ethyl acetate,#d89a31,o,0.5924181229462456,1.0197460855607472,0.9919102416631363,0.1999999999999999,3.2999999999999994,displacement,1.3,24.693645681406085,23.60873689315198,26.99600289241652,0.7885491895585443,,,,False
group2,ethyl_acetate,ethyl acetate,group2 | ethyl acetate,#d89a31,o,0.5924181229462456,1.0197460855607472,0.9919102416631363,0.1999999999999999,3.2999999999999994,displacement,1.4,24.778439905337777,23.97740289326373,27.0122304116856,0.4335845461521074,,,,False
group2,ethyl_acetate,ethyl acetate,group2 | ethyl acetate,#d89a31,o,0.5924181229462456,1.0197460855607472,0.9919102416631363,0.1999999999999999,3.2999999999999994,displacement,1.5,24.767849726356506,24.08165502333652,27.06840335902045,0.3769513313211436,,,,False
group2,ethyl_acetate,ethyl acetate,group2 | ethyl acetate,#d89a31,o,0.5924181229462456,1.0197460855607472,0.9919102416631363,0.1999999999999999,3.2999999999999994,displacement,1.6,24.702000355839274,23.814726412165427,27.11840054550148,0.6361485100046289,,,,False
group2,ethyl_acetate,ethyl acetate,group2 | ethyl acetate,#d89a31,o,0.5924181229462456,1.0197460855607472,0.9919102416631363,0.1999999999999999,3.2999999999999994,displacement,1.7,24.804926209875035,24.11556882825609,26.918348571138985,0.2682610381460066,,,,False
group2,ethyl_acetate,ethyl acetate,group2 | ethyl acetate,#d89a31,o,0.5924181229462456,1.0197460855607472,0.9919102416631363,0.1999999999999999,3.2999999999999994,displacement,1.8,24.755836665005862,24.30283488310269,26.94087604725151,0.1465713212444926,,,,False
group2,ethyl_acetate,ethyl acetate,group2 | ethyl acetate,#d89a31,o,0.5924181229462456,1.0197460855607472,0.9919102416631363,0.1999999999999999,3.2999999999999994,displacement,1.9,24.92922629177808,24.562394765882967,26.27740518201648,0.5952077268600211,,,,False
group2,ethyl_acetate,ethyl acetate,group2 | ethyl acetate,#d89a31,o,0.5924181229462456,1.0197460855607472,0.9919102416631363,0.1999999999999999,3.2999999999999994,displacement,2.0,24.66735276636328,24.519017429662707,26.27420759390925,0.5982636843265902,,,,False
group2,ethyl_acetate,ethyl acetate,group2 | ethyl acetate,#d89a31,o,0.5924181229462456,1.0197460855607472,0.9919102416631363,0.1999999999999999,3.2999999999999994,displacement,2.1,24.617548905437545,24.66471587380748,26.25043384530671,0.6844917476677832,,,,False
group2,ethyl_acetate,ethyl acetate,group2 | ethyl acetate,#d89a31,o,0.5924181229462456,1.0197460855607472,0.9919102416631363,0.1999999999999999,3.2999999999999994,displacement,2.2,24.915941956313088,24.6036197555094,25.94548767441899,0.9202678690105548,,,,False
group2,ethyl_acetate,ethyl acetate,group2 | ethyl acetate,#d89a31,o,0.5924181229462456,1.0197460855607472,0.9919102416631363,0.1999999999999999,3.2999999999999994,displacement,2.3,24.8974405989236,24.42490299924116,26.199738648727728,0.6373717729961565,,,,False
group2,ethyl_acetate,ethyl acetate,group2 | ethyl acetate,#d89a31,o,0.5924181229462456,1.0197460855607472,0.9919102416631363,0.1999999999999999,3.2999999999999994,displacement,2.4,25.023620618672386,24.27924633962718,26.029014558593204,0.8301657636103651,,,,False
group2,ethyl_acetate,ethyl acetate,group2 | ethyl acetate,#d89a31,o,0.5924181229462456,1.0197460855607472,0.9919102416631363,0.1999999999999999,3.2999999999999994,displacement,2.5,24.8213158287769,24.16824564512701,25.77904899408648,1.070457263636443,,,,False
group2,ethyl_acetate,ethyl acetate,group2 | ethyl acetate,#d89a31,o,0.5924181229462456,1.0197460855607472,0.9919102416631363,0.1999999999999999,3.2999999999999994,displacement,2.6,24.83963391552409,24.06885568765772,25.757215168746605,1.1144561701509712,,,,False
group2,ethyl_acetate,ethyl acetate,group2 | ethyl acetate,#d89a31,o,0.5924181229462456,1.0197460855607472,0.9919102416631363,0.1999999999999999,3.2999999999999994,displacement,2.7,24.917618728430703,24.322973584441417,25.926135133009165,0.9101706986377932,,,,False
group2,ethyl_acetate,ethyl acetate,group2 | ethyl acetate,#d89a31,o,0.5924181229462456,1.0197460855607472,0.9919102416631363,0.1999999999999999,3.2999999999999994,displacement,2.8,25.013203257598505,24.24700184369493,26.305065657666447,0.5705891452993548,,,,False
group2,ethyl_acetate,ethyl acetate,group2 | ethyl acetate,#d89a31,o,0.5924181229462456,1.0197460855607472,0.9919102416631363,0.1999999999999999,3.2999999999999994,displacement,2.9,25.111984384488736,23.957409638208947,26.502991391499144,0.5976926297760968,,,,False
group2,ethyl_acetate,ethyl acetate,group2 | ethyl acetate,#d89a31,o,0.5924181229462456,1.0197460855607472,0.9919102416631363,0.1999999999999999,3.2999999999999994,displacement,3.0,24.72117656594696,24.46385238595405,27.073556433729067,0.2817315714154225,,,,False
group2,ethyl_acetate,ethyl acetate,group2 | ethyl acetate,#d89a31,o,0.5924181229462456,1.0197460855607472,0.9919102416631363,0.1999999999999999,3.2999999999999994,displacement,3.1,24.94770247737178,24.4626550044612,26.867626570115227,0.1576560356652157,,,,False
group2,ethyl_acetate,ethyl acetate,group2 | ethyl acetate,#d89a31,o,0.5924181229462456,1.0197460855607472,0.9919102416631363,0.1999999999999999,3.2999999999999994,displacement,3.2,24.76100249340728,24.639013428565207,26.463069446009897,0.4613779578438763,,,,False
group2,ethyl_acetate,ethyl acetate,group2 | ethyl acetate,#d89a31,o,0.5924181229462456,1.0197460855607472,0.9919102416631363,0.1999999999999999,3.2999999999999994,displacement,3.3,25.083646949996485,24.56615866600104,26.12413784953537,0.7773223737677323,,,,False
group2,ethyl_acetate,ethyl acetate,group2 | ethyl acetate,#d89a31,o,0.5924181229462456,1.0197460855607472,0.9919102416631363,0.1999999999999999,3.2999999999999994,displacement,3.4,25.152090885353843,24.504378963330016,25.930943821390468,0.9662829209638076,,,,False
group2,ethyl_acetate,ethyl acetate,group2 | ethyl acetate,#d89a31,o,0.5924181229462456,1.0197460855607472,0.9919102416631363,0.1999999999999999,3.2999999999999994,displacement,3.5,25.130442787818247,24.86217304899709,26.26669718611553,0.8088131833028964,,,,False
group2,ethyl_acetate,ethyl acetate,group2 | ethyl acetate,#d89a31,o,0.5924181229462456,1.0197460855607472,0.9919102416631363,0.1999999999999999,3.2999999999999994,displacement,3.6,25.54723753261178,24.538026327680964,26.191042517224474,0.9780747571247164,,,,False
group2,ethyl_acetate,ethyl acetate,group2 | ethyl acetate,#d89a31,o,0.5924181229462456,1.0197460855607472,0.9919102416631363,0.1999999999999999,3.2999999999999994,displacement,3.7,25.288903134749376,24.86438003492289,26.246942011402737,0.8945913080701754,,,,False
group2,ethyl_acetate,ethyl acetate,group2 | ethyl acetate,#d89a31,o,0.5924181229462456,1.0197460855607472,0.9919102416631363,0.1999999999999999,3.2999999999999994,displacement,3.8,24.779239175246264,24.433848901580976,26.766772506403637,0.1033868123863797,,,,False
group2,ethyl_acetate,ethyl acetate,group2 | ethyl acetate,#d89a31,o,0.5924181229462456,1.0197460855607472,0.9919102416631363,0.1999999999999999,3.2999999999999994,displacement,3.9,24.783023594321456,24.52219634512914,26.62341354827555,0.2619729788018951,,,,False
group2,ethyl_acetate,ethyl acetate,group2 | ethyl acetate,#d89a31,o,0.5924181229462456,1.0197460855607472,0.9919102416631363,0.1999999999999999,3.2999999999999994,displacement,4.0,24.725848504526404,24.894847922551214,26.34266890292761,0.7251340421368263,,,,False
group2,ethyl_acetate,ethyl acetate,group2 | ethyl acetate,#d89a31,o,0.5924181229462456,1.0197460855607472,0.9919102416631363,0.1999999999999999,3.2999999999999994,displacement,4.1,24.347758311548706,24.924780607034865,25.71656900309629,1.3344683088334608,,,,False
group2,ethyl_acetate,ethyl acetate,group2 | ethyl acetate,#d89a31,o,0.5924181229462456,1.0197460855607472,0.9919102416631363,0.1999999999999999,3.2999999999999994,displacement,4.2,24.55819489129956,25.07815110441504,25.870509447294157,1.224059830111475,,,,False
group2,ethyl_acetate,ethyl acetate,group2 | ethyl acetate,#d89a31,o,0.5924181229462456,1.0197460855607472,0.9919102416631363,0.1999999999999999,3.2999999999999994,displacement,4.3,24.25755496753483,24.94869251547477,26.69451681424516,0.8245814141184075,,,,False
group2,ethyl_acetate,ethyl acetate,group2 | ethyl acetate,#d89a31,o,0.5924181229462456,1.0197460855607472,0.9919102416631363,0.1999999999999999,3.2999999999999994,displacement,4.4,24.23305889105169,24.67104538629516,27.07615986676461,0.7105429417605188,,,,False
group2,ethyl_acetate,ethyl acetate,group2 | ethyl acetate,#d89a31,o,0.5924181229462456,1.0197460855607472,0.9919102416631363,0.1999999999999999,3.2999999999999994,displacement,4.5,24.22583375733964,24.802074690569537,27.44563452631833,0.963316682750489,,,,False
group2,ethyl_acetate,ethyl acetate,group2 | ethyl acetate,#d89a31,o,0.5924181229462456,1.0197460855607472,0.9919102416631363,0.1999999999999999,3.2999999999999994,displacement,4.6,24.151951393984664,24.579497569984632,27.49230245914943,0.9686184282538596,,,,False
group2,ethyl_acetate,ethyl acetate,group2 | ethyl acetate,#d89a31,o,0.5924181229462456,1.0197460855607472,0.9919102416631363,0.1999999999999999,3.2999999999999994,displacement,4.7,24.34452817735016,24.896171176284167,27.749578135035957,1.1645070705779277,,,,False
group2,ethyl_acetate,ethyl acetate,group2 | ethyl acetate,#d89a31,o,0.5924181229462456,1.0197460855607472,0.9919102416631363,0.1999999999999999,3.2999999999999994,displacement,4.8,24.579431053450065,24.65108369590264,27.73671580513224,0.9809779755854094,,,,False
group2,ethyl_acetate,ethyl acetate,group2 | ethyl acetate,#d89a31,o,0.5924181229462456,1.0197460855607472,0.9919102416631363,0.1999999999999999,3.2999999999999994,displacement,4.9,24.72928334445077,24.761133982153467,27.66651352395986,0.9287955879146644,,,,False
group2,ethyl_acetate,ethyl acetate,group2 | ethyl acetate,#d89a31,o,0.5924181229462456,1.0197460855607472,0.9919102416631363,0.1999999999999999,3.2999999999999994,displacement,5.0,25.030547844996395,25.199403115820576,27.384650173567632,1.0194742332562268,,,,False
group2,ethyl_acetate,ethyl acetate,group2 | ethyl acetate,#d89a31,o,0.5924181229462456,1.0197460855607472,0.9919102416631363,0.1999999999999999,3.2999999999999994,displacement,5.1,24.861211542068546,25.414557665707964,27.27174721776182,1.136107155883323,,,,False
group2,ethyl_acetate,ethyl acetate,group2 | ethyl acetate,#d89a31,o,0.5924181229462456,1.0197460855607472,0.9919102416631363,0.1999999999999999,3.2999999999999994,displacement,5.2,25.16503603550611,25.41219503162806,27.252197136375496,1.1755827410791375,,,,False
group2,ethyl_acetate,ethyl acetate,group2 | ethyl acetate,#d89a31,o,0.5924181229462456,1.0197460855607472,0.9919102416631363,0.1999999999999999,3.2999999999999994,displacement,5.3,25.249502945544524,25.358990271824144,27.421083899168995,1.2283573161467556,,,,False
group2,ethyl_acetate,ethyl acetate,group2 | ethyl acetate,#d89a31,o,0.5924181229462456,1.0197460855607472,0.9919102416631363,0.1999999999999999,3.2999999999999994,displacement,5.4,25.522171078829185,25.537141015730853,27.057523237046155,1.378852337476725,,,,False
group2,ethyl_acetate,ethyl acetate,group2 | ethyl acetate,#d89a31,o,0.5924181229462456,1.0197460855607472,0.9919102416631363,0.1999999999999999,3.2999999999999994,displacement,5.5,25.188204790777704,25.577291787034397,27.084538537681706,1.2872280299247447,,,,False
group2,ethyl_acetate,ethyl acetate,group2 | ethyl acetate,#d89a31,o,0.5924181229462456,1.0197460855607472,0.9919102416631363,0.1999999999999999,3.2999999999999994,displacement,5.6,25.478231018386776,25.653175117816257,26.84293966773756,1.440666160188374,,,,False
group2,ethyl_acetate,ethyl acetate,group2 | ethyl acetate,#d89a31,o,0.5924181229462456,1.0197460855607472,0.9919102416631363,0.1999999999999999,3.2999999999999994,displacement,5.7,25.047908106181826,25.46285671351873,26.849197224721525,1.1169378565514478,,,,False
group2,ethyl_acetate,ethyl acetate,group2 | ethyl acetate,#d89a31,o,0.5924181229462456,1.0197460855607472,0.9919102416631363,0.1999999999999999,3.2999999999999994,displacement,5.8,24.98835553956597,25.41093897621577,27.25872452712436,1.1387314342201609,,,,False
group2,ethyl_acetate,ethyl acetate,group2 | ethyl acetate,#d89a31,o,0.5924181229462456,1.0197460855607472,0.9919102416631363,0.1999999999999999,3.2999999999999994,displacement,5.9,24.90428279862457,25.697965745879124,27.272016574810785,1.40329191067571,,,,False
group2,ethyl_acetate,ethyl acetate,group2 | ethyl acetate,#d89a31,o,0.5924181229462456,1.0197460855607472,0.9919102416631363,0.1999999999999999,3.2999999999999994,displacement,6.0,25.0694889019928,25.8043378393531,27.131816826208052,1.4873353847194286,,,,False
group2,ethyl_acetate,ethyl acetate,group2 | ethyl acetate,#d89a31,o,0.5924181229462456,1.0197460855607472,0.9919102416631363,0.1999999999999999,3.2999999999999994,displacement,6.1,25.15166994242755,25.666128292148024,27.300180002427865,1.417964576415715,,,,False
group2,ethyl_acetate,ethyl acetate,group2 | ethyl acetate,#d89a31,o,0.5924181229462456,1.0197460855607472,0.9919102416631363,0.1999999999999999,3.2999999999999994,displacement,6.2,25.25216163293509,25.59752948862752,27.080215030909063,1.3245435829843184,,,,False
group2,ethyl_acetate,ethyl acetate,group2 | ethyl acetate,#d89a31,o,0.5924181229462456,1.0197460855607472,0.9919102416631363,0.1999999999999999,3.2999999999999994,displacement,6.3,25.333208135417603,25.39263326351254,26.75425507112797,1.1452659814940658,,,,False
group2,ethyl_acetate,ethyl acetate,group2 | ethyl acetate,#d89a31,o,0.5924181229462456,1.0197460855607472,0.9919102416631363,0.1999999999999999,3.2999999999999994,displacement,6.4,25.21399366311354,25.22579531365624,26.704742699372147,0.94929785482969,,,,False
group2,ethyl_acetate,ethyl acetate,group2 | ethyl acetate,#d89a31,o,0.5924181229462456,1.0197460855607472,0.9919102416631363,0.1999999999999999,3.2999999999999994,displacement,6.5,25.433666296370323,25.626744826831576,26.53427052314533,1.4282630152286846,,,,False
group2,ethyl_acetate,ethyl acetate,group2 | ethyl acetate,#d89a31,o,0.5924181229462456,1.0197460855607472,0.9919102416631363,0.1999999999999999,3.2999999999999994,displacement,6.6,25.583646494077904,25.600729674222936,26.517834755967808,1.4797260801156464,,,,False
group2,ethyl_acetate,ethyl acetate,group2 | ethyl acetate,#d89a31,o,0.5924181229462456,1.0197460855607472,0.9919102416631363,0.1999999999999999,3.2999999999999994,displacement,6.7,25.50286116215481,25.61437129795374,26.59971184156079,1.4363726708411224,,,,False
group2,ethyl_acetate,ethyl acetate,group2 | ethyl acetate,#d89a31,o,0.5924181229462456,1.0197460855607472,0.9919102416631363,0.1999999999999999,3.2999999999999994,displacement,6.8,25.43311932689637,25.596523306761732,26.72003662654341,1.374227055040983,,,,False
group2,ethyl_acetate,ethyl acetate,group2 | ethyl acetate,#d89a31,o,0.5924181229462456,1.0197460855607472,0.9919102416631363,0.1999999999999999,3.2999999999999994,displacement,6.9,25.570165554821852,25.19139003892937,26.57669758594741,1.1377438278779592,,,,False
group2,ethyl_acetate,ethyl acetate,group2 | ethyl acetate,#d89a31,o,0.5924181229462456,1.0197460855607472,0.9919102416631363,0.1999999999999999,3.2999999999999994,displacement,7.0,25.210031669566323,25.36603034744129,26.58288940599408,1.0972094002454118,,,,False
group2,ethyl_acetate,ethyl acetate,group2 | ethyl acetate,#d89a31,o,0.5924181229462456,1.0197460855607472,0.9919102416631363,0.1999999999999999,3.2999999999999994,displacement,7.1,25.42995549588773,25.55244849102762,26.894313228191,1.3304690360394764,,,,False
group2,ethyl_acetate,ethyl acetate,group2 | ethyl acetate,#d89a31,o,0.5924181229462456,1.0197460855607472,0.9919102416631363,0.1999999999999999,3.2999999999999994,displacement,7.2,25.6524319842929,25.541244870139074,26.788571000765984,1.4349949003260447,,,,False
group2,ethyl_acetate,ethyl acetate,group2 | ethyl acetate,#d89a31,o,0.5924181229462456,1.0197460855607472,0.9919102416631363,0.1999999999999999,3.2999999999999994,displacement,7.3,25.493982656299075,25.33651912755918,26.8246237197915,1.175840509760236,,,,False
group2,ethyl_acetate,ethyl acetate,group2 | ethyl acetate,#d89a31,o,0.5924181229462456,1.0197460855607472,0.9919102416631363,0.1999999999999999,3.2999999999999994,displacement,7.4,25.56752012825251,25.690251552927112,26.30575063046427,1.603690556060722,,,,False
group2,ethyl_acetate,ethyl acetate,group2 | ethyl acetate,#d89a31,o,0.5924181229462456,1.0197460855607472,0.9919102416631363,0.1999999999999999,3.2999999999999994,displacement,7.5,25.636185402534934,25.406132195404407,25.973406285630467,1.5706759736948996,,,,False
group2,ethyl_acetate,ethyl acetate,group2 | ethyl acetate,#d89a31,o,0.5924181229462456,1.0197460855607472,0.9919102416631363,0.1999999999999999,3.2999999999999994,displacement,7.6,25.562130333790385,25.44031596287053,25.71898091237818,1.7104826700891336,,,,False
group2,ethyl_acetate,ethyl acetate,group2 | ethyl acetate,#d89a31,o,0.5924181229462456,1.0197460855607472,0.9919102416631363,0.1999999999999999,3.2999999999999994,displacement,7.7,25.21605658207963,25.992903697864172,25.359471210737414,2.226123058219389,,,,False
group2,ethyl_acetate,ethyl acetate,group2 | ethyl acetate,#d89a31,o,0.5924181229462456,1.0197460855607472,0.9919102416631363,0.1999999999999999,3.2999999999999994,displacement,7.8,25.386693745565942,25.811459604120728,25.888011369448005,1.8124539597014544,,,,False
group2,ethyl_acetate,ethyl acetate,group2 | ethyl acetate,#d89a31,o,0.5924181229462456,1.0197460855607472,0.9919102416631363,0.1999999999999999,3.2999999999999994,displacement,7.9,25.47647401797889,26.00498209282545,26.564663912494883,1.7809507390626047,,,,False
group2,ethyl_acetate,ethyl acetate,group2 | ethyl acetate,#d89a31,o,0.5924181229462456,1.0197460855607472,0.9919102416631363,0.1999999999999999,3.2999999999999994,displacement,8.0,25.53085523316855,26.27381057903793,26.532669619269814,2.053230260924054,,,,False
group2,ethyl_acetate,ethyl acetate,group2 | ethyl acetate,#d89a31,o,0.5924181229462456,1.0197460855607472,0.9919102416631363,0.1999999999999999,3.2999999999999994,displacement,8.1,25.3866613675098,26.339617276803388,26.11161635669595,2.1718550880031984,,,,False
group2,ethyl_acetate,ethyl acetate,group2 | ethyl acetate,#d89a31,o,0.5924181229462456,1.0197460855607472,0.9919102416631363,0.1999999999999999,3.2999999999999994,displacement,8.2,25.5236139179583,26.16353892434381,26.410595637739537,1.971077067412668,,,,False
group2,ethyl_acetate,ethyl acetate,group2 | ethyl acetate,#d89a31,o,0.5924181229462456,1.0197460855607472,0.9919102416631363,0.1999999999999999,3.2999999999999994,displacement,8.3,25.57739575395649,25.95462163798281,26.34576072241501,1.8207403261248845,,,,False
group2,ethyl_acetate,ethyl acetate,group2 | ethyl acetate,#d89a31,o,0.5924181229462456,1.0197460855607472,0.9919102416631363,0.1999999999999999,3.2999999999999994,displacement,8.4,25.56929305436024,25.329036783775184,26.88621728517948,1.2154580563156725,,,,False
group2,ethyl_acetate,ethyl acetate,group2 | ethyl acetate,#d89a31,o,0.5924181229462456,1.0197460855607472,0.9919102416631363,0.1999999999999999,3.2999999999999994,displacement,8.5,25.5088541835975,25.59497284176268,26.49918737577428,1.4421740949870765,,,,False
group2,ethyl_acetate,ethyl acetate,group2 | ethyl acetate,#d89a31,o,0.5924181229462456,1.0197460855607472,0.9919102416631363,0.1999999999999999,3.2999999999999994,displacement,8.6,25.57941748836445,25.415976277742548,26.525108736303658,1.325665241806803,,,,False
group2,ethyl_acetate,ethyl acetate,group2 | ethyl acetate,#d89a31,o,0.5924181229462456,1.0197460855607472,0.9919102416631363,0.1999999999999999,3.2999999999999994,displacement,8.7,25.621280521558287,25.21486765255624,26.32699538145881,1.2654768392212057,,,,False
group2,ethyl_acetate,ethyl acetate,group2 | ethyl acetate,#d89a31,o,0.5924181229462456,1.0197460855607472,0.9919102416631363,0.1999999999999999,3.2999999999999994,displacement,8.8,25.832333713205685,25.50917519785088,26.10973949707514,1.6829409681704208,,,,False
group2,ethyl_acetate,ethyl acetate,group2 | ethyl acetate,#d89a31,o,0.5924181229462456,1.0197460855607472,0.9919102416631363,0.1999999999999999,3.2999999999999994,displacement,8.9,25.86948474721061,25.467219895448878,26.46515667816192,1.558281711795935,,,,False
group2,ethyl_acetate,ethyl acetate,group2 | ethyl acetate,#d89a31,o,0.5924181229462456,1.0197460855607472,0.9919102416631363,0.1999999999999999,3.2999999999999994,displacement,9.0,25.972559552057334,25.438586363723548,26.71094753970725,1.5723788963131542,,,,False
group2,ethyl_acetate,ethyl acetate,group2 | ethyl acetate,#d89a31,o,0.5924181229462456,1.0197460855607472,0.9919102416631363,0.1999999999999999,3.2999999999999994,displacement,9.1,26.21258752232342,25.400370582305133,27.20163442354083,1.7671506091518128,,,,False
group2,ethyl_acetate,ethyl acetate,group2 | ethyl acetate,#d89a31,o,0.5924181229462456,1.0197460855607472,0.9919102416631363,0.1999999999999999,3.2999999999999994,displacement,9.2,26.19797752413473,25.02266369800796,27.496744523951588,1.6587600888679344,,,,False
group2,ethyl_acetate,ethyl acetate,group2 | ethyl acetate,#d89a31,o,0.5924181229462456,1.0197460855607472,0.9919102416631363,0.1999999999999999,3.2999999999999994,displacement,9.3,26.34144220649044,24.947162683827376,27.463692847991293,1.7405023564409028,,,,False
group2,ethyl_acetate,ethyl acetate,group2 | ethyl acetate,#d89a31,o,0.5924181229462456,1.0197460855607472,0.9919102416631363,0.1999999999999999,3.2999999999999994,displacement,9.4,26.53108680365248,24.900585959804253,27.305012613651375,1.8472172834281624,,,,False
group2,ethyl_acetate,ethyl acetate,group2 | ethyl acetate,#d89a31,o,0.5924181229462456,1.0197460855607472,0.9919102416631363,0.1999999999999999,3.2999999999999994,displacement,9.5,26.74344981353643,25.245002032984736,27.47297422113042,2.203180885388467,,,,False
group2,ethyl_acetate,ethyl acetate,group2 | ethyl acetate,#d89a31,o,0.5924181229462456,1.0197460855607472,0.9919102416631363,0.1999999999999999,3.2999999999999994,displacement,9.6,26.32695875698309,25.57431461564432,27.230185454410204,1.9657543973751417,,,,False
group2,ethyl_acetate,ethyl acetate,group2 | ethyl acetate,#d89a31,o,0.5924181229462456,1.0197460855607472,0.9919102416631363,0.1999999999999999,3.2999999999999994,displacement,9.7,26.45215255689869,25.45527738304488,27.65364781789088,2.1213465438006502,,,,False
group2,ethyl_acetate,ethyl acetate,group2 | ethyl acetate,#d89a31,o,0.5924181229462456,1.0197460855607472,0.9919102416631363,0.1999999999999999,3.2999999999999994,displacement,9.8,26.602323604325072,25.41927747195179,27.55376008292992,2.186168250949746,,,,False
group2,ethyl_acetate,ethyl acetate,group2 | ethyl acetate,#d89a31,o,0.5924181229462456,1.0197460855607472,0.9919102416631363,0.1999999999999999,3.2999999999999994,displacement,9.9,26.41780604675573,25.866651675260137,27.331304515542104,2.242025400971561,,,,False
group2,ethyl_acetate,ethyl acetate,group2 | ethyl acetate,#d89a31,o,0.5924181229462456,1.0197460855607472,0.9919102416631363,0.1999999999999999,3.2999999999999994,displacement,10.0,26.812684831789035,25.55753178729353,27.23335373034524,2.34936848637441,,,,False
group2,ethyl_acetate,ethyl acetate,group2 | ethyl acetate,#d89a31,o,0.5924181229462456,1.0197460855607472,0.9919102416631363,0.1999999999999999,3.2999999999999994,tamsd,,,,,,0.09999999999999998,0.18302089353714915,0.26065971972439245,False
group2,ethyl_acetate,ethyl acetate,group2 | ethyl acetate,#d89a31,o,0.5924181229462456,1.0197460855607472,0.9919102416631363,0.1999999999999999,3.2999999999999994,tamsd,,,,,,0.19999999999999996,0.34158433153412626,0.39301538256152535,True
group2,ethyl_acetate,ethyl acetate,group2 | ethyl acetate,#d89a31,o,0.5924181229462456,1.0197460855607472,0.9919102416631363,0.1999999999999999,3.2999999999999994,tamsd,,,,,,0.29999999999999993,0.49788203508040113,0.49972284300671166,True
group2,ethyl_acetate,ethyl acetate,group2 | ethyl acetate,#d89a31,o,0.5924181229462456,1.0197460855607472,0.9919102416631363,0.1999999999999999,3.2999999999999994,tamsd,,,,,,0.3999999999999999,0.6378323778954637,0.5925775225006035,True
group2,ethyl_acetate,ethyl acetate,group2 | ethyl acetate,#d89a31,o,0.5924181229462456,1.0197460855607472,0.9919102416631363,0.1999999999999999,3.2999999999999994,tamsd,,,,,,0.4999999999999999,0.7223178838303292,0.6763265272719939,True
group2,ethyl_acetate,ethyl acetate,group2 | ethyl acetate,#d89a31,o,0.5924181229462456,1.0197460855607472,0.9919102416631363,0.1999999999999999,3.2999999999999994,tamsd,,,,,,0.5999999999999999,0.7957237746619349,0.7534680253883391,True
group2,ethyl_acetate,ethyl acetate,group2 | ethyl acetate,#d89a31,o,0.5924181229462456,1.0197460855607472,0.9919102416631363,0.1999999999999999,3.2999999999999994,tamsd,,,,,,0.6999999999999998,0.8624044545185244,0.8255156643525405,True
group2,ethyl_acetate,ethyl acetate,group2 | ethyl acetate,#d89a31,o,0.5924181229462456,1.0197460855607472,0.9919102416631363,0.1999999999999999,3.2999999999999994,tamsd,,,,,,0.7999999999999998,0.9089659384860128,0.8934716953934546,True
group2,ethyl_acetate,ethyl acetate,group2 | ethyl acetate,#d89a31,o,0.5924181229462456,1.0197460855607472,0.9919102416631363,0.1999999999999999,3.2999999999999994,tamsd,,,,,,0.8999999999999998,0.9728936038350257,0.9580418489161048,True
group2,ethyl_acetate,ethyl acetate,group2 | ethyl acetate,#d89a31,o,0.5924181229462456,1.0197460855607472,0.9919102416631363,0.1999999999999999,3.2999999999999994,tamsd,,,,,,0.9999999999999998,1.0342592216841031,1.019746085560747,True
group2,ethyl_acetate,ethyl acetate,group2 | ethyl acetate,#d89a31,o,0.5924181229462456,1.0197460855607472,0.9919102416631363,0.1999999999999999,3.2999999999999994,tamsd,,,,,,1.0999999999999996,1.0767571826857323,1.0789810660069845,True
group2,ethyl_acetate,ethyl acetate,group2 | ethyl acetate,#d89a31,o,0.5924181229462456,1.0197460855607472,0.9919102416631363,0.1999999999999999,3.2999999999999994,tamsd,,,,,,1.1999999999999997,1.1155825593291009,1.136057863328409,True
group2,ethyl_acetate,ethyl acetate,group2 | ethyl acetate,#d89a31,o,0.5924181229462456,1.0197460855607472,0.9919102416631363,0.1999999999999999,3.2999999999999994,tamsd,,,,,,1.2999999999999998,1.1358220191049282,1.1912259723480396,True
group2,ethyl_acetate,ethyl acetate,group2 | ethyl acetate,#d89a31,o,0.5924181229462456,1.0197460855607472,0.9919102416631363,0.1999999999999999,3.2999999999999994,tamsd,,,,,,1.3999999999999997,1.1721078781725605,1.2446892637615483,True
group2,ethyl_acetate,ethyl acetate,group2 | ethyl acetate,#d89a31,o,0.5924181229462456,1.0197460855607472,0.9919102416631363,0.1999999999999999,3.2999999999999994,tamsd,,,,,,1.4999999999999996,1.2444261716939213,1.2966169662369564,True
group2,ethyl_acetate,ethyl acetate,group2 | ethyl acetate,#d89a31,o,0.5924181229462456,1.0197460855607472,0.9919102416631363,0.1999999999999999,3.2999999999999994,tamsd,,,,,,1.5999999999999996,1.3378127884463629,1.347151453029407,True
group2,ethyl_acetate,ethyl acetate,group2 | ethyl acetate,#d89a31,o,0.5924181229462456,1.0197460855607472,0.9919102416631363,0.1999999999999999,3.2999999999999994,tamsd,,,,,,1.6999999999999997,1.4078023800491246,1.3964139037580567,True
group2,ethyl_acetate,ethyl acetate,group2 | ethyl acetate,#d89a31,o,0.5924181229462456,1.0197460855607472,0.9919102416631363,0.1999999999999999,3.2999999999999994,tamsd,,,,,,1.7999999999999996,1.4623095660608165,1.4445085115561065,True
group2,ethyl_acetate,ethyl acetate,group2 | ethyl acetate,#d89a31,o,0.5924181229462456,1.0197460855607472,0.9919102416631363,0.1999999999999999,3.2999999999999994,tamsd,,,,,,1.8999999999999995,1.5214117071700883,1.4915256690270402,True
group2,ethyl_acetate,ethyl acetate,group2 | ethyl acetate,#d89a31,o,0.5924181229462456,1.0197460855607472,0.9919102416631363,0.1999999999999999,3.2999999999999994,tamsd,,,,,,1.9999999999999996,1.5427305380595644,1.5375444213476248,True
group2,ethyl_acetate,ethyl acetate,group2 | ethyl acetate,#d89a31,o,0.5924181229462456,1.0197460855607472,0.9919102416631363,0.1999999999999999,3.2999999999999994,tamsd,,,,,,2.0999999999999996,1.6149591916878396,1.5826343831452436,True
group2,ethyl_acetate,ethyl acetate,group2 | ethyl acetate,#d89a31,o,0.5924181229462456,1.0197460855607472,0.9919102416631363,0.1999999999999999,3.2999999999999994,tamsd,,,,,,2.1999999999999993,1.6784674666717485,1.6268572562026526,True
group2,ethyl_acetate,ethyl acetate,group2 | ethyl acetate,#d89a31,o,0.5924181229462456,1.0197460855607472,0.9919102416631363,0.1999999999999999,3.2999999999999994,tamsd,,,,,,2.2999999999999994,1.7148002874619057,1.6702680453988927,True
group2,ethyl_acetate,ethyl acetate,group2 | ethyl acetate,#d89a31,o,0.5924181229462456,1.0197460855607472,0.9919102416631363,0.1999999999999999,3.2999999999999994,tamsd,,,,,,2.3999999999999995,1.735974316306949,1.7129160433385584,True
group2,ethyl_acetate,ethyl acetate,group2 | ethyl acetate,#d89a31,o,0.5924181229462456,1.0197460855607472,0.9919102416631363,0.1999999999999999,3.2999999999999994,tamsd,,,,,,2.4999999999999996,1.7515132658059396,1.7548456354339823,True
group2,ethyl_acetate,ethyl acetate,group2 | ethyl acetate,#d89a31,o,0.5924181229462456,1.0197460855607472,0.9919102416631363,0.1999999999999999,3.2999999999999994,tamsd,,,,,,2.5999999999999996,1.786603236262891,1.7960969640211686,True
group2,ethyl_acetate,ethyl acetate,group2 | ethyl acetate,#d89a31,o,0.5924181229462456,1.0197460855607472,0.9919102416631363,0.1999999999999999,3.2999999999999994,tamsd,,,,,,2.6999999999999993,1.8334325200853943,1.836706480640632,True
group2,ethyl_acetate,ethyl acetate,group2 | ethyl acetate,#d89a31,o,0.5924181229462456,1.0197460855607472,0.9919102416631363,0.1999999999999999,3.2999999999999994,tamsd,,,,,,2.7999999999999994,1.858923012850763,1.8767074087423368,True
group2,ethyl_acetate,ethyl acetate,group2 | ethyl acetate,#d89a31,o,0.5924181229462456,1.0197460855607472,0.9919102416631363,0.1999999999999999,3.2999999999999994,tamsd,,,,,,2.8999999999999995,1.9075003217008712,1.9161301340097663,True
group2,ethyl_acetate,ethyl acetate,group2 | ethyl acetate,#d89a31,o,0.5924181229462456,1.0197460855607472,0.9919102416631363,0.1999999999999999,3.2999999999999994,tamsd,,,,,,2.999999999999999,1.9455982798145377,1.9550025357204996,True
group2,ethyl_acetate,ethyl acetate,group2 | ethyl acetate,#d89a31,o,0.5924181229462456,1.0197460855607472,0.9919102416631363,0.1999999999999999,3.2999999999999994,tamsd,,,,,,3.099999999999999,1.9591851131774067,1.9933502697107757,True
group2,ethyl_acetate,ethyl acetate,group2 | ethyl acetate,#d89a31,o,0.5924181229462456,1.0197460855607472,0.9919102416631363,0.1999999999999999,3.2999999999999994,tamsd,,,,,,3.1999999999999993,1.9894566374605087,2.0311970113390765,True
group2,ethyl_acetate,ethyl acetate,group2 | ethyl acetate,#d89a31,o,0.5924181229462456,1.0197460855607472,0.9919102416631363,0.1999999999999999,3.2999999999999994,tamsd,,,,,,3.2999999999999994,2.0009247575826263,2.0685646651716456,True
group2,isopropanol,isopropanol,group2 | isopropanol,#4414a3,s,0.4635155971588829,0.9390095023212007,0.882251561501154,0.1999999999999999,3.2999999999999994,displacement,0.0,23.32706467691491,22.86812621558184,25.330663686629205,0.0,,,,False
group2,isopropanol,isopropanol,group2 | isopropanol,#4414a3,s,0.4635155971588829,0.9390095023212007,0.882251561501154,0.1999999999999999,3.2999999999999994,displacement,0.1,23.157507755004843,22.46865437926209,25.652184014372,0.540095009171644,,,,False
group2,isopropanol,isopropanol,group2 | isopropanol,#4414a3,s,0.4635155971588829,0.9390095023212007,0.882251561501154,0.1999999999999999,3.2999999999999994,displacement,0.2,23.46124364322175,22.715944110343983,25.688416591742293,0.4112791378986435,,,,False
group2,isopropanol,isopropanol,group2 | isopropanol,#4414a3,s,0.4635155971588829,0.9390095023212007,0.882251561501154,0.1999999999999999,3.2999999999999994,displacement,0.3,23.24597884146553,22.72832968296155,25.7038459493516,0.4066730682671082,,,,False
group2,isopropanol,isopropanol,group2 | isopropanol,#4414a3,s,0.4635155971588829,0.9390095023212007,0.882251561501154,0.1999999999999999,3.2999999999999994,displacement,0.4,23.36694628673501,22.629520338946616,25.897042907507416,0.6158804502574471,,,,False
group2,isopropanol,isopropanol,group2 | isopropanol,#4414a3,s,0.4635155971588829,0.9390095023212007,0.882251561501154,0.1999999999999999,3.2999999999999994,displacement,0.5,23.350279379899654,22.52762375698808,25.53929489111579,0.4000097826661082,,,,False
group2,isopropanol,isopropanol,group2 | isopropanol,#4414a3,s,0.4635155971588829,0.9390095023212007,0.882251561501154,0.1999999999999999,3.2999999999999994,displacement,0.6,23.19061664181404,22.421638525998816,25.758422861727265,0.633203944328087,,,,False
group2,isopropanol,isopropanol,group2 | isopropanol,#4414a3,s,0.4635155971588829,0.9390095023212007,0.882251561501154,0.1999999999999999,3.2999999999999994,displacement,0.7,23.31652095912438,22.65840531587845,26.16200810473224,0.8574541196287494,,,,False
group2,isopropanol,isopropanol,group2 | isopropanol,#4414a3,s,0.4635155971588829,0.9390095023212007,0.882251561501154,0.1999999999999999,3.2999999999999994,displacement,0.8,23.468305233146157,22.52324890328786,26.630225535420458,1.3519431401110655,,,,False
group2,isopropanol,isopropanol,group2 | isopropanol,#4414a3,s,0.4635155971588829,0.9390095023212007,0.882251561501154,0.1999999999999999,3.2999999999999994,displacement,0.9,23.499545770053544,22.81418821392269,26.828716315780927,1.508913753407287,,,,False
group2,isopropanol,isopropanol,group2 | isopropanol,#4414a3,s,0.4635155971588829,0.9390095023212007,0.882251561501154,0.1999999999999999,3.2999999999999994,displacement,1.0,23.134525472642014,22.94153847309629,26.629418545617845,1.3149999575977225,,,,False
group2,isopropanol,isopropanol,group2 | isopropanol,#4414a3,s,0.4635155971588829,0.9390095023212007,0.882251561501154,0.1999999999999999,3.2999999999999994,displacement,1.1,23.442561014504538,23.031173089645087,26.67748506766427,1.361562161471748,,,,False
group2,isopropanol,isopropanol,group2 | isopropanol,#4414a3,s,0.4635155971588829,0.9390095023212007,0.882251561501154,0.1999999999999999,3.2999999999999994,displacement,1.2,23.35304250728544,23.178677920460046,26.95515274516141,1.6541106100755087,,,,False
group2,isopropanol,isopropanol,group2 | isopropanol,#4414a3,s,0.4635155971588829,0.9390095023212007,0.882251561501154,0.1999999999999999,3.2999999999999994,displacement,1.3,23.285015528125477,22.987998412492587,26.9206134378316,1.5950165158563965,,,,False
group2,isopropanol,isopropanol,group2 | isopropanol,#4414a3,s,0.4635155971588829,0.9390095023212007,0.882251561501154,0.1999999999999999,3.2999999999999994,displacement,1.4,23.087710947534624,22.863537222236157,27.34888979739116,2.0323749409962484,,,,False
group2,isopropanol,isopropanol,group2 | isopropanol,#4414a3,s,0.4635155971588829,0.9390095023212007,0.882251561501154,0.1999999999999999,3.2999999999999994,displacement,1.5,23.318229415635457,22.869725511323267,27.23505449105479,1.9044119710738725,,,,False
group2,isopropanol,isopropanol,group2 | isopropanol,#4414a3,s,0.4635155971588829,0.9390095023212007,0.882251561501154,0.1999999999999999,3.2999999999999994,displacement,1.6,23.666819482914264,22.8509605879044,27.56741485083584,2.262472929684014,,,,False
group2,isopropanol,isopropanol,group2 | isopropanol,#4414a3,s,0.4635155971588829,0.9390095023212007,0.882251561501154,0.1999999999999999,3.2999999999999994,displacement,1.7,24.07290958948053,22.34584821190223,27.7553983817646,2.5900573909705,,,,False
group2,isopropanol,isopropanol,group2 | isopropanol,#4414a3,s,0.4635155971588829,0.9390095023212007,0.882251561501154,0.1999999999999999,3.2999999999999994,displacement,1.8,23.8584969047676,22.448597624819392,27.16925528956404,1.9592966936250569,,,,False
group2,isopropanol,isopropanol,group2 | isopropanol,#4414a3,s,0.4635155971588829,0.9390095023212007,0.882251561501154,0.1999999999999999,3.2999999999999994,displacement,1.9,23.323502051851765,22.552690230360223,27.067204145585837,1.7649604297726822,,,,False
group2,isopropanol,isopropanol,group2 | isopropanol,#4414a3,s,0.4635155971588829,0.9390095023212007,0.882251561501154,0.1999999999999999,3.2999999999999994,displacement,2.0,23.64470327597698,22.45145369040422,26.805703732196704,1.5653285306541171,,,,False
group2,isopropanol,isopropanol,group2 | isopropanol,#4414a3,s,0.4635155971588829,0.9390095023212007,0.882251561501154,0.1999999999999999,3.2999999999999994,displacement,2.1,23.17683131768297,22.468845019349,26.7575997876752,1.4893428659511518,,,,False
group2,isopropanol,isopropanol,group2 | isopropanol,#4414a3,s,0.4635155971588829,0.9390095023212007,0.882251561501154,0.1999999999999999,3.2999999999999994,displacement,2.2,23.431438606014133,22.357534298856304,27.13157403855779,1.8748002875465448,,,,False
group2,isopropanol,isopropanol,group2 | isopropanol,#4414a3,s,0.4635155971588829,0.9390095023212007,0.882251561501154,0.1999999999999999,3.2999999999999994,displacement,2.3,23.308569402336115,22.02604646264412,27.20805696823742,2.0576797416792187,,,,False
group2,isopropanol,isopropanol,group2 | isopropanol,#4414a3,s,0.4635155971588829,0.9390095023212007,0.882251561501154,0.1999999999999999,3.2999999999999994,displacement,2.4,23.2192849204583,22.14761194233623,26.843078747571315,1.6787366113887618,,,,False
group2,isopropanol,isopropanol,group2 | isopropanol,#4414a3,s,0.4635155971588829,0.9390095023212007,0.882251561501154,0.1999999999999999,3.2999999999999994,displacement,2.5,23.28803035331661,22.347814335048856,26.99133989850642,1.7407164077291304,,,,False
group2,isopropanol,isopropanol,group2 | isopropanol,#4414a3,s,0.4635155971588829,0.9390095023212007,0.882251561501154,0.1999999999999999,3.2999999999999994,displacement,2.6,23.12757282245444,21.923546514510704,26.94652892913484,1.8822986727959767,,,,False
group2,isopropanol,isopropanol,group2 | isopropanol,#4414a3,s,0.4635155971588829,0.9390095023212007,0.882251561501154,0.1999999999999999,3.2999999999999994,displacement,2.7,23.50902390968851,22.178118135740927,26.72391040063937,1.5653615297232228,,,,False
group2,isopropanol,isopropanol,group2 | isopropanol,#4414a3,s,0.4635155971588829,0.9390095023212007,0.882251561501154,0.1999999999999999,3.2999999999999994,displacement,2.8,23.15895410760805,21.90845059290581,26.28558007706865,1.3642227739636927,,,,False
group2,isopropanol,isopropanol,group2 | isopropanol,#4414a3,s,0.4635155971588829,0.9390095023212007,0.882251561501154,0.1999999999999999,3.2999999999999994,displacement,2.9,23.506102617355708,21.94843488552413,26.514434979917045,1.5097023552717184,,,,False
group2,isopropanol,isopropanol,group2 | isopropanol,#4414a3,s,0.4635155971588829,0.9390095023212007,0.882251561501154,0.1999999999999999,3.2999999999999994,displacement,3.0,23.315146695909785,22.04171630737145,27.079674525184437,1.9344596889165744,,,,False
group2,isopropanol,isopropanol,group2 | isopropanol,#4414a3,s,0.4635155971588829,0.9390095023212007,0.882251561501154,0.1999999999999999,3.2999999999999994,displacement,3.1,23.036535459169844,22.228063021809792,27.558197365836048,2.335807014799384,,,,False
group2,isopropanol,isopropanol,group2 | isopropanol,#4414a3,s,0.4635155971588829,0.9390095023212007,0.882251561501154,0.1999999999999999,3.2999999999999994,displacement,3.2,23.33440663393055,22.493264867769973,27.837599991030448,2.534818448871854,,,,False
group2,isopropanol,isopropanol,group2 | isopropanol,#4414a3,s,0.4635155971588829,0.9390095023212007,0.882251561501154,0.1999999999999999,3.2999999999999994,displacement,3.3,23.66447662399549,22.7961002913371,27.675053046199235,2.369640484348036,,,,False
group2,isopropanol,isopropanol,group2 | isopropanol,#4414a3,s,0.4635155971588829,0.9390095023212007,0.882251561501154,0.1999999999999999,3.2999999999999994,displacement,3.4,23.71492636301457,23.062492972697463,27.021843538640283,1.7459394077870882,,,,False
group2,isopropanol,isopropanol,group2 | isopropanol,#4414a3,s,0.4635155971588829,0.9390095023212007,0.882251561501154,0.1999999999999999,3.2999999999999994,displacement,3.5,23.638739729327117,23.213401553741548,26.79690455159705,1.5382518231873197,,,,False
group2,isopropanol,isopropanol,group2 | isopropanol,#4414a3,s,0.4635155971588829,0.9390095023212007,0.882251561501154,0.1999999999999999,3.2999999999999994,displacement,3.6,23.921553247739165,22.85092321210153,26.873806749644395,1.6537844832689992,,,,False
group2,isopropanol,isopropanol,group2 | isopropanol,#4414a3,s,0.4635155971588829,0.9390095023212007,0.882251561501154,0.1999999999999999,3.2999999999999994,displacement,3.7,23.768293308344788,22.82462511642948,27.00362230500018,1.7307124514495968,,,,False
group2,isopropanol,isopropanol,group2 | isopropanol,#4414a3,s,0.4635155971588829,0.9390095023212007,0.882251561501154,0.1999999999999999,3.2999999999999994,displacement,3.8,23.670602205904864,22.70386562734846,26.86782382219109,1.583622700339935,,,,False
group2,isopropanol,isopropanol,group2 | isopropanol,#4414a3,s,0.4635155971588829,0.9390095023212007,0.882251561501154,0.1999999999999999,3.2999999999999994,displacement,3.9,23.72653653926492,22.91859963222043,27.076545080612256,1.7917106843608317,,,,False
group2,isopropanol,isopropanol,group2 | isopropanol,#4414a3,s,0.4635155971588829,0.9390095023212007,0.882251561501154,0.1999999999999999,3.2999999999999994,displacement,4.0,23.84411654597413,22.79712350155484,27.14404105235995,1.886987411521712,,,,False
group2,isopropanol,isopropanol,group2 | isopropanol,#4414a3,s,0.4635155971588829,0.9390095023212007,0.882251561501154,0.1999999999999999,3.2999999999999994,displacement,4.1,23.920106354541872,22.517891553363388,27.31572435144201,2.1011493504767653,,,,False
group2,isopropanol,isopropanol,group2 | isopropanol,#4414a3,s,0.4635155971588829,0.9390095023212007,0.882251561501154,0.1999999999999999,3.2999999999999994,displacement,4.2,23.98649235944332,22.474399314637765,27.31910278686227,2.1316087343477226,,,,False
group2,isopropanol,isopropanol,group2 | isopropanol,#4414a3,s,0.4635155971588829,0.9390095023212007,0.882251561501154,0.1999999999999999,3.2999999999999994,displacement,4.3,24.08330597314952,22.51450687326623,27.034567994925805,1.8974291631631577,,,,False
group2,isopropanol,isopropanol,group2 | isopropanol,#4414a3,s,0.4635155971588829,0.9390095023212007,0.882251561501154,0.1999999999999999,3.2999999999999994,displacement,4.4,23.76774194377335,22.567492958779678,27.06913419555396,1.8184764279534629,,,,False
group2,isopropanol,isopropanol,group2 | isopropanol,#4414a3,s,0.4635155971588829,0.9390095023212007,0.882251561501154,0.1999999999999999,3.2999999999999994,displacement,4.5,23.83744095599859,22.46555427526134,27.15359475055599,1.9353619240891229,,,,False
group2,isopropanol,isopropanol,group2 | isopropanol,#4414a3,s,0.4635155971588829,0.9390095023212007,0.882251561501154,0.1999999999999999,3.2999999999999994,displacement,4.6,24.06663800925947,22.34187785136208,27.170709394924035,2.051749074173895,,,,False
group2,isopropanol,isopropanol,group2 | isopropanol,#4414a3,s,0.4635155971588829,0.9390095023212007,0.882251561501154,0.1999999999999999,3.2999999999999994,displacement,4.7,24.081840041264197,22.259708504633,27.16803286237748,2.0774463770732323,,,,False
group2,isopropanol,isopropanol,group2 | isopropanol,#4414a3,s,0.4635155971588829,0.9390095023212007,0.882251561501154,0.1999999999999999,3.2999999999999994,displacement,4.8,24.04139808836722,22.333769071236222,26.68413695462967,1.621018096019335,,,,False
group2,isopropanol,isopropanol,group2 | isopropanol,#4414a3,s,0.4635155971588829,0.9390095023212007,0.882251561501154,0.1999999999999999,3.2999999999999994,displacement,4.9,23.811377693452037,22.277137737077428,26.56100400912984,1.448296857996736,,,,False
group2,isopropanol,isopropanol,group2 | isopropanol,#4414a3,s,0.4635155971588829,0.9390095023212007,0.882251561501154,0.1999999999999999,3.2999999999999994,displacement,5.0,23.59060814982382,22.053630811187368,26.589452209168748,1.5223030152929102,,,,False
group2,isopropanol,isopropanol,group2 | isopropanol,#4414a3,s,0.4635155971588829,0.9390095023212007,0.882251561501154,0.1999999999999999,3.2999999999999994,displacement,5.1,23.24381153981537,21.994145429318092,26.78047837744393,1.6949147876212851,,,,False
group2,isopropanol,isopropanol,group2 | isopropanol,#4414a3,s,0.4635155971588829,0.9390095023212007,0.882251561501154,0.1999999999999999,3.2999999999999994,displacement,5.2,22.96417978362916,22.2291865031205,27.06256867665396,1.8813357744984929,,,,False
group2,isopropanol,isopropanol,group2 | isopropanol,#4414a3,s,0.4635155971588829,0.9390095023212007,0.882251561501154,0.1999999999999999,3.2999999999999994,displacement,5.3,22.739435111139315,22.216170661447432,27.39810589132855,2.2460346882700666,,,,False
group2,isopropanol,isopropanol,group2 | isopropanol,#4414a3,s,0.4635155971588829,0.9390095023212007,0.882251561501154,0.1999999999999999,3.2999999999999994,displacement,5.4,23.23503248922993,22.51548267708441,26.94170543298095,1.6517514635386732,,,,False
group2,isopropanol,isopropanol,group2 | isopropanol,#4414a3,s,0.4635155971588829,0.9390095023212007,0.882251561501154,0.1999999999999999,3.2999999999999994,displacement,5.5,22.966753342178592,22.567522149210927,27.376714425610512,2.0991690473004194,,,,False
group2,isopropanol,isopropanol,group2 | isopropanol,#4414a3,s,0.4635155971588829,0.9390095023212007,0.882251561501154,0.1999999999999999,3.2999999999999994,displacement,5.6,22.90911071551132,22.37005496730406,27.454318093653637,2.2209611709096166,,,,False
group2,isopropanol,isopropanol,group2 | isopropanol,#4414a3,s,0.4635155971588829,0.9390095023212007,0.882251561501154,0.1999999999999999,3.2999999999999994,displacement,5.7,22.69685909200497,22.849643270128425,27.19832277379259,1.9712055104398123,,,,False
group2,isopropanol,isopropanol,group2 | isopropanol,#4414a3,s,0.4635155971588829,0.9390095023212007,0.882251561501154,0.1999999999999999,3.2999999999999994,displacement,5.8,23.34510234622224,22.8378857074891,26.87183846429916,1.5415769656977178,,,,False
group2,isopropanol,isopropanol,group2 | isopropanol,#4414a3,s,0.4635155971588829,0.9390095023212007,0.882251561501154,0.1999999999999999,3.2999999999999994,displacement,5.9,23.133247772168843,23.10342224340639,26.406819139882533,1.1184988926423816,,,,False
group2,isopropanol,isopropanol,group2 | isopropanol,#4414a3,s,0.4635155971588829,0.9390095023212007,0.882251561501154,0.1999999999999999,3.2999999999999994,displacement,6.0,23.53723864172844,23.08924350151184,26.059433665539853,0.7900453352712831,,,,False
group2,isopropanol,isopropanol,group2 | isopropanol,#4414a3,s,0.4635155971588829,0.9390095023212007,0.882251561501154,0.1999999999999999,3.2999999999999994,displacement,6.1,23.487924828066536,23.215083836091168,26.295160273627523,1.0375496349521909,,,,False
group2,isopropanol,isopropanol,group2 | isopropanol,#4414a3,s,0.4635155971588829,0.9390095023212007,0.882251561501154,0.1999999999999999,3.2999999999999994,displacement,6.2,23.490190326210115,23.310814411116773,26.35438292569642,1.1272017993067245,,,,False
group2,isopropanol,isopropanol,group2 | isopropanol,#4414a3,s,0.4635155971588829,0.9390095023212007,0.882251561501154,0.1999999999999999,3.2999999999999994,displacement,6.3,23.284212666238567,23.28399824804641,26.09184593046312,0.8684378219154487,,,,False
group2,isopropanol,isopropanol,group2 | isopropanol,#4414a3,s,0.4635155971588829,0.9390095023212007,0.882251561501154,0.1999999999999999,3.2999999999999994,displacement,6.4,23.52057614128745,23.319682894011127,26.2829882270794,1.0715746129044723,,,,False
group2,isopropanol,isopropanol,group2 | isopropanol,#4414a3,s,0.4635155971588829,0.9390095023212007,0.882251561501154,0.1999999999999999,3.2999999999999994,displacement,6.5,23.94419301010906,23.205824905606143,26.216153550760293,1.130920016780149,,,,False
group2,isopropanol,isopropanol,group2 | isopropanol,#4414a3,s,0.4635155971588829,0.9390095023212007,0.882251561501154,0.1999999999999999,3.2999999999999994,displacement,6.6,23.75524313751456,23.178792529564245,25.635554788117556,0.6105808190007903,,,,False
group2,isopropanol,isopropanol,group2 | isopropanol,#4414a3,s,0.4635155971588829,0.9390095023212007,0.882251561501154,0.1999999999999999,3.2999999999999994,displacement,6.7,23.800284565621496,23.18924634887032,25.74593028281812,0.7067542352055702,,,,False
group2,isopropanol,isopropanol,group2 | isopropanol,#4414a3,s,0.4635155971588829,0.9390095023212007,0.882251561501154,0.1999999999999999,3.2999999999999994,displacement,6.8,24.139666268552105,23.36789556267272,25.76284839264977,1.0473177011494783,,,,False
group2,isopropanol,isopropanol,group2 | isopropanol,#4414a3,s,0.4635155971588829,0.9390095023212007,0.882251561501154,0.1999999999999999,3.2999999999999994,displacement,6.9,23.658567892790494,23.266141828106463,25.65003113495848,0.6085280412614982,,,,False
group2,isopropanol,isopropanol,group2 | isopropanol,#4414a3,s,0.4635155971588829,0.9390095023212007,0.882251561501154,0.1999999999999999,3.2999999999999994,displacement,7.0,23.232990984782,23.53656969478298,25.84145399855179,0.8465065192850051,,,,False
group2,isopropanol,isopropanol,group2 | isopropanol,#4414a3,s,0.4635155971588829,0.9390095023212007,0.882251561501154,0.1999999999999999,3.2999999999999994,displacement,7.1,23.442007745643863,23.575082745050786,25.7375341586669,0.8237372303251678,,,,False
group2,isopropanol,isopropanol,group2 | isopropanol,#4414a3,s,0.4635155971588829,0.9390095023212007,0.882251561501154,0.1999999999999999,3.2999999999999994,displacement,7.2,23.24673417867406,23.217804865380145,25.933598127013493,0.7016110649597131,,,,False
group2,isopropanol,isopropanol,group2 | isopropanol,#4414a3,s,0.4635155971588829,0.9390095023212007,0.882251561501154,0.1999999999999999,3.2999999999999994,displacement,7.3,23.2128536236786,23.164384656208888,26.055807617615688,0.7916103517328764,,,,False
group2,isopropanol,isopropanol,group2 | isopropanol,#4414a3,s,0.4635155971588829,0.9390095023212007,0.882251561501154,0.1999999999999999,3.2999999999999994,displacement,7.4,23.19068244204174,22.536689977087526,26.20640783233536,0.946244103239152,,,,False
group2,isopropanol,isopropanol,group2 | isopropanol,#4414a3,s,0.4635155971588829,0.9390095023212007,0.882251561501154,0.1999999999999999,3.2999999999999994,displacement,7.5,22.87674878524328,22.681056083255644,26.09743236470138,0.9086879785565074,,,,False
group2,isopropanol,isopropanol,group2 | isopropanol,#4414a3,s,0.4635155971588829,0.9390095023212007,0.882251561501154,0.1999999999999999,3.2999999999999994,displacement,7.6,23.377890165406924,22.708518515554044,25.963022336091967,0.6541676465088926,,,,False
group2,isopropanol,isopropanol,group2 | isopropanol,#4414a3,s,0.4635155971588829,0.9390095023212007,0.882251561501154,0.1999999999999999,3.2999999999999994,displacement,7.7,23.147557461617406,22.58762314960592,26.2463998771604,0.9744114023421218,,,,False
group2,isopropanol,isopropanol,group2 | isopropanol,#4414a3,s,0.4635155971588829,0.9390095023212007,0.882251561501154,0.1999999999999999,3.2999999999999994,displacement,7.8,23.40039682952936,22.78095302186787,25.762336110862098,0.4464502795972517,,,,False
group2,isopropanol,isopropanol,group2 | isopropanol,#4414a3,s,0.4635155971588829,0.9390095023212007,0.882251561501154,0.1999999999999999,3.2999999999999994,displacement,7.9,23.28881219462955,22.70052911992588,25.91551540522988,0.6095929556872081,,,,False
group2,isopropanol,isopropanol,group2 | isopropanol,#4414a3,s,0.4635155971588829,0.9390095023212007,0.882251561501154,0.1999999999999999,3.2999999999999994,displacement,8.0,23.56541674470236,22.62137763178877,25.636712044614537,0.4597414156326925,,,,False
group2,isopropanol,isopropanol,group2 | isopropanol,#4414a3,s,0.4635155971588829,0.9390095023212007,0.882251561501154,0.1999999999999999,3.2999999999999994,displacement,8.1,23.641410666566344,22.312839664915245,25.78293414690537,0.7821157994821218,,,,False
group2,isopropanol,isopropanol,group2 | isopropanol,#4414a3,s,0.4635155971588829,0.9390095023212007,0.882251561501154,0.1999999999999999,3.2999999999999994,displacement,8.2,23.39166591657584,22.54750551365355,25.32679553989644,0.3270870178253223,,,,False
group2,isopropanol,isopropanol,group2 | isopropanol,#4414a3,s,0.4635155971588829,0.9390095023212007,0.882251561501154,0.1999999999999999,3.2999999999999994,displacement,8.3,23.042984318054167,22.552795127883236,25.47237036815059,0.4474551695392945,,,,False
group2,isopropanol,isopropanol,group2 | isopropanol,#4414a3,s,0.4635155971588829,0.9390095023212007,0.882251561501154,0.1999999999999999,3.2999999999999994,displacement,8.4,23.015893667543093,22.29753027848829,25.51875128260089,0.6765974166811064,,,,False
group2,isopropanol,isopropanol,group2 | isopropanol,#4414a3,s,0.4635155971588829,0.9390095023212007,0.882251561501154,0.1999999999999999,3.2999999999999994,displacement,8.5,23.217318366286904,21.83016299835906,25.814736213555943,1.1505381803004873,,,,False
group2,isopropanol,isopropanol,group2 | isopropanol,#4414a3,s,0.4635155971588829,0.9390095023212007,0.882251561501154,0.1999999999999999,3.2999999999999994,displacement,8.6,22.91542336202127,22.626656578496945,25.931391874682927,0.7672225972190768,,,,False
group2,isopropanol,isopropanol,group2 | isopropanol,#4414a3,s,0.4635155971588829,0.9390095023212007,0.882251561501154,0.1999999999999999,3.2999999999999994,displacement,8.7,23.36694562958303,22.49891370451869,25.664095507741152,0.4990843095523044,,,,False
group2,isopropanol,isopropanol,group2 | isopropanol,#4414a3,s,0.4635155971588829,0.9390095023212007,0.882251561501154,0.1999999999999999,3.2999999999999994,displacement,8.8,23.26439899336774,22.735200254945664,25.5669352989483,0.2782455277149118,,,,False
group2,isopropanol,isopropanol,group2 | isopropanol,#4414a3,s,0.4635155971588829,0.9390095023212007,0.882251561501154,0.1999999999999999,3.2999999999999994,displacement,8.9,23.41624310832121,22.725661440650462,25.337476608581326,0.1682124270969927,,,,False
group2,isopropanol,isopropanol,group2 | isopropanol,#4414a3,s,0.4635155971588829,0.9390095023212007,0.882251561501154,0.1999999999999999,3.2999999999999994,displacement,9.0,23.470547902521087,22.35453198001155,26.084015764536662,0.9229874474384068,,,,False
group2,isopropanol,isopropanol,group2 | isopropanol,#4414a3,s,0.4635155971588829,0.9390095023212007,0.882251561501154,0.1999999999999999,3.2999999999999994,displacement,9.1,23.7577040253464,22.655042698404795,25.854334147129627,0.7106937349595537,,,,False
group2,isopropanol,isopropanol,group2 | isopropanol,#4414a3,s,0.4635155971588829,0.9390095023212007,0.882251561501154,0.1999999999999999,3.2999999999999994,displacement,9.2,23.67251707942448,22.671594860666456,25.53850316679333,0.4485077316829682,,,,False
group2,isopropanol,isopropanol,group2 | isopropanol,#4414a3,s,0.4635155971588829,0.9390095023212007,0.882251561501154,0.1999999999999999,3.2999999999999994,displacement,9.3,23.74815378094369,22.68350685620464,25.8828787576838,0.7185692910836358,,,,False
group2,isopropanol,isopropanol,group2 | isopropanol,#4414a3,s,0.4635155971588829,0.9390095023212007,0.882251561501154,0.1999999999999999,3.2999999999999994,displacement,9.4,23.64846628411713,22.61158484247892,26.081426088055125,0.8560120633615611,,,,False
group2,isopropanol,isopropanol,group2 | isopropanol,#4414a3,s,0.4635155971588829,0.9390095023212007,0.882251561501154,0.1999999999999999,3.2999999999999994,displacement,9.5,23.88249659351836,23.072292639059285,25.30164409367396,0.5924784209004081,,,,False
group2,isopropanol,isopropanol,group2 | isopropanol,#4414a3,s,0.4635155971588829,0.9390095023212007,0.882251561501154,0.1999999999999999,3.2999999999999994,displacement,9.6,23.692409159551712,22.994971594393103,25.500762361589995,0.4224924855454131,,,,False
group2,isopropanol,isopropanol,group2 | isopropanol,#4414a3,s,0.4635155971588829,0.9390095023212007,0.882251561501154,0.1999999999999999,3.2999999999999994,displacement,9.7,23.560740244162066,22.95919680443904,25.493236665643597,0.2988780627424637,,,,False
group2,isopropanol,isopropanol,group2 | isopropanol,#4414a3,s,0.4635155971588829,0.9390095023212007,0.882251561501154,0.1999999999999999,3.2999999999999994,displacement,9.8,23.884775756253624,23.16499448153861,25.18407388972141,0.6485838295138103,,,,False
group2,isopropanol,isopropanol,group2 | isopropanol,#4414a3,s,0.4635155971588829,0.9390095023212007,0.882251561501154,0.1999999999999999,3.2999999999999994,displacement,9.9,23.900379438991045,23.52975354213838,25.351594362452342,0.8757160663429574,,,,False
group2,isopropanol,isopropanol,group2 | isopropanol,#4414a3,s,0.4635155971588829,0.9390095023212007,0.882251561501154,0.1999999999999999,3.2999999999999994,displacement,10.0,23.67860855560125,23.38889607084294,25.17605966591517,0.6470600775905196,,,,False
group2,isopropanol,isopropanol,group2 | isopropanol,#4414a3,s,0.4635155971588829,0.9390095023212007,0.882251561501154,0.1999999999999999,3.2999999999999994,tamsd,,,,,,0.09999999999999998,0.19652337501478606,0.32296420426961414,False
group2,isopropanol,isopropanol,group2 | isopropanol,#4414a3,s,0.4635155971588829,0.9390095023212007,0.882251561501154,0.1999999999999999,3.2999999999999994,tamsd,,,,,,0.19999999999999996,0.3288784238115864,0.44533465075349604,True
group2,isopropanol,isopropanol,group2 | isopropanol,#4414a3,s,0.4635155971588829,0.9390095023212007,0.882251561501154,0.1999999999999999,3.2999999999999994,tamsd,,,,,,0.29999999999999993,0.45761174673415606,0.5374122148288293,True
group2,isopropanol,isopropanol,group2 | isopropanol,#4414a3,s,0.4635155971588829,0.9390095023212007,0.882251561501154,0.1999999999999999,3.2999999999999994,tamsd,,,,,,0.3999999999999999,0.577351932851405,0.6140709977758898,True
group2,isopropanol,isopropanol,group2 | isopropanol,#4414a3,s,0.4635155971588829,0.9390095023212007,0.882251561501154,0.1999999999999999,3.2999999999999994,tamsd,,,,,,0.4999999999999999,0.6779593602993628,0.6809855379671289,True
group2,isopropanol,isopropanol,group2 | isopropanol,#4414a3,s,0.4635155971588829,0.9390095023212007,0.882251561501154,0.1999999999999999,3.2999999999999994,tamsd,,,,,,0.5999999999999999,0.7676913678686149,0.7410365540128576,True
group2,isopropanol,isopropanol,group2 | isopropanol,#4414a3,s,0.4635155971588829,0.9390095023212007,0.882251561501154,0.1999999999999999,3.2999999999999994,tamsd,,,,,,0.6999999999999998,0.8478740226009581,0.7959220064073901,True
group2,isopropanol,isopropanol,group2 | isopropanol,#4414a3,s,0.4635155971588829,0.9390095023212007,0.882251561501154,0.1999999999999999,3.2999999999999994,tamsd,,,,,,0.7999999999999998,0.9413443940890349,0.8467411859181871,True
group2,isopropanol,isopropanol,group2 | isopropanol,#4414a3,s,0.4635155971588829,0.9390095023212007,0.882251561501154,0.1999999999999999,3.2999999999999994,tamsd,,,,,,0.8999999999999998,0.9986038073011813,0.894253557605178,True
group2,isopropanol,isopropanol,group2 | isopropanol,#4414a3,s,0.4635155971588829,0.9390095023212007,0.882251561501154,0.1999999999999999,3.2999999999999994,tamsd,,,,,,0.9999999999999998,1.102875319316353,0.9390095023212006,True
group2,isopropanol,isopropanol,group2 | isopropanol,#4414a3,s,0.4635155971588829,0.9390095023212007,0.882251561501154,0.1999999999999999,3.2999999999999994,tamsd,,,,,,1.0999999999999996,1.1757689162926968,0.9814227982127791,True
group2,isopropanol,isopropanol,group2 | isopropanol,#4414a3,s,0.4635155971588829,0.9390095023212007,0.882251561501154,0.1999999999999999,3.2999999999999994,tamsd,,,,,,1.1999999999999997,1.2642912390207135,1.021813719954533,True
group2,isopropanol,isopropanol,group2 | isopropanol,#4414a3,s,0.4635155971588829,0.9390095023212007,0.882251561501154,0.1999999999999999,3.2999999999999994,tamsd,,,,,,1.2999999999999998,1.2814622675328688,1.060436110498619,True
group2,isopropanol,isopropanol,group2 | isopropanol,#4414a3,s,0.4635155971588829,0.9390095023212007,0.882251561501154,0.1999999999999999,3.2999999999999994,tamsd,,,,,,1.3999999999999997,1.3290664309440754,1.0974951529134687,True
group2,isopropanol,isopropanol,group2 | isopropanol,#4414a3,s,0.4635155971588829,0.9390095023212007,0.882251561501154,0.1999999999999999,3.2999999999999994,tamsd,,,,,,1.4999999999999996,1.3313248803615865,1.1331594690283409,True
group2,isopropanol,isopropanol,group2 | isopropanol,#4414a3,s,0.4635155971588829,0.9390095023212007,0.882251561501154,0.1999999999999999,3.2999999999999994,tamsd,,,,,,1.5999999999999996,1.3093844375159325,1.1675696108869191,True
group2,isopropanol,isopropanol,group2 | isopropanol,#4414a3,s,0.4635155971588829,0.9390095023212007,0.882251561501154,0.1999999999999999,3.2999999999999994,tamsd,,,,,,1.6999999999999997,1.3159028069394139,1.200844177183294,True
group2,isopropanol,isopropanol,group2 | isopropanol,#4414a3,s,0.4635155971588829,0.9390095023212007,0.882251561501154,0.1999999999999999,3.2999999999999994,tamsd,,,,,,1.7999999999999996,1.260625066747518,1.2330843186222464,True
group2,isopropanol,isopropanol,group2 | isopropanol,#4414a3,s,0.4635155971588829,0.9390095023212007,0.882251561501154,0.1999999999999999,3.2999999999999994,tamsd,,,,,,1.8999999999999995,1.252533119376662,1.264377121864386,True
group2,isopropanol,isopropanol,group2 | isopropanol,#4414a3,s,0.4635155971588829,0.9390095023212007,0.882251561501154,0.1999999999999999,3.2999999999999994,tamsd,,,,,,1.9999999999999996,1.2194637318694463,1.2947981951006868,True
group2,isopropanol,isopropanol,group2 | isopropanol,#4414a3,s,0.4635155971588829,0.9390095023212007,0.882251561501154,0.1999999999999999,3.2999999999999994,tamsd,,,,,,2.0999999999999996,1.2264448815219977,1.324413673836499,True
group2,isopropanol,isopropanol,group2 | isopropanol,#4414a3,s,0.4635155971588829,0.9390095023212007,0.882251561501154,0.1999999999999999,3.2999999999999994,tamsd,,,,,,2.1999999999999993,1.2080185520408089,1.3532817981238034,True
group2,isopropanol,isopropanol,group2 | isopropanol,#4414a3,s,0.4635155971588829,0.9390095023212007,0.882251561501154,0.1999999999999999,3.2999999999999994,tamsd,,,,,,2.2999999999999994,1.2193334918330412,1.3814541679889305,True
group2,isopropanol,isopropanol,group2 | isopropanol,#4414a3,s,0.4635155971588829,0.9390095023212007,0.882251561501154,0.1999999999999999,3.2999999999999994,tamsd,,,,,,2.3999999999999995,1.220474419741522,1.4089767537556652,True
group2,isopropanol,isopropanol,group2 | isopropanol,#4414a3,s,0.4635155971588829,0.9390095023212007,0.882251561501154,0.1999999999999999,3.2999999999999994,tamsd,,,,,,2.4999999999999996,1.2659356124987318,1.435890717267365,True
group2,isopropanol,isopropanol,group2 | isopropanol,#4414a3,s,0.4635155971588829,0.9390095023212007,0.882251561501154,0.1999999999999999,3.2999999999999994,tamsd,,,,,,2.5999999999999996,1.340757071773199,1.4622330855002725,True
group2,isopropanol,isopropanol,group2 | isopropanol,#4414a3,s,0.4635155971588829,0.9390095023212007,0.882251561501154,0.1999999999999999,3.2999999999999994,tamsd,,,,,,2.6999999999999993,1.3767297215294583,1.4880373077195974,True
group2,isopropanol,isopropanol,group2 | isopropanol,#4414a3,s,0.4635155971588829,0.9390095023212007,0.882251561501154,0.1999999999999999,3.2999999999999994,tamsd,,,,,,2.7999999999999994,1.408306783256065,1.5133337198519934,True
group2,isopropanol,isopropanol,group2 | isopropanol,#4414a3,s,0.4635155971588829,0.9390095023212007,0.882251561501154,0.1999999999999999,3.2999999999999994,tamsd,,,,,,2.8999999999999995,1.4271820893881715,1.5381499342668132,True
group2,isopropanol,isopropanol,group2 | isopropanol,#4414a3,s,0.4635155971588829,0.9390095023212007,0.882251561501154,0.1999999999999999,3.2999999999999994,tamsd,,,,,,2.999999999999999,1.4777736008947004,1.5625111690906712,True
group2,isopropanol,isopropanol,group2 | isopropanol,#4414a3,s,0.4635155971588829,0.9390095023212007,0.882251561501154,0.1999999999999999,3.2999999999999994,tamsd,,,,,,3.099999999999999,1.5166425313202858,1.5864405281261624,True
group2,isopropanol,isopropanol,group2 | isopropanol,#4414a3,s,0.4635155971588829,0.9390095023212007,0.882251561501154,0.1999999999999999,3.2999999999999994,tamsd,,,,,,3.1999999999999993,1.5620610790074518,1.6099592401288336,True
group2,isopropanol,isopropanol,group2 | isopropanol,#4414a3,s,0.4635155971588829,0.9390095023212007,0.882251561501154,0.1999999999999999,3.2999999999999994,tamsd,,,,,,3.2999999999999994,1.6119245618866878,1.633086864421463,True
group2,methanol,methanol,group2 | methanol,#22b429,^,0.673162261491934,1.0149220723152317,0.9645109486835071,0.1999999999999999,3.2999999999999994,displacement,0.0,24.32706467691491,23.86812621558185,26.3306636866292,0.0,,,,False
group2,methanol,methanol,group2 | methanol,#22b429,^,0.673162261491934,1.0149220723152317,0.9645109486835071,0.1999999999999999,3.2999999999999994,displacement,0.1,24.637724248179698,23.490941700883383,26.264276226118422,0.4931377315312663,,,,False
group2,methanol,methanol,group2 | methanol,#22b429,^,0.673162261491934,1.0149220723152317,0.9645109486835071,0.1999999999999999,3.2999999999999994,displacement,0.2,24.75882195108834,23.758156317564243,25.99976085691211,0.5549814456235885,,,,False
group2,methanol,methanol,group2 | methanol,#22b429,^,0.673162261491934,1.0149220723152317,0.9645109486835071,0.1999999999999999,3.2999999999999994,displacement,0.3,24.871769004002854,23.724001457226404,25.817234903967734,0.7622885705456817,,,,False
group2,methanol,methanol,group2 | methanol,#22b429,^,0.673162261491934,1.0149220723152317,0.9645109486835071,0.1999999999999999,3.2999999999999994,displacement,0.4,25.084478825568617,23.77870979671846,25.50786069869867,1.1219074139565068,,,,False
group2,methanol,methanol,group2 | methanol,#22b429,^,0.673162261491934,1.0149220723152317,0.9645109486835071,0.1999999999999999,3.2999999999999994,displacement,0.5,25.085650245893618,23.75090378225373,25.92507855807874,0.8681546295674547,,,,False
group2,methanol,methanol,group2 | methanol,#22b429,^,0.673162261491934,1.0149220723152317,0.9645109486835071,0.1999999999999999,3.2999999999999994,displacement,0.6,25.158534721795373,23.79778677719537,25.595723828354352,1.1119472412875968,,,,False
group2,methanol,methanol,group2 | methanol,#22b429,^,0.673162261491934,1.0149220723152317,0.9645109486835071,0.1999999999999999,3.2999999999999994,displacement,0.7,24.91966818013568,23.68460222967661,25.798517156469867,0.8173370755035476,,,,False
group2,methanol,methanol,group2 | methanol,#22b429,^,0.673162261491934,1.0149220723152317,0.9645109486835071,0.1999999999999999,3.2999999999999994,displacement,0.8,25.06297159797616,24.01856511351465,25.471752836464056,1.1410165235475316,,,,False
group2,methanol,methanol,group2 | methanol,#22b429,^,0.673162261491934,1.0149220723152317,0.9645109486835071,0.1999999999999999,3.2999999999999994,displacement,0.9,25.00147563462947,24.016055768319664,25.860772731946152,0.8351711212390115,,,,False
group2,methanol,methanol,group2 | methanol,#22b429,^,0.673162261491934,1.0149220723152317,0.9645109486835071,0.1999999999999999,3.2999999999999994,displacement,1.0,25.13944230106493,23.88914054745996,26.2381531547908,0.8178980406291112,,,,False
group2,methanol,methanol,group2 | methanol,#22b429,^,0.673162261491934,1.0149220723152317,0.9645109486835071,0.1999999999999999,3.2999999999999994,displacement,1.1,25.28283656065504,24.101259447876537,25.726669588755254,1.154408882508656,,,,False
group2,methanol,methanol,group2 | methanol,#22b429,^,0.673162261491934,1.0149220723152317,0.9645109486835071,0.1999999999999999,3.2999999999999994,displacement,1.2,25.040990457330988,24.333389771863445,25.36162631084958,1.29042381890771,,,,False
group2,methanol,methanol,group2 | methanol,#22b429,^,0.673162261491934,1.0149220723152317,0.9645109486835071,0.1999999999999999,3.2999999999999994,displacement,1.3,25.06904039328506,24.119244870298186,25.578707655981365,1.085829827577595,,,,False
group2,methanol,methanol,group2 | methanol,#22b429,^,0.673162261491934,1.0149220723152317,0.9645109486835071,0.1999999999999999,3.2999999999999994,displacement,1.4,24.92503784966642,23.89531025968934,25.47798604892984,1.0418109432219973,,,,False
group2,methanol,methanol,group2 | methanol,#22b429,^,0.673162261491934,1.0149220723152317,0.9645109486835071,0.1999999999999999,3.2999999999999994,displacement,1.5,24.91670157502832,24.21727642890177,25.689703122075425,0.938300585309014,,,,False
group2,methanol,methanol,group2 | methanol,#22b429,^,0.673162261491934,1.0149220723152317,0.9645109486835071,0.1999999999999999,3.2999999999999994,displacement,1.6,24.97089703603064,23.99751057084636,26.378572212883707,0.6584494247241928,,,,False
group2,methanol,methanol,group2 | methanol,#22b429,^,0.673162261491934,1.0149220723152317,0.9645109486835071,0.1999999999999999,3.2999999999999994,displacement,1.7,25.26135438356592,23.8216842918838,26.363973497047805,0.936036138031496,,,,False
group2,methanol,methanol,group2 | methanol,#22b429,^,0.673162261491934,1.0149220723152317,0.9645109486835071,0.1999999999999999,3.2999999999999994,displacement,1.8,25.236636448950154,23.50655332356156,26.02162980391784,1.0264295910538153,,,,False
group2,methanol,methanol,group2 | methanol,#22b429,^,0.673162261491934,1.0149220723152317,0.9645109486835071,0.1999999999999999,3.2999999999999994,displacement,1.9,24.755701539654268,23.3614422631118,26.204407658372308,0.6755729216457048,,,,False
group2,methanol,methanol,group2 | methanol,#22b429,^,0.673162261491934,1.0149220723152317,0.9645109486835071,0.1999999999999999,3.2999999999999994,displacement,2.0,24.796373285444236,23.596961222686836,25.638361471634205,0.8792402290036877,,,,False
group2,methanol,methanol,group2 | methanol,#22b429,^,0.673162261491934,1.0149220723152317,0.9645109486835071,0.1999999999999999,3.2999999999999994,displacement,2.1,24.709048755885146,23.5231831153334,25.93949135736584,0.6464621954740063,,,,False
group2,methanol,methanol,group2 | methanol,#22b429,^,0.673162261491934,1.0149220723152317,0.9645109486835071,0.1999999999999999,3.2999999999999994,displacement,2.2,24.684260346707703,23.525146783484654,26.33348403427437,0.4952086345382845,,,,False
group2,methanol,methanol,group2 | methanol,#22b429,^,0.673162261491934,1.0149220723152317,0.9645109486835071,0.1999999999999999,3.2999999999999994,displacement,2.3,24.695153141122116,23.53226615627654,26.38521676109854,0.5012655332785587,,,,False
group2,methanol,methanol,group2 | methanol,#22b429,^,0.673162261491934,1.0149220723152317,0.9645109486835071,0.1999999999999999,3.2999999999999994,displacement,2.4,24.837278880433608,23.287421389263965,26.266262397962727,0.7756830246711606,,,,False
group2,methanol,methanol,group2 | methanol,#22b429,^,0.673162261491934,1.0149220723152317,0.9645109486835071,0.1999999999999999,3.2999999999999994,displacement,2.5,25.021101785019585,23.630474654265683,26.122590875172992,0.7625352889470749,,,,False
group2,methanol,methanol,group2 | methanol,#22b429,^,0.673162261491934,1.0149220723152317,0.9645109486835071,0.1999999999999999,3.2999999999999994,displacement,2.6,25.050338941177174,23.61590423078841,26.298265137284403,0.7666754573852642,,,,False
group2,methanol,methanol,group2 | methanol,#22b429,^,0.673162261491934,1.0149220723152317,0.9645109486835071,0.1999999999999999,3.2999999999999994,displacement,2.7,25.32462448255831,23.336712422523032,26.03544317964617,1.1681957597217036,,,,False
group2,methanol,methanol,group2 | methanol,#22b429,^,0.673162261491934,1.0149220723152317,0.9645109486835071,0.1999999999999999,3.2999999999999994,displacement,2.8,25.435190870496747,23.10132250920781,26.136879280033124,1.3614271854384712,,,,False
group2,methanol,methanol,group2 | methanol,#22b429,^,0.673162261491934,1.0149220723152317,0.9645109486835071,0.1999999999999999,3.2999999999999994,displacement,2.9,25.0506067127623,23.173761953483652,26.495625019138235,1.0163006677851305,,,,False
group2,methanol,methanol,group2 | methanol,#22b429,^,0.673162261491934,1.0149220723152317,0.9645109486835071,0.1999999999999999,3.2999999999999994,displacement,3.0,25.31951727809419,23.55620400793205,26.331337321218943,1.0403163379454332,,,,False
group2,methanol,methanol,group2 | methanol,#22b429,^,0.673162261491934,1.0149220723152317,0.9645109486835071,0.1999999999999999,3.2999999999999994,displacement,3.1,25.141164092557936,23.385933111889013,26.14920313203677,0.9634292816145008,,,,False
group2,methanol,methanol,group2 | methanol,#22b429,^,0.673162261491934,1.0149220723152317,0.9645109486835071,0.1999999999999999,3.2999999999999994,displacement,3.2,25.19029130986753,23.642197694894328,26.201200164566337,0.9016455622048416,,,,False
group2,methanol,methanol,group2 | methanol,#22b429,^,0.673162261491934,1.0149220723152317,0.9645109486835071,0.1999999999999999,3.2999999999999994,displacement,3.3,25.008802464517505,23.40398347339615,26.303658224591025,0.8251813080461964,,,,False
group2,methanol,methanol,group2 | methanol,#22b429,^,0.673162261491934,1.0149220723152317,0.9645109486835071,0.1999999999999999,3.2999999999999994,displacement,3.4,25.54162105161524,23.374998393065187,26.632566271828267,1.345164453743522,,,,False
group2,methanol,methanol,group2 | methanol,#22b429,^,0.673162261491934,1.0149220723152317,0.9645109486835071,0.1999999999999999,3.2999999999999994,displacement,3.5,25.66120821366424,23.284869272971147,26.41278380413875,1.4583797007135575,,,,False
group2,methanol,methanol,group2 | methanol,#22b429,^,0.673162261491934,1.0149220723152317,0.9645109486835071,0.1999999999999999,3.2999999999999994,displacement,3.6,25.80817625434416,23.640775848909986,26.15503500285881,1.5087163844088487,,,,False
group2,methanol,methanol,group2 | methanol,#22b429,^,0.673162261491934,1.0149220723152317,0.9645109486835071,0.1999999999999999,3.2999999999999994,displacement,3.7,25.378761082144443,23.791472141087542,26.00476661192132,1.103698364233839,,,,False
group2,methanol,methanol,group2 | methanol,#22b429,^,0.673162261491934,1.0149220723152317,0.9645109486835071,0.1999999999999999,3.2999999999999994,displacement,3.8,24.85207462324685,23.614200082915023,25.52489284405714,0.9946761157974396,,,,False
group2,methanol,methanol,group2 | methanol,#22b429,^,0.673162261491934,1.0149220723152317,0.9645109486835071,0.1999999999999999,3.2999999999999994,displacement,3.9,25.132920340684777,23.22649804733988,26.061366959882992,1.064711596700126,,,,False
group2,methanol,methanol,group2 | methanol,#22b429,^,0.673162261491934,1.0149220723152317,0.9645109486835071,0.1999999999999999,3.2999999999999994,displacement,4.0,25.10003236940261,23.25788849513134,26.33181264789799,0.9848200085306896,,,,False
group2,methanol,methanol,group2 | methanol,#22b429,^,0.673162261491934,1.0149220723152317,0.9645109486835071,0.1999999999999999,3.2999999999999994,displacement,4.1,24.690466290152887,23.52719853773457,26.118384631526883,0.5416223880725686,,,,False
group2,methanol,methanol,group2 | methanol,#22b429,^,0.673162261491934,1.0149220723152317,0.9645109486835071,0.1999999999999999,3.2999999999999994,displacement,4.2,24.627270535420404,23.12709453814825,26.377042698394845,0.8008760935209848,,,,False
group2,methanol,methanol,group2 | methanol,#22b429,^,0.673162261491934,1.0149220723152317,0.9645109486835071,0.1999999999999999,3.2999999999999994,displacement,4.3,24.664583939263235,23.232587588237408,26.42946563757721,0.7263542006584262,,,,False
group2,methanol,methanol,group2 | methanol,#22b429,^,0.673162261491934,1.0149220723152317,0.9645109486835071,0.1999999999999999,3.2999999999999994,displacement,4.4,24.80064089872293,23.119742947991945,26.317311547284024,0.8857371126330823,,,,False
group2,methanol,methanol,group2 | methanol,#22b429,^,0.673162261491934,1.0149220723152317,0.9645109486835071,0.1999999999999999,3.2999999999999994,displacement,4.5,24.35492618307681,23.104248198721347,26.097468959324093,0.7991656080007707,,,,False
group2,methanol,methanol,group2 | methanol,#22b429,^,0.673162261491934,1.0149220723152317,0.9645109486835071,0.1999999999999999,3.2999999999999994,displacement,4.6,24.34722526579819,23.24857551334428,26.243642940045515,0.6259569732203375,,,,False
group2,methanol,methanol,group2 | methanol,#22b429,^,0.673162261491934,1.0149220723152317,0.9645109486835071,0.1999999999999999,3.2999999999999994,displacement,4.7,24.3500378474787,23.25476244581256,26.56299015508137,0.6562914509383783,,,,False
group2,methanol,methanol,group2 | methanol,#22b429,^,0.673162261491934,1.0149220723152317,0.9645109486835071,0.1999999999999999,3.2999999999999994,displacement,4.8,24.1212811309144,23.2734926836995,26.46001259378918,0.6423916599917046,,,,False
group2,methanol,methanol,group2 | methanol,#22b429,^,0.673162261491934,1.0149220723152317,0.9645109486835071,0.1999999999999999,3.2999999999999994,displacement,4.9,24.340375061813116,23.571689819915274,26.88110881326974,0.625333143583679,,,,False
group2,methanol,methanol,group2 | methanol,#22b429,^,0.673162261491934,1.0149220723152317,0.9645109486835071,0.1999999999999999,3.2999999999999994,displacement,5.0,24.108520039359483,23.48939695678051,26.451517981698267,0.4536555639613424,,,,False
group2,methanol,methanol,group2 | methanol,#22b429,^,0.673162261491934,1.0149220723152317,0.9645109486835071,0.1999999999999999,3.2999999999999994,displacement,5.1,24.5372042947067,23.355000465362508,26.361266590584115,0.5553316416649705,,,,False
group2,methanol,methanol,group2 | methanol,#22b429,^,0.673162261491934,1.0149220723152317,0.9645109486835071,0.1999999999999999,3.2999999999999994,displacement,5.2,24.67434902055,23.736134363174056,26.589535357516343,0.4528165262266744,,,,False
group2,methanol,methanol,group2 | methanol,#22b429,^,0.673162261491934,1.0149220723152317,0.9645109486835071,0.1999999999999999,3.2999999999999994,displacement,5.3,25.006755177234275,23.360434507192075,26.723922428135864,0.9350842126586868,,,,False
group2,methanol,methanol,group2 | methanol,#22b429,^,0.673162261491934,1.0149220723152317,0.9645109486835071,0.1999999999999999,3.2999999999999994,displacement,5.4,24.68581659890347,23.271738950403652,26.897259186502914,0.8974470302331778,,,,False
group2,methanol,methanol,group2 | methanol,#22b429,^,0.673162261491934,1.0149220723152317,0.9645109486835071,0.1999999999999999,3.2999999999999994,displacement,5.5,24.477213448691185,23.83915130040828,26.550998328537844,0.2682005850110107,,,,False
group2,methanol,methanol,group2 | methanol,#22b429,^,0.673162261491934,1.0149220723152317,0.9645109486835071,0.1999999999999999,3.2999999999999994,displacement,5.6,24.55699943309992,24.461255921010537,26.656109550579348,0.7145543015936879,,,,False
group2,methanol,methanol,group2 | methanol,#22b429,^,0.673162261491934,1.0149220723152317,0.9645109486835071,0.1999999999999999,3.2999999999999994,displacement,5.7,24.734343093625316,24.195699769230263,26.151102663427658,0.5526502536154024,,,,False
group2,methanol,methanol,group2 | methanol,#22b429,^,0.673162261491934,1.0149220723152317,0.9645109486835071,0.1999999999999999,3.2999999999999994,displacement,5.8,24.33116711054328,24.333716515370188,26.06665996749452,0.5352467850773316,,,,False
group2,methanol,methanol,group2 | methanol,#22b429,^,0.673162261491934,1.0149220723152317,0.9645109486835071,0.1999999999999999,3.2999999999999994,displacement,5.9,24.326829920097204,24.527267495553023,26.04095664998726,0.7199982285760576,,,,False
group2,methanol,methanol,group2 | methanol,#22b429,^,0.673162261491934,1.0149220723152317,0.9645109486835071,0.1999999999999999,3.2999999999999994,displacement,6.0,24.10522935917044,23.79490857698468,26.442239805860357,0.2588840690023631,,,,False
group2,methanol,methanol,group2 | methanol,#22b429,^,0.673162261491934,1.0149220723152317,0.9645109486835071,0.1999999999999999,3.2999999999999994,displacement,6.1,24.32954681702675,23.628329324056324,26.34949433334543,0.2405479234177446,,,,False
group2,methanol,methanol,group2 | methanol,#22b429,^,0.673162261491934,1.0149220723152317,0.9645109486835071,0.1999999999999999,3.2999999999999994,displacement,6.2,24.33575145692079,23.69177629705944,26.41259063241744,0.1946452628653464,,,,False
group2,methanol,methanol,group2 | methanol,#22b429,^,0.673162261491934,1.0149220723152317,0.9645109486835071,0.1999999999999999,3.2999999999999994,displacement,6.3,24.08152749875681,23.53410257273412,26.11873439458574,0.4655902970049474,,,,False
group2,methanol,methanol,group2 | methanol,#22b429,^,0.673162261491934,1.0149220723152317,0.9645109486835071,0.1999999999999999,3.2999999999999994,displacement,6.4,24.00261296271807,23.293657872781644,25.665203071711037,0.9370809045819598,,,,False
group2,methanol,methanol,group2 | methanol,#22b429,^,0.673162261491934,1.0149220723152317,0.9645109486835071,0.1999999999999999,3.2999999999999994,displacement,6.5,24.04011952819789,23.319205051721603,25.58278217882735,0.9710709099843764,,,,False
group2,methanol,methanol,group2 | methanol,#22b429,^,0.673162261491934,1.0149220723152317,0.9645109486835071,0.1999999999999999,3.2999999999999994,displacement,6.6,23.929006846358888,23.575735710705125,25.67423963511961,0.8214832799328906,,,,False
group2,methanol,methanol,group2 | methanol,#22b429,^,0.673162261491934,1.0149220723152317,0.9645109486835071,0.1999999999999999,3.2999999999999994,displacement,6.7,23.923842067303877,23.908843312142032,25.72552044298109,0.7283163462306644,,,,False
group2,methanol,methanol,group2 | methanol,#22b429,^,0.673162261491934,1.0149220723152317,0.9645109486835071,0.1999999999999999,3.2999999999999994,displacement,6.8,23.906742081495583,23.30970308952873,25.40091919065465,1.163156180281023,,,,False
group2,methanol,methanol,group2 | methanol,#22b429,^,0.673162261491934,1.0149220723152317,0.9645109486835071,0.1999999999999999,3.2999999999999994,displacement,6.9,23.759864280393185,23.8405626541867,25.44488050536552,1.0521824385251797,,,,False
group2,methanol,methanol,group2 | methanol,#22b429,^,0.673162261491934,1.0149220723152317,0.9645109486835071,0.1999999999999999,3.2999999999999994,displacement,7.0,24.05946927559352,23.69984402830429,25.53269100444865,0.8583044884361818,,,,False
group2,methanol,methanol,group2 | methanol,#22b429,^,0.673162261491934,1.0149220723152317,0.9645109486835071,0.1999999999999999,3.2999999999999994,displacement,7.1,23.95453792155609,23.903845144399742,25.40111582479313,1.002053517921113,,,,False
group2,methanol,methanol,group2 | methanol,#22b429,^,0.673162261491934,1.0149220723152317,0.9645109486835071,0.1999999999999999,3.2999999999999994,displacement,7.2,24.079140434152404,23.634218832727424,25.143460792787558,1.2351638778110172,,,,False
group2,methanol,methanol,group2 | methanol,#22b429,^,0.673162261491934,1.0149220723152317,0.9645109486835071,0.1999999999999999,3.2999999999999994,displacement,7.3,24.118150239003533,23.82650194694863,24.98756067509113,1.3598909962602548,,,,False
group2,methanol,methanol,group2 | methanol,#22b429,^,0.673162261491934,1.0149220723152317,0.9645109486835071,0.1999999999999999,3.2999999999999994,displacement,7.4,23.980128335967507,23.7663303581126,24.879977338762743,1.4950645809308662,,,,False
group2,methanol,methanol,group2 | methanol,#22b429,^,0.673162261491934,1.0149220723152317,0.9645109486835071,0.1999999999999999,3.2999999999999994,displacement,7.5,23.81507392385862,23.660122390096216,25.152059938094123,1.3017322761200718,,,,False
group2,methanol,methanol,group2 | methanol,#22b429,^,0.673162261491934,1.0149220723152317,0.9645109486835071,0.1999999999999999,3.2999999999999994,displacement,7.6,24.141661220390844,23.46227893273721,25.4843404060447,0.9567390208111904,,,,False
group2,methanol,methanol,group2 | methanol,#22b429,^,0.673162261491934,1.0149220723152317,0.9645109486835071,0.1999999999999999,3.2999999999999994,displacement,7.7,24.22219562442037,23.494635277668003,25.660062082887965,0.7747254415695816,,,,False
group2,methanol,methanol,group2 | methanol,#22b429,^,0.673162261491934,1.0149220723152317,0.9645109486835071,0.1999999999999999,3.2999999999999994,displacement,7.8,23.832445208659763,23.66302549832106,25.577613988256356,0.9240122135650228,,,,False
group2,methanol,methanol,group2 | methanol,#22b429,^,0.673162261491934,1.0149220723152317,0.9645109486835071,0.1999999999999999,3.2999999999999994,displacement,7.9,23.71427005473555,23.666287974853844,25.284177511295344,1.2293857163465851,,,,False
group2,methanol,methanol,group2 | methanol,#22b429,^,0.673162261491934,1.0149220723152317,0.9645109486835071,0.1999999999999999,3.2999999999999994,displacement,8.0,23.416592807711293,23.46664088970635,25.642066278882726,1.2100892039265734,,,,False
group2,methanol,methanol,group2 | methanol,#22b429,^,0.673162261491934,1.0149220723152317,0.9645109486835071,0.1999999999999999,3.2999999999999994,displacement,8.1,24.02157825741592,23.23279768868749,25.646556747176653,0.982327131963274,,,,False
group2,methanol,methanol,group2 | methanol,#22b429,^,0.673162261491934,1.0149220723152317,0.9645109486835071,0.1999999999999999,3.2999999999999994,displacement,8.2,23.89047652793688,23.368910007037726,26.21084714369928,0.6739302921377781,,,,False
group2,methanol,methanol,group2 | methanol,#22b429,^,0.673162261491934,1.0149220723152317,0.9645109486835071,0.1999999999999999,3.2999999999999994,displacement,8.3,23.790209405644767,23.435493017132064,25.87305268226311,0.8275221435154293,,,,False
group2,methanol,methanol,group2 | methanol,#22b429,^,0.673162261491934,1.0149220723152317,0.9645109486835071,0.1999999999999999,3.2999999999999994,displacement,8.4,23.899526360874894,23.343000510345156,26.19777908313927,0.6900756015302535,,,,False
group2,methanol,methanol,group2 | methanol,#22b429,^,0.673162261491934,1.0149220723152317,0.9645109486835071,0.1999999999999999,3.2999999999999994,displacement,8.5,23.79821910015059,23.32371224546721,26.429390114068443,0.7653829906615933,,,,False
group2,methanol,methanol,group2 | methanol,#22b429,^,0.673162261491934,1.0149220723152317,0.9645109486835071,0.1999999999999999,3.2999999999999994,displacement,8.6,24.15856862469537,23.55204192894732,26.481700323314836,0.3887316059855875,,,,False
group2,methanol,methanol,group2 | methanol,#22b429,^,0.673162261491934,1.0149220723152317,0.9645109486835071,0.1999999999999999,3.2999999999999994,displacement,8.7,24.40808760769712,23.37941632915954,26.795352829532277,0.6792187187728516,,,,False
group2,methanol,methanol,group2 | methanol,#22b429,^,0.673162261491934,1.0149220723152317,0.9645109486835071,0.1999999999999999,3.2999999999999994,displacement,8.8,24.266689809477214,23.149023036705845,26.7381213010518,0.8287196232976783,,,,False
group2,methanol,methanol,group2 | methanol,#22b429,^,0.673162261491934,1.0149220723152317,0.9645109486835071,0.1999999999999999,3.2999999999999994,displacement,8.9,24.14639380993342,23.276084687288314,27.00353668766732,0.9142828932699248,,,,False
group2,methanol,methanol,group2 | methanol,#22b429,^,0.673162261491934,1.0149220723152317,0.9645109486835071,0.1999999999999999,3.2999999999999994,displacement,9.0,24.37781212619815,22.74439923886996,26.41875508386525,1.128316319152475,,,,False
group2,methanol,methanol,group2 | methanol,#22b429,^,0.673162261491934,1.0149220723152317,0.9645109486835071,0.1999999999999999,3.2999999999999994,displacement,9.1,24.417183553428323,22.67945256887015,26.48357476959847,1.201852008188094,,,,False
group2,methanol,methanol,group2 | methanol,#22b429,^,0.673162261491934,1.0149220723152317,0.9645109486835071,0.1999999999999999,3.2999999999999994,displacement,9.2,24.738485493704115,22.24664718738258,26.76404101939519,1.728084847434549,,,,False
group2,methanol,methanol,group2 | methanol,#22b429,^,0.673162261491934,1.0149220723152317,0.9645109486835071,0.1999999999999999,3.2999999999999994,displacement,9.3,24.937570251982667,22.059127982111157,27.223746281375934,2.107792254214931,,,,False
group2,methanol,methanol,group2 | methanol,#22b429,^,0.673162261491934,1.0149220723152317,0.9645109486835071,0.1999999999999999,3.2999999999999994,displacement,9.4,25.233348507906857,22.080736052431543,27.064872282447716,2.134285885212591,,,,False
group2,methanol,methanol,group2 | methanol,#22b429,^,0.673162261491934,1.0149220723152317,0.9645109486835071,0.1999999999999999,3.2999999999999994,displacement,9.5,25.033971727195123,22.13112869869977,26.84285806088614,1.9440218693242155,,,,False
group2,methanol,methanol,group2 | methanol,#22b429,^,0.673162261491934,1.0149220723152317,0.9645109486835071,0.1999999999999999,3.2999999999999994,displacement,9.6,24.90822181890064,22.07948455690377,26.713760279109906,1.9193086270868471,,,,False
group2,methanol,methanol,group2 | methanol,#22b429,^,0.673162261491934,1.0149220723152317,0.9645109486835071,0.1999999999999999,3.2999999999999994,displacement,9.7,24.90393732125792,22.193696952353587,26.731075981518394,1.815716225417632,,,,False
group2,methanol,methanol,group2 | methanol,#22b429,^,0.673162261491934,1.0149220723152317,0.9645109486835071,0.1999999999999999,3.2999999999999994,displacement,9.8,25.346918722246286,22.16891653587674,27.26880710953024,2.19260778328336,,,,False
group2,methanol,methanol,group2 | methanol,#22b429,^,0.673162261491934,1.0149220723152317,0.9645109486835071,0.1999999999999999,3.2999999999999994,displacement,9.9,25.273233214737672,21.99974620933559,27.3370966511831,2.323571832728045,,,,False
group2,methanol,methanol,group2 | methanol,#22b429,^,0.673162261491934,1.0149220723152317,0.9645109486835071,0.1999999999999999,3.2999999999999994,displacement,10.0,25.405181720231223,22.09227206697679,27.704885787487157,2.4908795030457305,,,,False
group2,methanol,methanol,group2 | methanol,#22b429,^,0.673162261491934,1.0149220723152317,0.9645109486835071,0.1999999999999999,3.2999999999999994,tamsd,,,,,,0.09999999999999998,0.1915917971821044,0.21541226937932154,False
group2,methanol,methanol,group2 | methanol,#22b429,^,0.673162261491934,1.0149220723152317,0.9645109486835071,0.1999999999999999,3.2999999999999994,tamsd,,,,,,0.19999999999999996,0.32907649943788164,0.3434887113867078,True
group2,methanol,methanol,group2 | methanol,#22b429,^,0.673162261491934,1.0149220723152317,0.9645109486835071,0.1999999999999999,3.2999999999999994,tamsd,,,,,,0.29999999999999993,0.4377412659745143,0.45128454320204386,True
group2,methanol,methanol,group2 | methanol,#22b429,^,0.673162261491934,1.0149220723152317,0.9645109486835071,0.1999999999999999,3.2999999999999994,tamsd,,,,,,0.3999999999999999,0.5015511358091624,0.5477148316112905,True
group2,methanol,methanol,group2 | methanol,#22b429,^,0.673162261491934,1.0149220723152317,0.9645109486835071,0.1999999999999999,3.2999999999999994,tamsd,,,,,,0.4999999999999999,0.5636294491198184,0.636488651862718,True
group2,methanol,methanol,group2 | methanol,#22b429,^,0.673162261491934,1.0149220723152317,0.9645109486835071,0.1999999999999999,3.2999999999999994,tamsd,,,,,,0.5999999999999999,0.6396208925061014,0.7196022151377482,True
group2,methanol,methanol,group2 | methanol,#22b429,^,0.673162261491934,1.0149220723152317,0.9645109486835071,0.1999999999999999,3.2999999999999994,tamsd,,,,,,0.6999999999999998,0.7299949450836891,0.7982860569766769,True
group2,methanol,methanol,group2 | methanol,#22b429,^,0.673162261491934,1.0149220723152317,0.9645109486835071,0.1999999999999999,3.2999999999999994,tamsd,,,,,,0.7999999999999998,0.8759823272258644,0.8733665090648255,True
group2,methanol,methanol,group2 | methanol,#22b429,^,0.673162261491934,1.0149220723152317,0.9645109486835071,0.1999999999999999,3.2999999999999994,tamsd,,,,,,0.8999999999999998,0.9814789572691391,0.9454324004843686,True
group2,methanol,methanol,group2 | methanol,#22b429,^,0.673162261491934,1.0149220723152317,0.9645109486835071,0.1999999999999999,3.2999999999999994,tamsd,,,,,,0.9999999999999998,1.0869516116306646,1.0149220723152315,True
group2,methanol,methanol,group2 | methanol,#22b429,^,0.673162261491934,1.0149220723152317,0.9645109486835071,0.1999999999999999,3.2999999999999994,tamsd,,,,,,1.0999999999999996,1.1791752480106832,1.0821729923650896,True
group2,methanol,methanol,group2 | methanol,#22b429,^,0.673162261491934,1.0149220723152317,0.9645109486835071,0.1999999999999999,3.2999999999999994,tamsd,,,,,,1.1999999999999997,1.2743144001688986,1.1474519919449546,True
group2,methanol,methanol,group2 | methanol,#22b429,^,0.673162261491934,1.0149220723152317,0.9645109486835071,0.1999999999999999,3.2999999999999994,tamsd,,,,,,1.2999999999999998,1.3586145200249529,1.2109746789024436,True
group2,methanol,methanol,group2 | methanol,#22b429,^,0.673162261491934,1.0149220723152317,0.9645109486835071,0.1999999999999999,3.2999999999999994,tamsd,,,,,,1.3999999999999997,1.4538681569502938,1.272918435978451,True
group2,methanol,methanol,group2 | methanol,#22b429,^,0.673162261491934,1.0149220723152317,0.9645109486835071,0.1999999999999999,3.2999999999999994,tamsd,,,,,,1.4999999999999996,1.5110691847037687,1.3334314305159294,True
group2,methanol,methanol,group2 | methanol,#22b429,^,0.673162261491934,1.0149220723152317,0.9645109486835071,0.1999999999999999,3.2999999999999994,tamsd,,,,,,1.5999999999999996,1.5530424337339328,1.3926390434090195,True
group2,methanol,methanol,group2 | methanol,#22b429,^,0.673162261491934,1.0149220723152317,0.9645109486835071,0.1999999999999999,3.2999999999999994,tamsd,,,,,,1.6999999999999997,1.5881046372929561,1.4506485713277435,True
group2,methanol,methanol,group2 | methanol,#22b429,^,0.673162261491934,1.0149220723152317,0.9645109486835071,0.1999999999999999,3.2999999999999994,tamsd,,,,,,1.7999999999999996,1.6358008737733118,1.5075527400612934,True
group2,methanol,methanol,group2 | methanol,#22b429,^,0.673162261491934,1.0149220723152317,0.9645109486835071,0.1999999999999999,3.2999999999999994,tamsd,,,,,,1.8999999999999995,1.7119164827758138,1.5634323787578253,True
group2,methanol,methanol,group2 | methanol,#22b429,^,0.673162261491934,1.0149220723152317,0.9645109486835071,0.1999999999999999,3.2999999999999994,tamsd,,,,,,1.9999999999999996,1.7701793717607703,1.6183584889661402,True
group2,methanol,methanol,group2 | methanol,#22b429,^,0.673162261491934,1.0149220723152317,0.9645109486835071,0.1999999999999999,3.2999999999999994,tamsd,,,,,,2.0999999999999996,1.7940227282927068,1.6723938687675464,True
group2,methanol,methanol,group2 | methanol,#22b429,^,0.673162261491934,1.0149220723152317,0.9645109486835071,0.1999999999999999,3.2999999999999994,tamsd,,,,,,2.1999999999999993,1.794760693804505,1.7255944042371474,True
group2,methanol,methanol,group2 | methanol,#22b429,^,0.673162261491934,1.0149220723152317,0.9645109486835071,0.1999999999999999,3.2999999999999994,tamsd,,,,,,2.2999999999999994,1.820369918943844,1.778010108354797,True
group2,methanol,methanol,group2 | methanol,#22b429,^,0.673162261491934,1.0149220723152317,0.9645109486835071,0.1999999999999999,3.2999999999999994,tamsd,,,,,,2.3999999999999995,1.8680682922117093,1.8296859655530773,True
group2,methanol,methanol,group2 | methanol,#22b429,^,0.673162261491934,1.0149220723152317,0.9645109486835071,0.1999999999999999,3.2999999999999994,tamsd,,,,,,2.4999999999999996,1.9155146999491466,1.8806626248231224,True
group2,methanol,methanol,group2 | methanol,#22b429,^,0.673162261491934,1.0149220723152317,0.9645109486835071,0.1999999999999999,3.2999999999999994,tamsd,,,,,,2.5999999999999996,1.8933385095271933,1.9309769734873894,True
group2,methanol,methanol,group2 | methanol,#22b429,^,0.673162261491934,1.0149220723152317,0.9645109486835071,0.1999999999999999,3.2999999999999994,tamsd,,,,,,2.6999999999999993,1.9099716860555156,1.9806626159705516,True
group2,methanol,methanol,group2 | methanol,#22b429,^,0.673162261491934,1.0149220723152317,0.9645109486835071,0.1999999999999999,3.2999999999999994,tamsd,,,,,,2.7999999999999994,1.915060186352174,2.0297502762235595,True
group2,methanol,methanol,group2 | methanol,#22b429,^,0.673162261491934,1.0149220723152317,0.9645109486835071,0.1999999999999999,3.2999999999999994,tamsd,,,,,,2.8999999999999995,1.904786630735613,2.078268138258989,True
group2,methanol,methanol,group2 | methanol,#22b429,^,0.673162261491934,1.0149220723152317,0.9645109486835071,0.1999999999999999,3.2999999999999994,tamsd,,,,,,2.999999999999999,1.8757308072309569,2.1262421361149193,True
group2,methanol,methanol,group2 | methanol,#22b429,^,0.673162261491934,1.0149220723152317,0.9645109486835071,0.1999999999999999,3.2999999999999994,tamsd,,,,,,3.099999999999999,1.8991026279089585,2.1736962021877755,True
group2,methanol,methanol,group2 | methanol,#22b429,^,0.673162261491934,1.0149220723152317,0.9645109486835071,0.1999999999999999,3.2999999999999994,tamsd,,,,,,3.1999999999999993,1.8872125209705235,2.220652481057336,True
group2,methanol,methanol,group2 | methanol,#22b429,^,0.673162261491934,1.0149220723152317,0.9645109486835071,0.1999999999999999,3.2999999999999994,tamsd,,,,,,3.2999999999999994,1.8714639579452006,2.2671315145243502,True
group2,n-heptane,n-heptane,group2 | n-heptane,#e42555,D,0.9057233555692672,1.7224994802851146,0.9913806540264437,0.1999999999999999,3.2999999999999994,displacement,0.0,22.32706467691491,21.86812621558185,24.330663686629208,0.0,,,,False
group2,n-heptane,n-heptane,group2 | n-heptane,#e42555,D,0.9057233555692672,1.7224994802851146,0.9913806540264437,0.1999999999999999,3.2999999999999994,displacement,0.1,22.570769370078963,22.003309369620943,23.66346687099981,0.7230615834022394,,,,False
group2,n-heptane,n-heptane,group2 | n-heptane,#e42555,D,0.9057233555692672,1.7224994802851146,0.9913806540264437,0.1999999999999999,3.2999999999999994,displacement,0.2,22.37852944804247,22.567486077141663,23.55696911807205,1.0442011894472367,,,,False
group2,n-heptane,n-heptane,group2 | n-heptane,#e42555,D,0.9057233555692672,1.7224994802851146,0.9913806540264437,0.1999999999999999,3.2999999999999994,displacement,0.3,22.153727872652304,22.61249709561401,23.32578892894281,1.2625002706483393,,,,False
group2,n-heptane,n-heptane,group2 | n-heptane,#e42555,D,0.9057233555692672,1.7224994802851146,0.9913806540264437,0.1999999999999999,3.2999999999999994,displacement,0.4,22.283337476233744,22.722576136007323,23.19995077132041,1.4179239864818725,,,,False
group2,n-heptane,n-heptane,group2 | n-heptane,#e42555,D,0.9057233555692672,1.7224994802851146,0.9913806540264437,0.1999999999999999,3.2999999999999994,displacement,0.5,22.337394598740897,22.693120297014683,23.11993345196082,1.46512444619026,,,,False
group2,n-heptane,n-heptane,group2 | n-heptane,#e42555,D,0.9057233555692672,1.7224994802851146,0.9913806540264437,0.1999999999999999,3.2999999999999994,displacement,0.6,22.28813798177172,22.688219175280505,22.89417688222617,1.65455797401183,,,,False
group2,n-heptane,n-heptane,group2 | n-heptane,#e42555,D,0.9057233555692672,1.7224994802851146,0.9913806540264437,0.1999999999999999,3.2999999999999994,displacement,0.7,21.859126939903994,22.972331248651912,22.33855801988694,2.325235357602069,,,,False
group2,n-heptane,n-heptane,group2 | n-heptane,#e42555,D,0.9057233555692672,1.7224994802851146,0.9913806540264437,0.1999999999999999,3.2999999999999994,displacement,0.8,21.760229444551893,22.69802456003997,22.14216344169813,2.408228968525575,,,,False
group2,n-heptane,n-heptane,group2 | n-heptane,#e42555,D,0.9057233555692672,1.7224994802851146,0.9913806540264437,0.1999999999999999,3.2999999999999994,displacement,0.9,21.787489177419328,22.18880033719948,22.49044548704608,1.944319066925003,,,,False
group2,n-heptane,n-heptane,group2 | n-heptane,#e42555,D,0.9057233555692672,1.7224994802851146,0.9913806540264437,0.1999999999999999,3.2999999999999994,displacement,1.0,21.42210207705538,21.99726965528912,22.51521274906784,2.0326085313843363,,,,False
group2,n-heptane,n-heptane,group2 | n-heptane,#e42555,D,0.9057233555692672,1.7224994802851146,0.9913806540264437,0.1999999999999999,3.2999999999999994,displacement,1.1,21.54613661804094,22.05403646432288,22.22935783805397,2.249421597429019,,,,False
group2,n-heptane,n-heptane,group2 | n-heptane,#e42555,D,0.9057233555692672,1.7224994802851146,0.9913806540264437,0.1999999999999999,3.2999999999999994,displacement,1.2,21.962439642069626,22.082847738840503,22.028630048465825,2.3406015508458906,,,,False
group2,n-heptane,n-heptane,group2 | n-heptane,#e42555,D,0.9057233555692672,1.7224994802851146,0.9913806540264437,0.1999999999999999,3.2999999999999994,displacement,1.3,21.60838600306678,22.244322273769125,21.630467260501657,2.819411862447868,,,,False
group2,n-heptane,n-heptane,group2 | n-heptane,#e42555,D,0.9057233555692672,1.7224994802851146,0.9913806540264437,0.1999999999999999,3.2999999999999994,displacement,1.4,21.57229408904574,21.920306099955443,21.71889735876456,2.7191404399208947,,,,False
group2,n-heptane,n-heptane,group2 | n-heptane,#e42555,D,0.9057233555692672,1.7224994802851146,0.9913806540264437,0.1999999999999999,3.2999999999999994,displacement,1.5,21.28938763024356,22.210703557847197,21.572957391591306,2.966323802000358,,,,False
group2,n-heptane,n-heptane,group2 | n-heptane,#e42555,D,0.9057233555692672,1.7224994802851146,0.9913806540264437,0.1999999999999999,3.2999999999999994,displacement,1.6,21.149226976734827,21.923872502553326,21.062140363598235,3.474716392696539,,,,False
group2,n-heptane,n-heptane,group2 | n-heptane,#e42555,D,0.9057233555692672,1.7224994802851146,0.9913806540264437,0.1999999999999999,3.2999999999999994,displacement,1.7,21.31895618604308,22.007776128745363,20.95286296194678,3.5277928742033007,,,,False
group2,n-heptane,n-heptane,group2 | n-heptane,#e42555,D,0.9057233555692672,1.7224994802851146,0.9913806540264437,0.1999999999999999,3.2999999999999994,displacement,1.8,21.322113300466903,21.896443764855597,20.546599187432555,3.915338208469612,,,,False
group2,n-heptane,n-heptane,group2 | n-heptane,#e42555,D,0.9057233555692672,1.7224994802851146,0.9913806540264437,0.1999999999999999,3.2999999999999994,displacement,1.9,21.36218523766972,21.976084461645723,20.679486815537427,3.778060330270929,,,,False
group2,n-heptane,n-heptane,group2 | n-heptane,#e42555,D,0.9057233555692672,1.7224994802851146,0.9913806540264437,0.1999999999999999,3.2999999999999994,displacement,2.0,21.24897373280296,21.91380529039087,20.50201355605988,3.977804480358497,,,,False
group2,n-heptane,n-heptane,group2 | n-heptane,#e42555,D,0.9057233555692672,1.7224994802851146,0.9913806540264437,0.1999999999999999,3.2999999999999994,displacement,2.1,21.67624959668093,21.80649709869234,20.48701397439508,3.898846178943977,,,,False
group2,n-heptane,n-heptane,group2 | n-heptane,#e42555,D,0.9057233555692672,1.7224994802851146,0.9913806540264437,0.1999999999999999,3.2999999999999994,displacement,2.2,21.64644289798606,21.40692434577996,20.65709838300864,3.764443545947515,,,,False
group2,n-heptane,n-heptane,group2 | n-heptane,#e42555,D,0.9057233555692672,1.7224994802851146,0.9913806540264437,0.1999999999999999,3.2999999999999994,displacement,2.3,21.77969070058869,21.23687081847217,20.6281606016409,3.79560676844786,,,,False
group2,n-heptane,n-heptane,group2 | n-heptane,#e42555,D,0.9057233555692672,1.7224994802851146,0.9913806540264437,0.1999999999999999,3.2999999999999994,displacement,2.4,21.88289400212648,21.12481746269812,20.088493223666028,4.329642678939315,,,,False
group2,n-heptane,n-heptane,group2 | n-heptane,#e42555,D,0.9057233555692672,1.7224994802851146,0.9913806540264437,0.1999999999999999,3.2999999999999994,displacement,2.5,21.94143536780181,20.61763007784091,19.768862744518007,4.745785329110313,,,,False
group2,n-heptane,n-heptane,group2 | n-heptane,#e42555,D,0.9057233555692672,1.7224994802851146,0.9913806540264437,0.1999999999999999,3.2999999999999994,displacement,2.6,21.87084918321421,21.032846796006822,19.77477082232384,4.654243663205307,,,,False
group2,n-heptane,n-heptane,group2 | n-heptane,#e42555,D,0.9057233555692672,1.7224994802851146,0.9913806540264437,0.1999999999999999,3.2999999999999994,displacement,2.7,21.90815758586803,21.01928192834408,19.865852634695603,4.564050558919568,,,,False
group2,n-heptane,n-heptane,group2 | n-heptane,#e42555,D,0.9057233555692672,1.7224994802851146,0.9913806540264437,0.1999999999999999,3.2999999999999994,displacement,2.8,22.152502993165854,21.613155528271648,20.29540233686579,4.047074992351292,,,,False
group2,n-heptane,n-heptane,group2 | n-heptane,#e42555,D,0.9057233555692672,1.7224994802851146,0.9913806540264437,0.1999999999999999,3.2999999999999994,displacement,2.9,22.18017503605229,21.51491851488914,20.08316031894907,4.264694256904649,,,,False
group2,n-heptane,n-heptane,group2 | n-heptane,#e42555,D,0.9057233555692672,1.7224994802851146,0.9913806540264437,0.1999999999999999,3.2999999999999994,displacement,3.0,22.21282089310221,21.124199196984232,19.939517122947912,4.455182060799472,,,,False
group2,n-heptane,n-heptane,group2 | n-heptane,#e42555,D,0.9057233555692672,1.7224994802851146,0.9913806540264437,0.1999999999999999,3.2999999999999994,displacement,3.1,22.23023959083254,21.05859262460947,19.96491046749692,4.4412296610929065,,,,False
group2,n-heptane,n-heptane,group2 | n-heptane,#e42555,D,0.9057233555692672,1.7224994802851146,0.9913806540264437,0.1999999999999999,3.2999999999999994,displacement,3.2,22.57412564991053,21.321517913199084,20.013789278545083,4.3583511120357175,,,,False
group2,n-heptane,n-heptane,group2 | n-heptane,#e42555,D,0.9057233555692672,1.7224994802851146,0.9913806540264437,0.1999999999999999,3.2999999999999994,displacement,3.3,22.98488953285416,21.232552146069857,20.08691117193124,4.341212197639369,,,,False
group2,n-heptane,n-heptane,group2 | n-heptane,#e42555,D,0.9057233555692672,1.7224994802851146,0.9913806540264437,0.1999999999999999,3.2999999999999994,displacement,3.4,22.86185496201165,21.13626650083354,20.211351531856646,4.217861059774527,,,,False
group2,n-heptane,n-heptane,group2 | n-heptane,#e42555,D,0.9057233555692672,1.7224994802851146,0.9913806540264437,0.1999999999999999,3.2999999999999994,displacement,3.5,23.05846904970906,21.09506475423344,20.46679249155704,4.007752112053958,,,,False
group2,n-heptane,n-heptane,group2 | n-heptane,#e42555,D,0.9057233555692672,1.7224994802851146,0.9913806540264437,0.1999999999999999,3.2999999999999994,displacement,3.6,23.22153254679528,21.08290306381119,20.28284881845866,4.21917685992274,,,,False
group2,n-heptane,n-heptane,group2 | n-heptane,#e42555,D,0.9057233555692672,1.7224994802851146,0.9913806540264437,0.1999999999999999,3.2999999999999994,displacement,3.7,23.146174398851745,21.3093844471821,20.799240926425945,3.6679803450410615,,,,False
group2,n-heptane,n-heptane,group2 | n-heptane,#e42555,D,0.9057233555692672,1.7224994802851146,0.9913806540264437,0.1999999999999999,3.2999999999999994,displacement,3.8,23.30788509588238,21.28169022599969,20.79613626979583,3.7146735959553103,,,,False
group2,n-heptane,n-heptane,group2 | n-heptane,#e42555,D,0.9057233555692672,1.7224994802851146,0.9913806540264437,0.1999999999999999,3.2999999999999994,displacement,3.9,22.9121066302424,21.382739702555487,20.04379479562957,4.353747700866646,,,,False
group2,n-heptane,n-heptane,group2 | n-heptane,#e42555,D,0.9057233555692672,1.7224994802851146,0.9913806540264437,0.1999999999999999,3.2999999999999994,displacement,4.0,22.92862705344689,21.519464669834917,20.32493722066754,4.065622545988154,,,,False
group2,n-heptane,n-heptane,group2 | n-heptane,#e42555,D,0.9057233555692672,1.7224994802851146,0.9913806540264437,0.1999999999999999,3.2999999999999994,displacement,4.1,22.606650806131967,21.742214722592077,19.994781269296265,4.346711221677195,,,,False
group2,n-heptane,n-heptane,group2 | n-heptane,#e42555,D,0.9057233555692672,1.7224994802851146,0.9913806540264437,0.1999999999999999,3.2999999999999994,displacement,4.2,22.97999181147992,22.1959747713681,20.280254564699177,4.115776059699605,,,,False
group2,n-heptane,n-heptane,group2 | n-heptane,#e42555,D,0.9057233555692672,1.7224994802851146,0.9913806540264437,0.1999999999999999,3.2999999999999994,displacement,4.3,23.24210868000187,22.20019162962328,20.24685865786271,4.198218250611378,,,,False
group2,n-heptane,n-heptane,group2 | n-heptane,#e42555,D,0.9057233555692672,1.7224994802851146,0.9913806540264437,0.1999999999999999,3.2999999999999994,displacement,4.4,22.919035872959697,22.05267349824042,20.28195380635165,4.0959173931050525,,,,False
group2,n-heptane,n-heptane,group2 | n-heptane,#e42555,D,0.9057233555692672,1.7224994802851146,0.9913806540264437,0.1999999999999999,3.2999999999999994,displacement,4.5,22.71199215229973,22.24219974358413,20.305819509233547,4.060476673738437,,,,False
group2,n-heptane,n-heptane,group2 | n-heptane,#e42555,D,0.9057233555692672,1.7224994802851146,0.9913806540264437,0.1999999999999999,3.2999999999999994,displacement,4.6,22.583858733564675,21.524808965910445,20.633917676075853,3.72152401416338,,,,False
group2,n-heptane,n-heptane,group2 | n-heptane,#e42555,D,0.9057233555692672,1.7224994802851146,0.9913806540264437,0.1999999999999999,3.2999999999999994,displacement,4.7,22.203454882081783,21.540260177952806,20.90875515085521,3.4398013819423063,,,,False
group2,n-heptane,n-heptane,group2 | n-heptane,#e42555,D,0.9057233555692672,1.7224994802851146,0.9913806540264437,0.1999999999999999,3.2999999999999994,displacement,4.8,22.56432396792092,21.640450085133832,20.57173777766185,3.773281381059534,,,,False
group2,n-heptane,n-heptane,group2 | n-heptane,#e42555,D,0.9057233555692672,1.7224994802851146,0.9913806540264437,0.1999999999999999,3.2999999999999994,displacement,4.9,22.50862720560968,21.671638676201837,20.49085954160749,3.849112648011692,,,,False
group2,n-heptane,n-heptane,group2 | n-heptane,#e42555,D,0.9057233555692672,1.7224994802851146,0.9913806540264437,0.1999999999999999,3.2999999999999994,displacement,5.0,22.48943491672369,21.84395446729077,20.07292214700033,4.260904996180072,,,,False
group2,n-heptane,n-heptane,group2 | n-heptane,#e42555,D,0.9057233555692672,1.7224994802851146,0.9913806540264437,0.1999999999999999,3.2999999999999994,displacement,5.1,23.07336015786322,22.044711445247724,19.93255218793819,4.464473546022888,,,,False
group2,n-heptane,n-heptane,group2 | n-heptane,#e42555,D,0.9057233555692672,1.7224994802851146,0.9913806540264437,0.1999999999999999,3.2999999999999994,displacement,5.2,23.02386475151513,22.545285303088743,19.71096167071888,4.720775517810817,,,,False
group2,n-heptane,n-heptane,group2 | n-heptane,#e42555,D,0.9057233555692672,1.7224994802851146,0.9913806540264437,0.1999999999999999,3.2999999999999994,displacement,5.3,22.51425498481407,22.488494448799624,19.22707654371204,5.144560105733681,,,,False
group2,n-heptane,n-heptane,group2 | n-heptane,#e42555,D,0.9057233555692672,1.7224994802851146,0.9913806540264437,0.1999999999999999,3.2999999999999994,displacement,5.4,22.625889879091307,22.37890559507208,19.441879533895037,4.924469775315206,,,,False
group2,n-heptane,n-heptane,group2 | n-heptane,#e42555,D,0.9057233555692672,1.7224994802851146,0.9913806540264437,0.1999999999999999,3.2999999999999994,displacement,5.5,22.682725453750365,22.47934597145875,19.491974579306238,4.890091661255382,,,,False
group2,n-heptane,n-heptane,group2 | n-heptane,#e42555,D,0.9057233555692672,1.7224994802851146,0.9913806540264437,0.1999999999999999,3.2999999999999994,displacement,5.6,22.46676819834343,22.855977168070183,19.08209267579745,5.3425522209871845,,,,False
group2,n-heptane,n-heptane,group2 | n-heptane,#e42555,D,0.9057233555692672,1.7224994802851146,0.9913806540264437,0.1999999999999999,3.2999999999999994,displacement,5.7,22.52103313275236,23.140148581792623,19.18844565361955,5.300761356730764,,,,False
group2,n-heptane,n-heptane,group2 | n-heptane,#e42555,D,0.9057233555692672,1.7224994802851146,0.9913806540264437,0.1999999999999999,3.2999999999999994,displacement,5.8,22.474568112205937,22.806933166935675,18.944610068741905,5.469249430231708,,,,False
group2,n-heptane,n-heptane,group2 | n-heptane,#e42555,D,0.9057233555692672,1.7224994802851146,0.9913806540264437,0.1999999999999999,3.2999999999999994,displacement,5.9,22.453853105484946,22.67287866112737,19.16528830059897,5.229226011833663,,,,False
group2,n-heptane,n-heptane,group2 | n-heptane,#e42555,D,0.9057233555692672,1.7224994802851146,0.9913806540264437,0.1999999999999999,3.2999999999999994,displacement,6.0,22.42532805965793,22.71230663732075,19.66235877949017,4.745036035991069,,,,False
group2,n-heptane,n-heptane,group2 | n-heptane,#e42555,D,0.9057233555692672,1.7224994802851146,0.9913806540264437,0.1999999999999999,3.2999999999999994,displacement,6.1,22.217127622429164,22.64955352767628,19.453613331644004,4.940479224234978,,,,False
group2,n-heptane,n-heptane,group2 | n-heptane,#e42555,D,0.9057233555692672,1.7224994802851146,0.9913806540264437,0.1999999999999999,3.2999999999999994,displacement,6.2,22.06861753695734,22.45490539510925,19.399909361486227,4.972267384664195,,,,False
group2,n-heptane,n-heptane,group2 | n-heptane,#e42555,D,0.9057233555692672,1.7224994802851146,0.9913806540264437,0.1999999999999999,3.2999999999999994,displacement,6.3,22.11158048918959,22.24002499913708,19.5940507982146,4.756074410169054,,,,False
group2,n-heptane,n-heptane,group2 | n-heptane,#e42555,D,0.9057233555692672,1.7224994802851146,0.9913806540264437,0.1999999999999999,3.2999999999999994,displacement,6.4,22.314272450365497,22.300850290863973,19.421780002326063,4.927935956605614,,,,False
group2,n-heptane,n-heptane,group2 | n-heptane,#e42555,D,0.9057233555692672,1.7224994802851146,0.9913806540264437,0.1999999999999999,3.2999999999999994,displacement,6.5,21.95138108729281,22.219542367984776,19.64003647592404,4.718751434594617,,,,False
group2,n-heptane,n-heptane,group2 | n-heptane,#e42555,D,0.9057233555692672,1.7224994802851146,0.9913806540264437,0.1999999999999999,3.2999999999999994,displacement,6.6,22.10551214738373,21.943964404015976,19.786014223600105,4.550678597305829,,,,False
group2,n-heptane,n-heptane,group2 | n-heptane,#e42555,D,0.9057233555692672,1.7224994802851146,0.9913806540264437,0.1999999999999999,3.2999999999999994,displacement,6.7,21.568329030728727,22.12277926819595,19.43966106720414,4.956050300513721,,,,False
group2,n-heptane,n-heptane,group2 | n-heptane,#e42555,D,0.9057233555692672,1.7224994802851146,0.9913806540264437,0.1999999999999999,3.2999999999999994,displacement,6.8,21.566406734668984,22.30540997550677,19.184349423628827,5.2205716243872216,,,,False
group2,n-heptane,n-heptane,group2 | n-heptane,#e42555,D,0.9057233555692672,1.7224994802851146,0.9913806540264437,0.1999999999999999,3.2999999999999994,displacement,6.9,21.406837298837555,22.37855193713137,19.012374402518663,5.421397767556585,,,,False
group2,n-heptane,n-heptane,group2 | n-heptane,#e42555,D,0.9057233555692672,1.7224994802851146,0.9913806540264437,0.1999999999999999,3.2999999999999994,displacement,7.0,22.14476385301757,22.582682905855258,19.14544902180834,5.2373920966719245,,,,False
group2,n-heptane,n-heptane,group2 | n-heptane,#e42555,D,0.9057233555692672,1.7224994802851146,0.9913806540264437,0.1999999999999999,3.2999999999999994,displacement,7.1,21.93293386710577,22.688516590262324,19.53438076428089,4.8818755958462665,,,,False
group2,n-heptane,n-heptane,group2 | n-heptane,#e42555,D,0.9057233555692672,1.7224994802851146,0.9913806540264437,0.1999999999999999,3.2999999999999994,displacement,7.2,21.81291442258344,22.330054477586323,19.05784019323006,5.317931533576715,,,,False
group2,n-heptane,n-heptane,group2 | n-heptane,#e42555,D,0.9057233555692672,1.7224994802851146,0.9913806540264437,0.1999999999999999,3.2999999999999994,displacement,7.3,22.02005973513541,22.524099542827365,19.70822868676755,4.678830876221177,,,,False
group2,n-heptane,n-heptane,group2 | n-heptane,#e42555,D,0.9057233555692672,1.7224994802851146,0.9913806540264437,0.1999999999999999,3.2999999999999994,displacement,7.4,21.91853049021924,22.762531276396267,19.59225668408328,4.839355485628827,,,,False
group2,n-heptane,n-heptane,group2 | n-heptane,#e42555,D,0.9057233555692672,1.7224994802851146,0.9913806540264437,0.1999999999999999,3.2999999999999994,displacement,7.5,22.369771943285627,23.212844577610085,19.144899069607085,5.357447717611006,,,,False
group2,n-heptane,n-heptane,group2 | n-heptane,#e42555,D,0.9057233555692672,1.7224994802851146,0.9913806540264437,0.1999999999999999,3.2999999999999994,displacement,7.6,22.44255892640878,23.022274077406458,18.96566727869056,5.488950962234503,,,,False
group2,n-heptane,n-heptane,group2 | n-heptane,#e42555,D,0.9057233555692672,1.7224994802851146,0.9913806540264437,0.1999999999999999,3.2999999999999994,displacement,7.7,22.08706516653346,23.541697245132063,19.02557410388896,5.567981253275934,,,,False
group2,n-heptane,n-heptane,group2 | n-heptane,#e42555,D,0.9057233555692672,1.7224994802851146,0.9913806540264437,0.1999999999999999,3.2999999999999994,displacement,7.8,21.873274125043046,23.331967608178925,18.95535610486573,5.589515997491435,,,,False
group2,n-heptane,n-heptane,group2 | n-heptane,#e42555,D,0.9057233555692672,1.7224994802851146,0.9913806540264437,0.1999999999999999,3.2999999999999994,displacement,7.9,21.998028529850053,23.39937572812693,19.011784649814903,5.544678896384125,,,,False
group2,n-heptane,n-heptane,group2 | n-heptane,#e42555,D,0.9057233555692672,1.7224994802851146,0.9913806540264437,0.1999999999999999,3.2999999999999994,displacement,8.0,22.41213504278392,23.1536314131161,18.88881265634916,5.592271740160409,,,,False
group2,n-heptane,n-heptane,group2 | n-heptane,#e42555,D,0.9057233555692672,1.7224994802851146,0.9913806540264437,0.1999999999999999,3.2999999999999994,displacement,8.1,22.73862990694955,22.886217152685205,18.90394599395826,5.536710215528113,,,,False
group2,n-heptane,n-heptane,group2 | n-heptane,#e42555,D,0.9057233555692672,1.7224994802851146,0.9913806540264437,0.1999999999999999,3.2999999999999994,displacement,8.2,22.720788474926294,22.97823068152484,18.871698699782108,5.584590323564447,,,,False
group2,n-heptane,n-heptane,group2 | n-heptane,#e42555,D,0.9057233555692672,1.7224994802851146,0.9913806540264437,0.1999999999999999,3.2999999999999994,displacement,8.3,22.596529549752,23.03863939058912,18.186499300886297,6.26046870526403,,,,False
group2,n-heptane,n-heptane,group2 | n-heptane,#e42555,D,0.9057233555692672,1.7224994802851146,0.9913806540264437,0.1999999999999999,3.2999999999999994,displacement,8.4,22.32159832193691,23.44910003093499,17.881899308810883,6.639734187939121,,,,False
group2,n-heptane,n-heptane,group2 | n-heptane,#e42555,D,0.9057233555692672,1.7224994802851146,0.9913806540264437,0.1999999999999999,3.2999999999999994,displacement,8.5,22.042338681230884,23.6344184918832,18.091329362951395,6.490774229671229,,,,False
group2,n-heptane,n-heptane,group2 | n-heptane,#e42555,D,0.9057233555692672,1.7224994802851146,0.9913806540264437,0.1999999999999999,3.2999999999999994,displacement,8.6,22.2331067421829,23.321750521434883,18.0838479945878,6.414402388874635,,,,False
group2,n-heptane,n-heptane,group2 | n-heptane,#e42555,D,0.9057233555692672,1.7224994802851146,0.9913806540264437,0.1999999999999999,3.2999999999999994,displacement,8.7,22.051614553128736,23.65368179667524,18.07561388621969,6.510739551653921,,,,False
group2,n-heptane,n-heptane,group2 | n-heptane,#e42555,D,0.9057233555692672,1.7224994802851146,0.9913806540264437,0.1999999999999999,3.2999999999999994,displacement,8.8,22.079902417405982,23.628875135157195,17.428635680858704,7.127363925937251,,,,False
group2,n-heptane,n-heptane,group2 | n-heptane,#e42555,D,0.9057233555692672,1.7224994802851146,0.9913806540264437,0.1999999999999999,3.2999999999999994,displacement,8.9,21.972833160278583,23.440053021041948,18.34278027020853,6.20090168102577,,,,False
group2,n-heptane,n-heptane,group2 | n-heptane,#e42555,D,0.9057233555692672,1.7224994802851146,0.9913806540264437,0.1999999999999999,3.2999999999999994,displacement,9.0,21.917123936328476,23.38340043406136,18.290672266480183,6.240641291041739,,,,False
group2,n-heptane,n-heptane,group2 | n-heptane,#e42555,D,0.9057233555692672,1.7224994802851146,0.9913806540264437,0.1999999999999999,3.2999999999999994,displacement,9.1,22.12072222388671,23.441036441441383,18.24857138658644,6.285576388269795,,,,False
group2,n-heptane,n-heptane,group2 | n-heptane,#e42555,D,0.9057233555692672,1.7224994802851146,0.9913806540264437,0.1999999999999999,3.2999999999999994,displacement,9.2,21.96466196402489,23.05915075859964,18.09175065749531,6.361910952966687,,,,False
group2,n-heptane,n-heptane,group2 | n-heptane,#e42555,D,0.9057233555692672,1.7224994802851146,0.9913806540264437,0.1999999999999999,3.2999999999999994,displacement,9.3,22.25328798955553,22.89742460299301,18.87029459815155,5.557025171107945,,,,False
group2,n-heptane,n-heptane,group2 | n-heptane,#e42555,D,0.9057233555692672,1.7224994802851146,0.9913806540264437,0.1999999999999999,3.2999999999999994,displacement,9.4,22.605325811214648,22.82329317662199,18.52703343498261,5.888284748562356,,,,False
group2,n-heptane,n-heptane,group2 | n-heptane,#e42555,D,0.9057233555692672,1.7224994802851146,0.9913806540264437,0.1999999999999999,3.2999999999999994,displacement,9.5,22.59455151814443,23.12111167313415,18.744352656175323,5.7313517337569895,,,,False
group2,n-heptane,n-heptane,group2 | n-heptane,#e42555,D,0.9057233555692672,1.7224994802851146,0.9913806540264437,0.1999999999999999,3.2999999999999994,displacement,9.6,22.57143327386589,23.04188406874546,18.46861026249821,5.983401528930263,,,,False
group2,n-heptane,n-heptane,group2 | n-heptane,#e42555,D,0.9057233555692672,1.7224994802851146,0.9913806540264437,0.1999999999999999,3.2999999999999994,displacement,9.7,22.608205449083027,22.899233112374205,18.04526708867263,6.375612281184621,,,,False
group2,n-heptane,n-heptane,group2 | n-heptane,#e42555,D,0.9057233555692672,1.7224994802851146,0.9913806540264437,0.1999999999999999,3.2999999999999994,displacement,9.8,23.049981786442206,23.122714997396923,18.04791131654765,6.447447518395858,,,,False
group2,n-heptane,n-heptane,group2 | n-heptane,#e42555,D,0.9057233555692672,1.7224994802851146,0.9913806540264437,0.1999999999999999,3.2999999999999994,displacement,9.9,23.022090439398777,23.06271467585099,18.220517718943714,6.264502066912244,,,,False
group2,n-heptane,n-heptane,group2 | n-heptane,#e42555,D,0.9057233555692672,1.7224994802851146,0.9913806540264437,0.1999999999999999,3.2999999999999994,displacement,10.0,22.99214814163765,22.967545478672136,18.40506903084053,6.063310214380672,,,,False
group2,n-heptane,n-heptane,group2 | n-heptane,#e42555,D,0.9057233555692672,1.7224994802851146,0.9913806540264437,0.1999999999999999,3.2999999999999994,tamsd,,,,,,0.09999999999999998,0.21484711009484161,0.21401082636998836,False
group2,n-heptane,n-heptane,group2 | n-heptane,#e42555,D,0.9057233555692672,1.7224994802851146,0.9913806540264437,0.1999999999999999,3.2999999999999994,tamsd,,,,,,0.19999999999999996,0.39326447582420465,0.4009457753256769,True
group2,n-heptane,n-heptane,group2 | n-heptane,#e42555,D,0.9057233555692672,1.7224994802851146,0.9913806540264437,0.1999999999999999,3.2999999999999994,tamsd,,,,,,0.29999999999999993,0.5603953899592696,0.578862755775542,True
group2,n-heptane,n-heptane,group2 | n-heptane,#e42555,D,0.9057233555692672,1.7224994802851146,0.9913806540264437,0.1999999999999999,3.2999999999999994,tamsd,,,,,,0.3999999999999999,0.7208122349976562,0.7511653381197908,True
group2,n-heptane,n-heptane,group2 | n-heptane,#e42555,D,0.9057233555692672,1.7224994802851146,0.9913806540264437,0.1999999999999999,3.2999999999999994,tamsd,,,,,,0.4999999999999999,0.8759082133385774,0.9194099548704865,True
group2,n-heptane,n-heptane,group2 | n-heptane,#e42555,D,0.9057233555692672,1.7224994802851146,0.9913806540264437,0.1999999999999999,3.2999999999999994,tamsd,,,,,,0.5999999999999999,1.0558228950882573,1.0844898847329059,True
group2,n-heptane,n-heptane,group2 | n-heptane,#e42555,D,0.9057233555692672,1.7224994802851146,0.9913806540264437,0.1999999999999999,3.2999999999999994,tamsd,,,,,,0.6999999999999998,1.2413996934931393,1.2469836998397825,True
group2,n-heptane,n-heptane,group2 | n-heptane,#e42555,D,0.9057233555692672,1.7224994802851146,0.9913806540264437,0.1999999999999999,3.2999999999999994,tamsd,,,,,,0.7999999999999998,1.3780095230199612,1.4072959485214578,True
group2,n-heptane,n-heptane,group2 | n-heptane,#e42555,D,0.9057233555692672,1.7224994802851146,0.9913806540264437,0.1999999999999999,3.2999999999999994,tamsd,,,,,,0.8999999999999998,1.526252831052831,1.565724948161056,True
group2,n-heptane,n-heptane,group2 | n-heptane,#e42555,D,0.9057233555692672,1.7224994802851146,0.9913806540264437,0.1999999999999999,3.2999999999999994,tamsd,,,,,,0.9999999999999998,1.7128805833593612,1.7224994802851141,True
group2,n-heptane,n-heptane,group2 | n-heptane,#e42555,D,0.9057233555692672,1.7224994802851146,0.9913806540264437,0.1999999999999999,3.2999999999999994,tamsd,,,,,,1.0999999999999996,1.8790312068098043,1.877800374084716,True
group2,n-heptane,n-heptane,group2 | n-heptane,#e42555,D,0.9057233555692672,1.7224994802851146,0.9913806540264437,0.1999999999999999,3.2999999999999994,tamsd,,,,,,1.1999999999999997,2.066340286806268,2.031774023036368,True
group2,n-heptane,n-heptane,group2 | n-heptane,#e42555,D,0.9057233555692672,1.7224994802851146,0.9913806540264437,0.1999999999999999,3.2999999999999994,tamsd,,,,,,1.2999999999999998,2.242416395700852,2.184541276014943,True
group2,n-heptane,n-heptane,group2 | n-heptane,#e42555,D,0.9057233555692672,1.7224994802851146,0.9913806540264437,0.1999999999999999,3.2999999999999994,tamsd,,,,,,1.3999999999999997,2.4242592521690782,2.336203522182446,True
group2,n-heptane,n-heptane,group2 | n-heptane,#e42555,D,0.9057233555692672,1.7224994802851146,0.9913806540264437,0.1999999999999999,3.2999999999999994,tamsd,,,,,,1.4999999999999996,2.6518000631080474,2.4868469936361635,True
group2,n-heptane,n-heptane,group2 | n-heptane,#e42555,D,0.9057233555692672,1.7224994802851146,0.9913806540264437,0.1999999999999999,3.2999999999999994,tamsd,,,,,,1.5999999999999996,2.8408229290984917,2.63654589238924,True
group2,n-heptane,n-heptane,group2 | n-heptane,#e42555,D,0.9057233555692672,1.7224994802851146,0.9913806540264437,0.1999999999999999,3.2999999999999994,tamsd,,,,,,1.6999999999999997,3.040061895578811,2.7853647166129334,True
group2,n-heptane,n-heptane,group2 | n-heptane,#e42555,D,0.9057233555692672,1.7224994802851146,0.9913806540264437,0.1999999999999999,3.2999999999999994,tamsd,,,,,,1.7999999999999996,3.2200403895581666,2.933360026384276,True
group2,n-heptane,n-heptane,group2 | n-heptane,#e42555,D,0.9057233555692672,1.7224994802851146,0.9913806540264437,0.1999999999999999,3.2999999999999994,tamsd,,,,,,1.8999999999999995,3.349427222219664,3.0805818077102076,True
group2,n-heptane,n-heptane,group2 | n-heptane,#e42555,D,0.9057233555692672,1.7224994802851146,0.9913806540264437,0.1999999999999999,3.2999999999999994,tamsd,,,,,,1.9999999999999996,3.5164655762945856,3.227074542607534,True
group2,n-heptane,n-heptane,group2 | n-heptane,#e42555,D,0.9057233555692672,1.7224994802851146,0.9913806540264437,0.1999999999999999,3.2999999999999994,tamsd,,,,,,2.0999999999999996,3.646245125143191,3.372878060143145,True
group2,n-heptane,n-heptane,group2 | n-heptane,#e42555,D,0.9057233555692672,1.7224994802851146,0.9913806540264437,0.1999999999999999,3.2999999999999994,tamsd,,,,,,2.1999999999999993,3.7352830395731123,3.5180282215845153,True
group2,n-heptane,n-heptane,group2 | n-heptane,#e42555,D,0.9057233555692672,1.7224994802851146,0.9913806540264437,0.1999999999999999,3.2999999999999994,tamsd,,,,,,2.2999999999999994,3.844764259311976,3.6625574780786754,True
group2,n-heptane,n-heptane,group2 | n-heptane,#e42555,D,0.9057233555692672,1.7224994802851146,0.9913806540264437,0.1999999999999999,3.2999999999999994,tamsd,,,,,,2.3999999999999995,3.9541301467439425,3.8064953290938996,True
group2,n-heptane,n-heptane,group2 | n-heptane,#e42555,D,0.9057233555692672,1.7224994802851146,0.9913806540264437,0.1999999999999999,3.2999999999999994,tamsd,,,,,,2.4999999999999996,4.041594897700094,3.949868702686772,True
group2,n-heptane,n-heptane,group2 | n-heptane,#e42555,D,0.9057233555692672,1.7224994802851146,0.9913806540264437,0.1999999999999999,3.2999999999999994,tamsd,,,,,,2.5999999999999996,4.068143995415469,4.092702273521913,True
group2,n-heptane,n-heptane,group2 | n-heptane,#e42555,D,0.9057233555692672,1.7224994802851146,0.9913806540264437,0.1999999999999999,3.2999999999999994,tamsd,,,,,,2.6999999999999993,4.080050138687648,4.235018730838031,True
group2,n-heptane,n-heptane,group2 | n-heptane,#e42555,D,0.9057233555692672,1.7224994802851146,0.9913806540264437,0.1999999999999999,3.2999999999999994,tamsd,,,,,,2.7999999999999994,4.102987206293609,4.37683900580169,True
group2,n-heptane,n-heptane,group2 | n-heptane,#e42555,D,0.9057233555692672,1.7224994802851146,0.9913806540264437,0.1999999999999999,3.2999999999999994,tamsd,,,,,,2.8999999999999995,4.233484650239116,4.518182465635328,True
group2,n-heptane,n-heptane,group2 | n-heptane,#e42555,D,0.9057233555692672,1.7224994802851146,0.9913806540264437,0.1999999999999999,3.2999999999999994,tamsd,,,,,,2.999999999999999,4.298970402953969,4.6590670803540535,True
group2,n-heptane,n-heptane,group2 | n-heptane,#e42555,D,0.9057233555692672,1.7224994802851146,0.9913806540264437,0.1999999999999999,3.2999999999999994,tamsd,,,,,,3.099999999999999,4.36907129880253,4.799509566760644,True
group2,n-heptane,n-heptane,group2 | n-heptane,#e42555,D,0.9057233555692672,1.7224994802851146,0.9913806540264437,0.1999999999999999,3.2999999999999994,tamsd,,,,,,3.1999999999999993,4.398765029658663,4.939525513434379,True
group2,n-heptane,n-heptane,group2 | n-heptane,#e42555,D,0.9057233555692672,1.7224994802851146,0.9913806540264437,0.1999999999999999,3.2999999999999994,tamsd,,,,,,3.2999999999999994,4.464591487455322,5.079129489738074,True
group2,p-xylene,p-xylene,group2 | p-xylene,#1d619a,P,0.4065437191796155,0.7182447968601144,0.791926972857065,0.1999999999999999,3.2999999999999994,displacement,0.0,24.827064676914908,24.36812621558184,26.83066368662921,0.0,,,,False
group2,p-xylene,p-xylene,group2 | p-xylene,#1d619a,P,0.4065437191796155,0.7182447968601144,0.791926972857065,0.1999999999999999,3.2999999999999994,displacement,0.1,24.22775199392718,24.454580056182174,26.94005091508456,0.615317417512003,,,,False
group2,p-xylene,p-xylene,group2 | p-xylene,#1d619a,P,0.4065437191796155,0.7182447968601144,0.791926972857065,0.1999999999999999,3.2999999999999994,displacement,0.2,24.260810436928917,24.54975167574961,26.888219102874054,0.5974481550916263,,,,False
group2,p-xylene,p-xylene,group2 | p-xylene,#1d619a,P,0.4065437191796155,0.7182447968601144,0.791926972857065,0.1999999999999999,3.2999999999999994,displacement,0.3,24.568953211127013,24.712091174344657,26.90071810727431,0.4357075205683314,,,,False
group2,p-xylene,p-xylene,group2 | p-xylene,#1d619a,P,0.4065437191796155,0.7182447968601144,0.791926972857065,0.1999999999999999,3.2999999999999994,displacement,0.4,24.17499346951228,24.63706509692204,26.594071155446937,0.7439764829826813,,,,False
group2,p-xylene,p-xylene,group2 | p-xylene,#1d619a,P,0.4065437191796155,0.7182447968601144,0.791926972857065,0.1999999999999999,3.2999999999999994,displacement,0.5,24.093292332144834,24.37238167593557,26.99426209622343,0.751800773153334,,,,False
group2,p-xylene,p-xylene,group2 | p-xylene,#1d619a,P,0.4065437191796155,0.7182447968601144,0.791926972857065,0.1999999999999999,3.2999999999999994,displacement,0.6,24.033004650790463,24.20865732033964,27.16657641192843,0.876811845641051,,,,False
group2,p-xylene,p-xylene,group2 | p-xylene,#1d619a,P,0.4065437191796155,0.7182447968601144,0.791926972857065,0.1999999999999999,3.2999999999999994,displacement,0.7,24.54444247814517,24.390429032341068,27.21155035917545,0.4748129949740028,,,,False
group2,p-xylene,p-xylene,group2 | p-xylene,#1d619a,P,0.4065437191796155,0.7182447968601144,0.791926972857065,0.1999999999999999,3.2999999999999994,displacement,0.8,24.635671304314062,24.87262066641603,27.085760527379104,0.596842083099535,,,,False
group2,p-xylene,p-xylene,group2 | p-xylene,#1d619a,P,0.4065437191796155,0.7182447968601144,0.791926972857065,0.1999999999999999,3.2999999999999994,displacement,0.9,24.847945398509022,24.601215388193182,27.256534068630696,0.4859343054251475,,,,False
group2,p-xylene,p-xylene,group2 | p-xylene,#1d619a,P,0.4065437191796155,0.7182447968601144,0.791926972857065,0.1999999999999999,3.2999999999999994,displacement,1.0,24.894573459422027,24.55886438335176,26.96039468815837,0.2403510289505281,,,,False
group2,p-xylene,p-xylene,group2 | p-xylene,#1d619a,P,0.4065437191796155,0.7182447968601144,0.791926972857065,0.1999999999999999,3.2999999999999994,displacement,1.1,24.59520725875533,24.44255332209761,27.081070575995792,0.349286224724334,,,,False
group2,p-xylene,p-xylene,group2 | p-xylene,#1d619a,P,0.4065437191796155,0.7182447968601144,0.791926972857065,0.1999999999999999,3.2999999999999994,displacement,1.2,24.687469928356208,24.91809547451064,26.719027627090988,0.5782866844231189,,,,False
group2,p-xylene,p-xylene,group2 | p-xylene,#1d619a,P,0.4065437191796155,0.7182447968601144,0.791926972857065,0.1999999999999999,3.2999999999999994,displacement,1.3,24.526695691285653,24.529094479271063,27.272043952248197,0.5576278762050466,,,,False
group2,p-xylene,p-xylene,group2 | p-xylene,#1d619a,P,0.4065437191796155,0.7182447968601144,0.791926972857065,0.1999999999999999,3.2999999999999994,displacement,1.4,25.17633570303804,24.717700122185637,27.093445255481644,0.5596841241234972,,,,False
group2,p-xylene,p-xylene,group2 | p-xylene,#1d619a,P,0.4065437191796155,0.7182447968601144,0.791926972857065,0.1999999999999999,3.2999999999999994,displacement,1.5,25.343676375688517,25.108050804008837,26.631039646700813,0.9242433668606682,,,,False
group2,p-xylene,p-xylene,group2 | p-xylene,#1d619a,P,0.4065437191796155,0.7182447968601144,0.791926972857065,0.1999999999999999,3.2999999999999994,displacement,1.6,24.769446512801206,25.15742688122949,26.108443057611844,1.0714093664915911,,,,False
group2,p-xylene,p-xylene,group2 | p-xylene,#1d619a,P,0.4065437191796155,0.7182447968601144,0.791926972857065,0.1999999999999999,3.2999999999999994,displacement,1.7,25.157104255930104,25.05447892572436,26.19855091969245,0.9897336594058804,,,,False
group2,p-xylene,p-xylene,group2 | p-xylene,#1d619a,P,0.4065437191796155,0.7182447968601144,0.791926972857065,0.1999999999999999,3.2999999999999994,displacement,1.8,24.8973105262086,25.23373769042448,25.93776396852125,1.245587255602565,,,,False
group2,p-xylene,p-xylene,group2 | p-xylene,#1d619a,P,0.4065437191796155,0.7182447968601144,0.791926972857065,0.1999999999999999,3.2999999999999994,displacement,1.9,25.085934298151543,25.05162889425704,26.14427688009077,1.0026545969302767,,,,False
group2,p-xylene,p-xylene,group2 | p-xylene,#1d619a,P,0.4065437191796155,0.7182447968601144,0.791926972857065,0.1999999999999999,3.2999999999999994,displacement,2.0,24.65117556386698,25.19378787307974,26.042109647500677,1.1551933281390194,,,,False
group2,p-xylene,p-xylene,group2 | p-xylene,#1d619a,P,0.4065437191796155,0.7182447968601144,0.791926972857065,0.1999999999999999,3.2999999999999994,displacement,2.1,24.174875144636545,25.358614439062467,25.86147404349513,1.531583060504932,,,,False
group2,p-xylene,p-xylene,group2 | p-xylene,#1d619a,P,0.4065437191796155,0.7182447968601144,0.791926972857065,0.1999999999999999,3.2999999999999994,displacement,2.2,23.962378893912145,25.56319663423199,25.79923796630677,1.7999205053008396,,,,False
group2,p-xylene,p-xylene,group2 | p-xylene,#1d619a,P,0.4065437191796155,0.7182447968601144,0.791926972857065,0.1999999999999999,3.2999999999999994,displacement,2.3,24.44614471491481,25.28836231035834,25.764082193866862,1.459291118414289,,,,False
group2,p-xylene,p-xylene,group2 | p-xylene,#1d619a,P,0.4065437191796155,0.7182447968601144,0.791926972857065,0.1999999999999999,3.2999999999999994,displacement,2.4,24.33014821976037,25.694023641259623,25.539049223969783,1.9165588613348157,,,,False
group2,p-xylene,p-xylene,group2 | p-xylene,#1d619a,P,0.4065437191796155,0.7182447968601144,0.791926972857065,0.1999999999999999,3.2999999999999994,displacement,2.5,24.487105054354892,25.393975224521075,25.97568362940797,1.3780165573601797,,,,False
group2,p-xylene,p-xylene,group2 | p-xylene,#1d619a,P,0.4065437191796155,0.7182447968601144,0.791926972857065,0.1999999999999999,3.2999999999999994,displacement,2.6,24.61416128425972,25.496646073718814,26.47345092707564,1.2026994139856717,,,,False
group2,p-xylene,p-xylene,group2 | p-xylene,#1d619a,P,0.4065437191796155,0.7182447968601144,0.791926972857065,0.1999999999999999,3.2999999999999994,displacement,2.7,24.33963532848483,25.59768997731667,26.212030713165063,1.4601784718792337,,,,False
group2,p-xylene,p-xylene,group2 | p-xylene,#1d619a,P,0.4065437191796155,0.7182447968601144,0.791926972857065,0.1999999999999999,3.2999999999999994,displacement,2.8,24.458537175767763,25.576064037443867,25.90107239178432,1.5681410255579544,,,,False
group2,p-xylene,p-xylene,group2 | p-xylene,#1d619a,P,0.4065437191796155,0.7182447968601144,0.791926972857065,0.1999999999999999,3.2999999999999994,displacement,2.9,24.46284990299177,25.68458151828827,26.358675464075528,1.4451573782108127,,,,False
group2,p-xylene,p-xylene,group2 | p-xylene,#1d619a,P,0.4065437191796155,0.7182447968601144,0.791926972857065,0.1999999999999999,3.2999999999999994,displacement,3.0,24.37678888611285,25.62815412689801,26.472871003411168,1.385075531962998,,,,False
group2,p-xylene,p-xylene,group2 | p-xylene,#1d619a,P,0.4065437191796155,0.7182447968601144,0.791926972857065,0.1999999999999999,3.2999999999999994,displacement,3.1,24.527103745767285,25.55224360428505,26.30493244873512,1.3298510762269249,,,,False
group2,p-xylene,p-xylene,group2 | p-xylene,#1d619a,P,0.4065437191796155,0.7182447968601144,0.791926972857065,0.1999999999999999,3.2999999999999994,displacement,3.2,24.225785259857812,25.667403488843192,26.55046962757268,1.4588238690536122,,,,False
group2,p-xylene,p-xylene,group2 | p-xylene,#1d619a,P,0.4065437191796155,0.7182447968601144,0.791926972857065,0.1999999999999999,3.2999999999999994,displacement,3.3,24.528081161959363,25.815249804144003,26.42844075532259,1.5314506551819098,,,,False
group2,p-xylene,p-xylene,group2 | p-xylene,#1d619a,P,0.4065437191796155,0.7182447968601144,0.791926972857065,0.1999999999999999,3.2999999999999994,displacement,3.4,24.66216124483817,25.61396815409404,26.169091212614457,1.4202089339391368,,,,False
group2,p-xylene,p-xylene,group2 | p-xylene,#1d619a,P,0.4065437191796155,0.7182447968601144,0.791926972857065,0.1999999999999999,3.2999999999999994,displacement,3.5,24.500175589394026,25.4362678285658,26.68980718647176,1.125887887209389,,,,False
group2,p-xylene,p-xylene,group2 | p-xylene,#1d619a,P,0.4065437191796155,0.7182447968601144,0.791926972857065,0.1999999999999999,3.2999999999999994,displacement,3.6,24.85068220368979,25.10297967472335,26.762659669717085,0.7383711399420978,,,,False
group2,p-xylene,p-xylene,group2 | p-xylene,#1d619a,P,0.4065437191796155,0.7182447968601144,0.791926972857065,0.1999999999999999,3.2999999999999994,displacement,3.7,24.816199587412065,24.905954871908065,26.938368416921225,0.5486146394901011,,,,False
group2,p-xylene,p-xylene,group2 | p-xylene,#1d619a,P,0.4065437191796155,0.7182447968601144,0.791926972857065,0.1999999999999999,3.2999999999999994,displacement,3.8,24.744307473344428,24.91111307341548,27.29150073816237,0.7169757810335229,,,,False
group2,p-xylene,p-xylene,group2 | p-xylene,#1d619a,P,0.4065437191796155,0.7182447968601144,0.791926972857065,0.1999999999999999,3.2999999999999994,displacement,3.9,24.65729605439409,25.022093543951044,27.29038977951344,0.817216453729098,,,,False
group2,p-xylene,p-xylene,group2 | p-xylene,#1d619a,P,0.4065437191796155,0.7182447968601144,0.791926972857065,0.1999999999999999,3.2999999999999994,displacement,4.0,25.251277485799747,25.407711031761316,26.92972043393136,1.1271669514490548,,,,False
group2,p-xylene,p-xylene,group2 | p-xylene,#1d619a,P,0.4065437191796155,0.7182447968601144,0.791926972857065,0.1999999999999999,3.2999999999999994,displacement,4.1,25.382937342309745,25.1514785992076,27.066621571134046,0.989096304879013,,,,False
group2,p-xylene,p-xylene,group2 | p-xylene,#1d619a,P,0.4065437191796155,0.7182447968601144,0.791926972857065,0.1999999999999999,3.2999999999999994,displacement,4.2,25.162977452497724,25.41290849921985,27.119854337024545,1.134917902440381,,,,False
group2,p-xylene,p-xylene,group2 | p-xylene,#1d619a,P,0.4065437191796155,0.7182447968601144,0.791926972857065,0.1999999999999999,3.2999999999999994,displacement,4.3,25.179842415832912,25.25870120876645,27.02598512227428,0.9776126097715356,,,,False
group2,p-xylene,p-xylene,group2 | p-xylene,#1d619a,P,0.4065437191796155,0.7182447968601144,0.791926972857065,0.1999999999999999,3.2999999999999994,displacement,4.4,25.11680454386037,25.270796700880023,26.87489496579587,0.9490624856050066,,,,False
group2,p-xylene,p-xylene,group2 | p-xylene,#1d619a,P,0.4065437191796155,0.7182447968601144,0.791926972857065,0.1999999999999999,3.2999999999999994,displacement,4.5,25.165522356893156,25.118183026594675,26.935415056048228,0.8295249666394374,,,,False
group2,p-xylene,p-xylene,group2 | p-xylene,#1d619a,P,0.4065437191796155,0.7182447968601144,0.791926972857065,0.1999999999999999,3.2999999999999994,displacement,4.6,25.441573303581244,25.12556099494395,27.13104566652213,1.020567308451071,,,,False
group2,p-xylene,p-xylene,group2 | p-xylene,#1d619a,P,0.4065437191796155,0.7182447968601144,0.791926972857065,0.1999999999999999,3.2999999999999994,displacement,4.7,25.08868002217265,24.711125469000294,27.060650825801275,0.4888610854879873,,,,False
group2,p-xylene,p-xylene,group2 | p-xylene,#1d619a,P,0.4065437191796155,0.7182447968601144,0.791926972857065,0.1999999999999999,3.2999999999999994,displacement,4.8,24.82958700300515,25.22156170217639,27.75850593311804,1.2606544833050848,,,,False
group2,p-xylene,p-xylene,group2 | p-xylene,#1d619a,P,0.4065437191796155,0.7182447968601144,0.791926972857065,0.1999999999999999,3.2999999999999994,displacement,4.9,24.80899210150057,25.05160669404631,27.610528645785696,1.037141040044346,,,,False
group2,p-xylene,p-xylene,group2 | p-xylene,#1d619a,P,0.4065437191796155,0.7182447968601144,0.791926972857065,0.1999999999999999,3.2999999999999994,displacement,5.0,24.84318560514725,25.337614209654816,27.26541946491528,1.062628553038097,,,,False
group2,p-xylene,p-xylene,group2 | p-xylene,#1d619a,P,0.4065437191796155,0.7182447968601144,0.791926972857065,0.1999999999999999,3.2999999999999994,displacement,5.1,24.818437473165297,25.481419192337835,27.039523588371992,1.1327480475793226,,,,False
group2,p-xylene,p-xylene,group2 | p-xylene,#1d619a,P,0.4065437191796155,0.7182447968601144,0.791926972857065,0.1999999999999999,3.2999999999999994,displacement,5.2,25.0876663235096,25.29597749063852,26.697274356984437,0.9729408615610988,,,,False
group2,p-xylene,p-xylene,group2 | p-xylene,#1d619a,P,0.4065437191796155,0.7182447968601144,0.791926972857065,0.1999999999999999,3.2999999999999994,displacement,5.3,25.013709622424265,25.355903579013702,27.06608106552149,1.032454259363151,,,,False
group2,p-xylene,p-xylene,group2 | p-xylene,#1d619a,P,0.4065437191796155,0.7182447968601144,0.791926972857065,0.1999999999999999,3.2999999999999994,displacement,5.4,24.70305533465391,25.43420291760381,26.983803055341543,1.084135377990985,,,,False
group2,p-xylene,p-xylene,group2 | p-xylene,#1d619a,P,0.4065437191796155,0.7182447968601144,0.791926972857065,0.1999999999999999,3.2999999999999994,displacement,5.5,24.7428349425708,25.64476327242705,26.64281104906715,1.2931300926423048,,,,False
group2,p-xylene,p-xylene,group2 | p-xylene,#1d619a,P,0.4065437191796155,0.7182447968601144,0.791926972857065,0.1999999999999999,3.2999999999999994,displacement,5.6,24.78177932709058,25.726169171421503,27.221884781999453,1.4139962440816929,,,,False
group2,p-xylene,p-xylene,group2 | p-xylene,#1d619a,P,0.4065437191796155,0.7182447968601144,0.791926972857065,0.1999999999999999,3.2999999999999994,displacement,5.7,24.653451325744,25.647268071338445,27.025074144250155,1.3054274812817568,,,,False
group2,p-xylene,p-xylene,group2 | p-xylene,#1d619a,P,0.4065437191796155,0.7182447968601144,0.791926972857065,0.1999999999999999,3.2999999999999994,displacement,5.8,24.5854586600277,25.503150478530824,27.382831922201397,1.2851238482161478,,,,False
group2,p-xylene,p-xylene,group2 | p-xylene,#1d619a,P,0.4065437191796155,0.7182447968601144,0.791926972857065,0.1999999999999999,3.2999999999999994,displacement,5.9,24.388514429961432,25.491955295841187,27.11871293094597,1.2402783912859974,,,,False
group2,p-xylene,p-xylene,group2 | p-xylene,#1d619a,P,0.4065437191796155,0.7182447968601144,0.791926972857065,0.1999999999999999,3.2999999999999994,displacement,6.0,24.755777314268123,25.43324505288241,26.808564139899165,1.0677304976497235,,,,False
group2,p-xylene,p-xylene,group2 | p-xylene,#1d619a,P,0.4065437191796155,0.7182447968601144,0.791926972857065,0.1999999999999999,3.2999999999999994,displacement,6.1,24.81095363515066,25.487504068002576,26.700497996759868,1.1270356910834514,,,,False
group2,p-xylene,p-xylene,group2 | p-xylene,#1d619a,P,0.4065437191796155,0.7182447968601144,0.791926972857065,0.1999999999999999,3.2999999999999994,displacement,6.2,24.93180389082848,25.672933819919702,27.10720755586499,1.3378974919182147,,,,False
group2,p-xylene,p-xylene,group2 | p-xylene,#1d619a,P,0.4065437191796155,0.7182447968601144,0.791926972857065,0.1999999999999999,3.2999999999999994,displacement,6.3,24.67634198848909,25.49307789623132,26.61965249583374,1.1544519631597128,,,,False
group2,p-xylene,p-xylene,group2 | p-xylene,#1d619a,P,0.4065437191796155,0.7182447968601144,0.791926972857065,0.1999999999999999,3.2999999999999994,displacement,6.4,24.408416347010228,25.34217283314878,26.78262432844183,1.0612921451045574,,,,False
group2,p-xylene,p-xylene,group2 | p-xylene,#1d619a,P,0.4065437191796155,0.7182447968601144,0.791926972857065,0.1999999999999999,3.2999999999999994,displacement,6.5,24.42874199300902,25.43616246127572,26.816472212988515,1.139984114167372,,,,False
group2,p-xylene,p-xylene,group2 | p-xylene,#1d619a,P,0.4065437191796155,0.7182447968601144,0.791926972857065,0.1999999999999999,3.2999999999999994,displacement,6.6,24.49107819675168,25.696146879102653,26.6455267191628,1.3823174361605228,,,,False
group2,p-xylene,p-xylene,group2 | p-xylene,#1d619a,P,0.4065437191796155,0.7182447968601144,0.791926972857065,0.1999999999999999,3.2999999999999994,displacement,6.7,24.883889905806026,25.52261503070888,26.71987967367399,1.1611832880378672,,,,False
group2,p-xylene,p-xylene,group2 | p-xylene,#1d619a,P,0.4065437191796155,0.7182447968601144,0.791926972857065,0.1999999999999999,3.2999999999999994,displacement,6.8,25.078922668716665,25.478061992659185,27.017463589430967,1.153379417606128,,,,False
group2,p-xylene,p-xylene,group2 | p-xylene,#1d619a,P,0.4065437191796155,0.7182447968601144,0.791926972857065,0.1999999999999999,3.2999999999999994,displacement,6.9,25.094626783273824,25.61754550447648,27.023022228915345,1.2921454442173528,,,,False
group2,p-xylene,p-xylene,group2 | p-xylene,#1d619a,P,0.4065437191796155,0.7182447968601144,0.791926972857065,0.1999999999999999,3.2999999999999994,displacement,7.0,24.795509474722262,25.44844821529095,26.90869818831285,1.083596205832192,,,,False
group2,p-xylene,p-xylene,group2 | p-xylene,#1d619a,P,0.4065437191796155,0.7182447968601144,0.791926972857065,0.1999999999999999,3.2999999999999994,displacement,7.1,24.96817726355935,25.382876995659277,27.117543483235863,1.0639228945174175,,,,False
group2,p-xylene,p-xylene,group2 | p-xylene,#1d619a,P,0.4065437191796155,0.7182447968601144,0.791926972857065,0.1999999999999999,3.2999999999999994,displacement,7.2,24.98912414415236,25.199669823072696,27.130912772859865,0.8988200909317354,,,,False
group2,p-xylene,p-xylene,group2 | p-xylene,#1d619a,P,0.4065437191796155,0.7182447968601144,0.791926972857065,0.1999999999999999,3.2999999999999994,displacement,7.3,25.35354165183817,25.325926783710468,27.12943712924386,1.1330602382237591,,,,False
group2,p-xylene,p-xylene,group2 | p-xylene,#1d619a,P,0.4065437191796155,0.7182447968601144,0.791926972857065,0.1999999999999999,3.2999999999999994,displacement,7.4,25.547886559204425,25.27116014817276,26.93348542843828,1.160011543040272,,,,False
group2,p-xylene,p-xylene,group2 | p-xylene,#1d619a,P,0.4065437191796155,0.7182447968601144,0.791926972857065,0.1999999999999999,3.2999999999999994,displacement,7.5,25.42377240196902,25.31083822638177,26.942372063589456,1.1212692834144675,,,,False
group2,p-xylene,p-xylene,group2 | p-xylene,#1d619a,P,0.4065437191796155,0.7182447968601144,0.791926972857065,0.1999999999999999,3.2999999999999994,displacement,7.6,25.37149605341216,25.3131236606762,27.18815154237588,1.1477034730085622,,,,False
group2,p-xylene,p-xylene,group2 | p-xylene,#1d619a,P,0.4065437191796155,0.7182447968601144,0.791926972857065,0.1999999999999999,3.2999999999999994,displacement,7.7,25.23205664561725,25.61562511408001,26.816954795320825,1.3116630398728395,,,,False
group2,p-xylene,p-xylene,group2 | p-xylene,#1d619a,P,0.4065437191796155,0.7182447968601144,0.791926972857065,0.1999999999999999,3.2999999999999994,displacement,7.8,25.221553750537428,25.408777993798694,26.932667737191625,1.117578891642373,,,,False
group2,p-xylene,p-xylene,group2 | p-xylene,#1d619a,P,0.4065437191796155,0.7182447968601144,0.791926972857065,0.1999999999999999,3.2999999999999994,displacement,7.9,25.415104377114204,25.69984205152259,26.81700098648132,1.455831180488035,,,,False
group2,p-xylene,p-xylene,group2 | p-xylene,#1d619a,P,0.4065437191796155,0.7182447968601144,0.791926972857065,0.1999999999999999,3.2999999999999994,displacement,8.0,25.36753615316937,25.787953717371565,26.712034829249152,1.523841316307716,,,,False
group2,p-xylene,p-xylene,group2 | p-xylene,#1d619a,P,0.4065437191796155,0.7182447968601144,0.791926972857065,0.1999999999999999,3.2999999999999994,displacement,8.1,25.21317922017643,25.697161321776363,26.38455397316599,1.454108878475675,,,,False
group2,p-xylene,p-xylene,group2 | p-xylene,#1d619a,P,0.4065437191796155,0.7182447968601144,0.791926972857065,0.1999999999999999,3.2999999999999994,displacement,8.2,24.9937055001217,25.955025335874986,26.48217878287557,1.6332359627715685,,,,False
group2,p-xylene,p-xylene,group2 | p-xylene,#1d619a,P,0.4065437191796155,0.7182447968601144,0.791926972857065,0.1999999999999999,3.2999999999999994,displacement,8.3,24.76533555815821,26.110548301497204,26.092871143450207,1.8931938744773813,,,,False
group2,p-xylene,p-xylene,group2 | p-xylene,#1d619a,P,0.4065437191796155,0.7182447968601144,0.791926972857065,0.1999999999999999,3.2999999999999994,displacement,8.4,24.903482632774903,25.964119434598206,26.70003472103596,1.603152514820724,,,,False
group2,p-xylene,p-xylene,group2 | p-xylene,#1d619a,P,0.4065437191796155,0.7182447968601144,0.791926972857065,0.1999999999999999,3.2999999999999994,displacement,8.5,24.824166104159424,25.60475032578922,26.94347596399933,1.241762538328341,,,,False
group2,p-xylene,p-xylene,group2 | p-xylene,#1d619a,P,0.4065437191796155,0.7182447968601144,0.791926972857065,0.1999999999999999,3.2999999999999994,displacement,8.6,24.744799314629493,25.546690314327023,26.81462643688032,1.1815405697911974,,,,False
group2,p-xylene,p-xylene,group2 | p-xylene,#1d619a,P,0.4065437191796155,0.7182447968601144,0.791926972857065,0.1999999999999999,3.2999999999999994,displacement,8.7,25.08663136430306,26.125073152795512,26.713662937649243,1.7798670120680475,,,,False
group2,p-xylene,p-xylene,group2 | p-xylene,#1d619a,P,0.4065437191796155,0.7182447968601144,0.791926972857065,0.1999999999999999,3.2999999999999994,displacement,8.8,25.454913768176343,25.892737499602003,26.622984413778845,1.6618558087665372,,,,False
group2,p-xylene,p-xylene,group2 | p-xylene,#1d619a,P,0.4065437191796155,0.7182447968601144,0.791926972857065,0.1999999999999999,3.2999999999999994,displacement,8.9,25.378409799148013,25.455981021971255,26.91539417563268,1.222533753874127,,,,False
group2,p-xylene,p-xylene,group2 | p-xylene,#1d619a,P,0.4065437191796155,0.7182447968601144,0.791926972857065,0.1999999999999999,3.2999999999999994,displacement,9.0,24.9926716284509,25.79928720442447,26.979799638594088,1.4484091171179954,,,,False
group2,p-xylene,p-xylene,group2 | p-xylene,#1d619a,P,0.4065437191796155,0.7182447968601144,0.791926972857065,0.1999999999999999,3.2999999999999994,displacement,9.1,25.1720839659114,25.894271999173093,26.7723581188125,1.565745446038863,,,,False
group2,p-xylene,p-xylene,group2 | p-xylene,#1d619a,P,0.4065437191796155,0.7182447968601144,0.791926972857065,0.1999999999999999,3.2999999999999994,displacement,9.2,25.00793532796468,26.178484334945917,26.48800871832781,1.851357107653798,,,,False
group2,p-xylene,p-xylene,group2 | p-xylene,#1d619a,P,0.4065437191796155,0.7182447968601144,0.791926972857065,0.1999999999999999,3.2999999999999994,displacement,9.3,25.093342177697213,26.43836328889311,26.744959190559783,2.089050144870105,,,,False
group2,p-xylene,p-xylene,group2 | p-xylene,#1d619a,P,0.4065437191796155,0.7182447968601144,0.791926972857065,0.1999999999999999,3.2999999999999994,displacement,9.4,25.14176758421829,26.250884897930465,26.24743725909372,1.9959887879444995,,,,False
group2,p-xylene,p-xylene,group2 | p-xylene,#1d619a,P,0.4065437191796155,0.7182447968601144,0.791926972857065,0.1999999999999999,3.2999999999999994,displacement,9.5,25.598529075846496,25.995185888731807,26.4491011864324,1.84067119289845,,,,False
group2,p-xylene,p-xylene,group2 | p-xylene,#1d619a,P,0.4065437191796155,0.7182447968601144,0.791926972857065,0.1999999999999999,3.2999999999999994,displacement,9.6,25.717510520717656,25.84453999192796,26.4300383032899,1.7700825227954695,,,,False
group2,p-xylene,p-xylene,group2 | p-xylene,#1d619a,P,0.4065437191796155,0.7182447968601144,0.791926972857065,0.1999999999999999,3.2999999999999994,displacement,9.7,25.986556491915916,25.66049607662101,26.29511373231969,1.8169906109657417,,,,False
group2,p-xylene,p-xylene,group2 | p-xylene,#1d619a,P,0.4065437191796155,0.7182447968601144,0.791926972857065,0.1999999999999999,3.2999999999999994,displacement,9.8,25.974853589876258,25.60401980063928,26.702735221809878,1.691513533618389,,,,False
group2,p-xylene,p-xylene,group2 | p-xylene,#1d619a,P,0.4065437191796155,0.7182447968601144,0.791926972857065,0.1999999999999999,3.2999999999999994,displacement,9.9,25.97950406988656,25.494507119754505,26.43277742644727,1.6598686610088365,,,,False
group2,p-xylene,p-xylene,group2 | p-xylene,#1d619a,P,0.4065437191796155,0.7182447968601144,0.791926972857065,0.1999999999999999,3.2999999999999994,displacement,10.0,26.238295329078756,25.690862808968195,26.594392435199,1.9485964572847123,,,,False
group2,p-xylene,p-xylene,group2 | p-xylene,#1d619a,P,0.4065437191796155,0.7182447968601144,0.791926972857065,0.1999999999999999,3.2999999999999994,tamsd,,,,,,0.09999999999999998,0.18337045893444467,0.28166233115154937,False
group2,p-xylene,p-xylene,group2 | p-xylene,#1d619a,P,0.4065437191796155,0.7182447968601144,0.791926972857065,0.1999999999999999,3.2999999999999994,tamsd,,,,,,0.19999999999999996,0.2955810747868514,0.373345244093109,True
group2,p-xylene,p-xylene,group2 | p-xylene,#1d619a,P,0.4065437191796155,0.7182447968601144,0.791926972857065,0.1999999999999999,3.2999999999999994,tamsd,,,,,,0.29999999999999993,0.3792952914184395,0.44025005485712776,True
group2,p-xylene,p-xylene,group2 | p-xylene,#1d619a,P,0.4065437191796155,0.7182447968601144,0.791926972857065,0.1999999999999999,3.2999999999999994,tamsd,,,,,,0.3999999999999999,0.44890102895894257,0.49487153897034825,True
group2,p-xylene,p-xylene,group2 | p-xylene,#1d619a,P,0.4065437191796155,0.7182447968601144,0.791926972857065,0.1999999999999999,3.2999999999999994,tamsd,,,,,,0.4999999999999999,0.5034896757150183,0.5418644191182957,True
group2,p-xylene,p-xylene,group2 | p-xylene,#1d619a,P,0.4065437191796155,0.7182447968601144,0.791926972857065,0.1999999999999999,3.2999999999999994,tamsd,,,,,,0.5999999999999999,0.5507286152816294,0.583554298938901,True
group2,p-xylene,p-xylene,group2 | p-xylene,#1d619a,P,0.4065437191796155,0.7182447968601144,0.791926972857065,0.1999999999999999,3.2999999999999994,tamsd,,,,,,0.6999999999999998,0.6210007037518451,0.6212953019496419,True
group2,p-xylene,p-xylene,group2 | p-xylene,#1d619a,P,0.4065437191796155,0.7182447968601144,0.791926972857065,0.1999999999999999,3.2999999999999994,tamsd,,,,,,0.7999999999999998,0.6706622495370322,0.6559554298803538,True
group2,p-xylene,p-xylene,group2 | p-xylene,#1d619a,P,0.4065437191796155,0.7182447968601144,0.791926972857065,0.1999999999999999,3.2999999999999994,tamsd,,,,,,0.8999999999999998,0.723100816684647,0.6881293285093859,True
group2,p-xylene,p-xylene,group2 | p-xylene,#1d619a,P,0.4065437191796155,0.7182447968601144,0.791926972857065,0.1999999999999999,3.2999999999999994,tamsd,,,,,,0.9999999999999998,0.7741603813274454,0.7182447968601143,True
group2,p-xylene,p-xylene,group2 | p-xylene,#1d619a,P,0.4065437191796155,0.7182447968601144,0.791926972857065,0.1999999999999999,3.2999999999999994,tamsd,,,,,,1.0999999999999996,0.8187194978893491,0.7466213845245538,True
group2,p-xylene,p-xylene,group2 | p-xylene,#1d619a,P,0.4065437191796155,0.7182447968601144,0.791926972857065,0.1999999999999999,3.2999999999999994,tamsd,,,,,,1.1999999999999997,0.8911199272144921,0.7735050025617477,True
group2,p-xylene,p-xylene,group2 | p-xylene,#1d619a,P,0.4065437191796155,0.7182447968601144,0.791926972857065,0.1999999999999999,3.2999999999999994,tamsd,,,,,,1.2999999999999998,0.976685500470514,0.7990895343506059,True
group2,p-xylene,p-xylene,group2 | p-xylene,#1d619a,P,0.4065437191796155,0.7182447968601144,0.791926972857065,0.1999999999999999,3.2999999999999994,tamsd,,,,,,1.3999999999999997,1.0344657695479382,0.8235309464774873,True
group2,p-xylene,p-xylene,group2 | p-xylene,#1d619a,P,0.4065437191796155,0.7182447968601144,0.791926972857065,0.1999999999999999,3.2999999999999994,tamsd,,,,,,1.4999999999999996,1.0700639811105497,0.8469568481757669,True
group2,p-xylene,p-xylene,group2 | p-xylene,#1d619a,P,0.4065437191796155,0.7182447968601144,0.791926972857065,0.1999999999999999,3.2999999999999994,tamsd,,,,,,1.5999999999999996,1.0558789510381257,0.8694731705217367,True
group2,p-xylene,p-xylene,group2 | p-xylene,#1d619a,P,0.4065437191796155,0.7182447968601144,0.791926972857065,0.1999999999999999,3.2999999999999994,tamsd,,,,,,1.6999999999999997,1.0773322116820852,0.8911689575119931,True
group2,p-xylene,p-xylene,group2 | p-xylene,#1d619a,P,0.4065437191796155,0.7182447968601144,0.791926972857065,0.1999999999999999,3.2999999999999994,tamsd,,,,,,1.7999999999999996,1.0866235177656667,0.9121198815248485,True
group2,p-xylene,p-xylene,group2 | p-xylene,#1d619a,P,0.4065437191796155,0.7182447968601144,0.791926972857065,0.1999999999999999,3.2999999999999994,tamsd,,,,,,1.8999999999999995,1.0895293052277149,0.9323908742126573,True
group2,p-xylene,p-xylene,group2 | p-xylene,#1d619a,P,0.4065437191796155,0.7182447968601144,0.791926972857065,0.1999999999999999,3.2999999999999994,tamsd,,,,,,1.9999999999999996,1.0836733034469712,0.9520381298628963,True
group2,p-xylene,p-xylene,group2 | p-xylene,#1d619a,P,0.4065437191796155,0.7182447968601144,0.791926972857065,0.1999999999999999,3.2999999999999994,tamsd,,,,,,2.0999999999999996,1.08561975035613,0.9711106545469668,True
group2,p-xylene,p-xylene,group2 | p-xylene,#1d619a,P,0.4065437191796155,0.7182447968601144,0.791926972857065,0.1999999999999999,3.2999999999999994,tamsd,,,,,,2.1999999999999993,1.0707625807046628,0.9896514805896195,True
group2,p-xylene,p-xylene,group2 | p-xylene,#1d619a,P,0.4065437191796155,0.7182447968601144,0.791926972857065,0.1999999999999999,3.2999999999999994,tamsd,,,,,,2.2999999999999994,1.0534747507416722,1.0076986304690034,True
group2,p-xylene,p-xylene,group2 | p-xylene,#1d619a,P,0.4065437191796155,0.7182447968601144,0.791926972857065,0.1999999999999999,3.2999999999999994,tamsd,,,,,,2.3999999999999995,1.036419571772645,1.0252858904063928,True
group2,p-xylene,p-xylene,group2 | p-xylene,#1d619a,P,0.4065437191796155,0.7182447968601144,0.791926972857065,0.1999999999999999,3.2999999999999994,tamsd,,,,,,2.4999999999999996,0.9989634061215495,1.0424434375231615,True
group2,p-xylene,p-xylene,group2 | p-xylene,#1d619a,P,0.4065437191796155,0.7182447968601144,0.791926972857065,0.1999999999999999,3.2999999999999994,tamsd,,,,,,2.5999999999999996,0.9317780899021048,1.0591983529876237,True
group2,p-xylene,p-xylene,group2 | p-xylene,#1d619a,P,0.4065437191796155,0.7182447968601144,0.791926972857065,0.1999999999999999,3.2999999999999994,tamsd,,,,,,2.6999999999999993,0.9094507513067964,1.0755750454328694,True
group2,p-xylene,p-xylene,group2 | p-xylene,#1d619a,P,0.4065437191796155,0.7182447968601144,0.791926972857065,0.1999999999999999,3.2999999999999994,tamsd,,,,,,2.7999999999999994,0.9165054060892877,1.0915956030536291,True
group2,p-xylene,p-xylene,group2 | p-xylene,#1d619a,P,0.4065437191796155,0.7182447968601144,0.791926972857065,0.1999999999999999,3.2999999999999994,tamsd,,,,,,2.8999999999999995,0.9211806454993116,1.1072800884954845,True
group2,p-xylene,p-xylene,group2 | p-xylene,#1d619a,P,0.4065437191796155,0.7182447968601144,0.791926972857065,0.1999999999999999,3.2999999999999994,tamsd,,,,,,2.999999999999999,0.9372786452482199,1.1226467874696937,True
group2,p-xylene,p-xylene,group2 | p-xylene,#1d619a,P,0.4065437191796155,0.7182447968601144,0.791926972857065,0.1999999999999999,3.2999999999999994,tamsd,,,,,,3.099999999999999,0.9139781141465618,1.1377124196448836,True
group2,p-xylene,p-xylene,group2 | p-xylene,#1d619a,P,0.4065437191796155,0.7182447968601144,0.791926972857065,0.1999999999999999,3.2999999999999994,tamsd,,,,,,3.1999999999999993,0.9327397484566365,1.1524923185634917,True
group2,p-xylene,p-xylene,group2 | p-xylene,#1d619a,P,0.4065437191796155,0.7182447968601144,0.791926972857065,0.1999999999999999,3.2999999999999994,tamsd,,,,,,3.2999999999999994,0.9436345204218074,1.1670005859519117,True
group2,propylene_carbonate,propylene carbonate,group2 | propylene carbonate,#a3bf18,X,0.4250559171208641,0.48957398345411834,0.9461818479479046,0.1999999999999999,3.2999999999999994,displacement,0.0,23.82706467691491,23.36812621558184,25.830663686629208,0.0,,,,False
group2,propylene_carbonate,propylene carbonate,group2 | propylene carbonate,#a3bf18,X,0.4250559171208641,0.48957398345411834,0.9461818479479046,0.1999999999999999,3.2999999999999994,displacement,0.1,23.19389399616436,23.7355761681007,25.54321099713684,0.7864818035178132,,,,False
group2,propylene_carbonate,propylene carbonate,group2 | propylene carbonate,#a3bf18,X,0.4250559171208641,0.48957398345411834,0.9461818479479046,0.1999999999999999,3.2999999999999994,displacement,0.2,22.728382343173067,23.53514996156903,25.431852007599563,1.1806991816421597,,,,False
group2,propylene_carbonate,propylene carbonate,group2 | propylene carbonate,#a3bf18,X,0.4250559171208641,0.48957398345411834,0.9461818479479046,0.1999999999999999,3.2999999999999994,displacement,0.3,22.81660540285424,23.350189244886284,25.69622340742862,1.0195213916953807,,,,False
group2,propylene_carbonate,propylene carbonate,group2 | propylene carbonate,#a3bf18,X,0.4250559171208641,0.48957398345411834,0.9461818479479046,0.1999999999999999,3.2999999999999994,displacement,0.4,22.83289995812442,23.2253298358393,25.805970555269507,1.0046711127984638,,,,False
group2,propylene_carbonate,propylene carbonate,group2 | propylene carbonate,#a3bf18,X,0.4250559171208641,0.48957398345411834,0.9461818479479046,0.1999999999999999,3.2999999999999994,displacement,0.5,22.96337482372348,22.952243803986093,26.044657717451607,0.9821974282231384,,,,False
group2,propylene_carbonate,propylene carbonate,group2 | propylene carbonate,#a3bf18,X,0.4250559171208641,0.48957398345411834,0.9461818479479046,0.1999999999999999,3.2999999999999994,displacement,0.6,23.14293531336777,23.133319002568257,26.27617717265039,0.8494996642597155,,,,False
group2,propylene_carbonate,propylene carbonate,group2 | propylene carbonate,#a3bf18,X,0.4250559171208641,0.48957398345411834,0.9461818479479046,0.1999999999999999,3.2999999999999994,displacement,0.7,23.347828064603046,23.387918348869043,26.07859105146637,0.5399328081857147,,,,False
group2,propylene_carbonate,propylene carbonate,group2 | propylene carbonate,#a3bf18,X,0.4250559171208641,0.48957398345411834,0.9461818479479046,0.1999999999999999,3.2999999999999994,displacement,0.8,23.336008142420912,23.16360326209785,26.26926252603516,0.6894455021967387,,,,False
group2,propylene_carbonate,propylene carbonate,group2 | propylene carbonate,#a3bf18,X,0.4250559171208641,0.48957398345411834,0.9461818479479046,0.1999999999999999,3.2999999999999994,displacement,0.9,23.26978940771496,23.418140614764305,26.374824863363912,0.7804925060836675,,,,False
group2,propylene_carbonate,propylene carbonate,group2 | propylene carbonate,#a3bf18,X,0.4250559171208641,0.48957398345411834,0.9461818479479046,0.1999999999999999,3.2999999999999994,displacement,1.0,23.528519563882,23.28233414024993,26.242928438477342,0.5161895875761122,,,,False
group2,propylene_carbonate,propylene carbonate,group2 | propylene carbonate,#a3bf18,X,0.4250559171208641,0.48957398345411834,0.9461818479479046,0.1999999999999999,3.2999999999999994,displacement,1.1,23.42003399404881,23.250373000590628,25.735340739138955,0.4343112487070037,,,,False
group2,propylene_carbonate,propylene carbonate,group2 | propylene carbonate,#a3bf18,X,0.4250559171208641,0.48957398345411834,0.9461818479479046,0.1999999999999999,3.2999999999999994,displacement,1.2,23.47538900280363,23.464288139696915,26.014626320170382,0.4083688846503161,,,,False
group2,propylene_carbonate,propylene carbonate,group2 | propylene carbonate,#a3bf18,X,0.4250559171208641,0.48957398345411834,0.9461818479479046,0.1999999999999999,3.2999999999999994,displacement,1.3,23.43318308505341,23.46449774349008,26.038731453854265,0.4557657024796145,,,,False
group2,propylene_carbonate,propylene carbonate,group2 | propylene carbonate,#a3bf18,X,0.4250559171208641,0.48957398345411834,0.9461818479479046,0.1999999999999999,3.2999999999999994,displacement,1.4,23.6469114829415,23.414167524246,25.61771797510321,0.2827027616767141,,,,False
group2,propylene_carbonate,propylene carbonate,group2 | propylene carbonate,#a3bf18,X,0.4250559171208641,0.48957398345411834,0.9461818479479046,0.1999999999999999,3.2999999999999994,displacement,1.5,23.61502254556628,23.591417926932262,25.366160914065144,0.5573005289288493,,,,False
group2,propylene_carbonate,propylene carbonate,group2 | propylene carbonate,#a3bf18,X,0.4250559171208641,0.48957398345411834,0.9461818479479046,0.1999999999999999,3.2999999999999994,displacement,1.6,23.431499971777967,23.439045366347397,25.77424899203115,0.4058122468112286,,,,False
group2,propylene_carbonate,propylene carbonate,group2 | propylene carbonate,#a3bf18,X,0.4250559171208641,0.48957398345411834,0.9461818479479046,0.1999999999999999,3.2999999999999994,displacement,1.7,23.54176489443445,23.572035606984084,26.054962157248816,0.4162749208248411,,,,False
group2,propylene_carbonate,propylene carbonate,group2 | propylene carbonate,#a3bf18,X,0.4250559171208641,0.48957398345411834,0.9461818479479046,0.1999999999999999,3.2999999999999994,displacement,1.8,23.36010555986702,23.709233314442468,25.77274663577301,0.5811705899881218,,,,False
group2,propylene_carbonate,propylene carbonate,group2 | propylene carbonate,#a3bf18,X,0.4250559171208641,0.48957398345411834,0.9461818479479046,0.1999999999999999,3.2999999999999994,displacement,1.9,23.581310614548933,23.8399982264853,25.51306398466772,0.6196190963240925,,,,False
group2,propylene_carbonate,propylene carbonate,group2 | propylene carbonate,#a3bf18,X,0.4250559171208641,0.48957398345411834,0.9461818479479046,0.1999999999999999,3.2999999999999994,displacement,2.0,23.680781800038464,23.826771562896027,25.41509412653128,0.6359656389776014,,,,False
group2,propylene_carbonate,propylene carbonate,group2 | propylene carbonate,#a3bf18,X,0.4250559171208641,0.48957398345411834,0.9461818479479046,0.1999999999999999,3.2999999999999994,displacement,2.1,23.524341531691693,24.028326370800063,25.45418039136424,0.8180740915207949,,,,False
group2,propylene_carbonate,propylene carbonate,group2 | propylene carbonate,#a3bf18,X,0.4250559171208641,0.48957398345411834,0.9461818479479046,0.1999999999999999,3.2999999999999994,displacement,2.2,23.37993775575329,23.748021332086036,25.17055810063509,0.883165991097845,,,,False
group2,propylene_carbonate,propylene carbonate,group2 | propylene carbonate,#a3bf18,X,0.4250559171208641,0.48957398345411834,0.9461818479479046,0.1999999999999999,3.2999999999999994,displacement,2.3,23.40387173187953,23.84382873511674,25.410686839005475,0.7627356739785691,,,,False
group2,propylene_carbonate,propylene carbonate,group2 | propylene carbonate,#a3bf18,X,0.4250559171208641,0.48957398345411834,0.9461818479479046,0.1999999999999999,3.2999999999999994,displacement,2.4,23.33472986630155,23.749208420652277,25.25807083418529,0.8458603829432524,,,,False
group2,propylene_carbonate,propylene carbonate,group2 | propylene carbonate,#a3bf18,X,0.4250559171208641,0.48957398345411834,0.9461818479479046,0.1999999999999999,3.2999999999999994,displacement,2.5,23.13599875290805,23.48939035092453,24.999649633246506,1.0875943447643617,,,,False
group2,propylene_carbonate,propylene carbonate,group2 | propylene carbonate,#a3bf18,X,0.4250559171208641,0.48957398345411834,0.9461818479479046,0.1999999999999999,3.2999999999999994,displacement,2.6,23.13104568260476,23.92108006152019,24.7676027896165,1.3857484861748883,,,,False
group2,propylene_carbonate,propylene carbonate,group2 | propylene carbonate,#a3bf18,X,0.4250559171208641,0.48957398345411834,0.9461818479479046,0.1999999999999999,3.2999999999999994,displacement,2.7,23.395491109844905,23.730307665789955,25.20231775402936,0.8439489070335678,,,,False
group2,propylene_carbonate,propylene carbonate,group2 | propylene carbonate,#a3bf18,X,0.4250559171208641,0.48957398345411834,0.9461818479479046,0.1999999999999999,3.2999999999999994,displacement,2.8,23.527082046987903,23.943442989492592,24.937389525081173,1.1040460571417965,,,,False
group2,propylene_carbonate,propylene carbonate,group2 | propylene carbonate,#a3bf18,X,0.4250559171208641,0.48957398345411834,0.9461818479479046,0.1999999999999999,3.2999999999999994,displacement,2.9,23.283154627016373,23.654636030879654,25.160412638680928,0.9094847353960316,,,,False
group2,propylene_carbonate,propylene carbonate,group2 | propylene carbonate,#a3bf18,X,0.4250559171208641,0.48957398345411834,0.9461818479479046,0.1999999999999999,3.2999999999999994,displacement,3.0,23.58002191362373,24.064316826874304,25.026839088069632,1.091716757861571,,,,False
group2,propylene_carbonate,propylene carbonate,group2 | propylene carbonate,#a3bf18,X,0.4250559171208641,0.48957398345411834,0.9461818479479046,0.1999999999999999,3.2999999999999994,displacement,3.1,23.121970629337213,23.854955422120085,24.857258064874976,1.2967955878745514,,,,False
group2,propylene_carbonate,propylene carbonate,group2 | propylene carbonate,#a3bf18,X,0.4250559171208641,0.48957398345411834,0.9461818479479046,0.1999999999999999,3.2999999999999994,displacement,3.2,23.23420515295343,23.874719213332774,24.936234967382823,1.1866430020586844,,,,False
group2,propylene_carbonate,propylene carbonate,group2 | propylene carbonate,#a3bf18,X,0.4250559171208641,0.48957398345411834,0.9461818479479046,0.1999999999999999,3.2999999999999994,displacement,3.3,23.217799598468524,23.58088318568309,25.33912573316112,0.8112206998348516,,,,False
group2,propylene_carbonate,propylene carbonate,group2 | propylene carbonate,#a3bf18,X,0.4250559171208641,0.48957398345411834,0.9461818479479046,0.1999999999999999,3.2999999999999994,displacement,3.4,23.28916875105261,23.838157923192934,25.38669643895751,0.8410521685509444,,,,False
group2,propylene_carbonate,propylene carbonate,group2 | propylene carbonate,#a3bf18,X,0.4250559171208641,0.48957398345411834,0.9461818479479046,0.1999999999999999,3.2999999999999994,displacement,3.5,23.181164709016983,23.98039361351989,25.651806863815587,0.9077708401217596,,,,False
group2,propylene_carbonate,propylene carbonate,group2 | propylene carbonate,#a3bf18,X,0.4250559171208641,0.48957398345411834,0.9461818479479046,0.1999999999999999,3.2999999999999994,displacement,3.6,22.851749992351117,23.87321316877324,25.44114022803382,1.1653669332043295,,,,False
group2,propylene_carbonate,propylene carbonate,group2 | propylene carbonate,#a3bf18,X,0.4250559171208641,0.48957398345411834,0.9461818479479046,0.1999999999999999,3.2999999999999994,displacement,3.7,22.948009547560886,23.93881195465444,25.50038891219228,1.0988637585496324,,,,False
group2,propylene_carbonate,propylene carbonate,group2 | propylene carbonate,#a3bf18,X,0.4250559171208641,0.48957398345411834,0.9461818479479046,0.1999999999999999,3.2999999999999994,displacement,3.8,23.2744970906289,24.034440848271213,25.05332263223156,1.1634282281266757,,,,False
group2,propylene_carbonate,propylene carbonate,group2 | propylene carbonate,#a3bf18,X,0.4250559171208641,0.48957398345411834,0.9461818479479046,0.1999999999999999,3.2999999999999994,displacement,3.9,23.071530965676395,24.389240601608343,25.216565461954115,1.4108941872859324,,,,False
group2,propylene_carbonate,propylene carbonate,group2 | propylene carbonate,#a3bf18,X,0.4250559171208641,0.48957398345411834,0.9461818479479046,0.1999999999999999,3.2999999999999994,displacement,4.0,23.12344706443237,24.67346037166073,25.487218793673293,1.5221463129802408,,,,False
group2,propylene_carbonate,propylene carbonate,group2 | propylene carbonate,#a3bf18,X,0.4250559171208641,0.48957398345411834,0.9461818479479046,0.1999999999999999,3.2999999999999994,displacement,4.1,23.060245969228017,24.55504248400718,25.66481844938448,1.4227739811467246,,,,False
group2,propylene_carbonate,propylene carbonate,group2 | propylene carbonate,#a3bf18,X,0.4250559171208641,0.48957398345411834,0.9461818479479046,0.1999999999999999,3.2999999999999994,displacement,4.2,23.250198550529745,24.5820769704102,25.55670673224156,1.37167903526165,,,,False
group2,propylene_carbonate,propylene carbonate,group2 | propylene carbonate,#a3bf18,X,0.4250559171208641,0.48957398345411834,0.9461818479479046,0.1999999999999999,3.2999999999999994,displacement,4.3,23.464678492932663,24.29927029824572,25.50288573970345,1.0515661802815983,,,,False
group2,propylene_carbonate,propylene carbonate,group2 | propylene carbonate,#a3bf18,X,0.4250559171208641,0.48957398345411834,0.9461818479479046,0.1999999999999999,3.2999999999999994,displacement,4.4,23.3221839259706,24.10978012248744,25.73564847566607,0.9022100534890998,,,,False
group2,propylene_carbonate,propylene carbonate,group2 | propylene carbonate,#a3bf18,X,0.4250559171208641,0.48957398345411834,0.9461818479479046,0.1999999999999999,3.2999999999999994,displacement,4.5,23.459003808306985,24.21083238031141,25.313970127526478,1.0547960547384974,,,,False
group2,propylene_carbonate,propylene carbonate,group2 | propylene carbonate,#a3bf18,X,0.4250559171208641,0.48957398345411834,0.9461818479479046,0.1999999999999999,3.2999999999999994,displacement,4.6,23.1878190258931,23.65541776686872,25.326674971125467,0.8632358096987365,,,,False
group2,propylene_carbonate,propylene carbonate,group2 | propylene carbonate,#a3bf18,X,0.4250559171208641,0.48957398345411834,0.9461818479479046,0.1999999999999999,3.2999999999999994,displacement,4.7,23.555800976247188,23.49771570196204,25.564204439400324,0.4017187582302019,,,,False
group2,propylene_carbonate,propylene carbonate,group2 | propylene carbonate,#a3bf18,X,0.4250559171208641,0.48957398345411834,0.9461818479479046,0.1999999999999999,3.2999999999999994,displacement,4.8,23.587625315537306,23.578519416234457,25.62524453996515,0.3792011767834575,,,,False
group2,propylene_carbonate,propylene carbonate,group2 | propylene carbonate,#a3bf18,X,0.4250559171208641,0.48957398345411834,0.9461818479479046,0.1999999999999999,3.2999999999999994,displacement,4.9,23.60477564367684,23.253637205765088,25.496320788814582,0.4174988874066789,,,,False
group2,propylene_carbonate,propylene carbonate,group2 | propylene carbonate,#a3bf18,X,0.4250559171208641,0.48957398345411834,0.9461818479479046,0.1999999999999999,3.2999999999999994,displacement,5.0,23.890473867437844,23.69910341316652,25.212490291379623,0.7040631913103973,,,,False
group2,propylene_carbonate,propylene carbonate,group2 | propylene carbonate,#a3bf18,X,0.4250559171208641,0.48957398345411834,0.9461818479479046,0.1999999999999999,3.2999999999999994,displacement,5.1,23.784098380831374,23.35806418382294,25.325038730644717,0.5075469861959355,,,,False
group2,propylene_carbonate,propylene carbonate,group2 | propylene carbonate,#a3bf18,X,0.4250559171208641,0.48957398345411834,0.9461818479479046,0.1999999999999999,3.2999999999999994,displacement,5.2,23.42656828445122,23.40904754379931,25.345927782992494,0.6301117454499753,,,,False
group2,propylene_carbonate,propylene carbonate,group2 | propylene carbonate,#a3bf18,X,0.4250559171208641,0.48957398345411834,0.9461818479479046,0.1999999999999999,3.2999999999999994,displacement,5.3,23.41460669108441,23.7088154512915,25.426699839378845,0.670356274893508,,,,False
group2,propylene_carbonate,propylene carbonate,group2 | propylene carbonate,#a3bf18,X,0.4250559171208641,0.48957398345411834,0.9461818479479046,0.1999999999999999,3.2999999999999994,displacement,5.4,23.5535095795727,24.16367292723961,25.210124838556407,1.0453685587767203,,,,False
group2,propylene_carbonate,propylene carbonate,group2 | propylene carbonate,#a3bf18,X,0.4250559171208641,0.48957398345411834,0.9461818479479046,0.1999999999999999,3.2999999999999994,displacement,5.5,23.47753984948145,23.712142894212096,25.389523587299703,0.6596360113006504,,,,False
group2,propylene_carbonate,propylene carbonate,group2 | propylene carbonate,#a3bf18,X,0.4250559171208641,0.48957398345411834,0.9461818479479046,0.1999999999999999,3.2999999999999994,displacement,5.6,23.534761730674703,23.94420750036765,25.417368436171767,0.7668921848029594,,,,False
group2,propylene_carbonate,propylene carbonate,group2 | propylene carbonate,#a3bf18,X,0.4250559171208641,0.48957398345411834,0.9461818479479046,0.1999999999999999,3.2999999999999994,displacement,5.7,23.63838675389169,23.840918127332067,25.4120282956348,0.659080526981214,,,,False
group2,propylene_carbonate,propylene carbonate,group2 | propylene carbonate,#a3bf18,X,0.4250559171208641,0.48957398345411834,0.9461818479479046,0.1999999999999999,3.2999999999999994,displacement,5.8,23.42973036547737,23.87537115254118,24.96307744165865,1.0806839841408489,,,,False
group2,propylene_carbonate,propylene carbonate,group2 | propylene carbonate,#a3bf18,X,0.4250559171208641,0.48957398345411834,0.9461818479479046,0.1999999999999999,3.2999999999999994,displacement,5.9,23.40507382981764,23.90263445362,24.807040701092536,1.229463032418436,,,,False
group2,propylene_carbonate,propylene carbonate,group2 | propylene carbonate,#a3bf18,X,0.4250559171208641,0.48957398345411834,0.9461818479479046,0.1999999999999999,3.2999999999999994,displacement,6.0,23.454756475464563,23.91260662077124,24.953720818558452,1.0973154069649091,,,,False
group2,propylene_carbonate,propylene carbonate,group2 | propylene carbonate,#a3bf18,X,0.4250559171208641,0.48957398345411834,0.9461818479479046,0.1999999999999999,3.2999999999999994,displacement,6.1,23.702905625996674,23.78514407525188,24.81012954621903,1.1094184498877948,,,,False
group2,propylene_carbonate,propylene carbonate,group2 | propylene carbonate,#a3bf18,X,0.4250559171208641,0.48957398345411834,0.9461818479479046,0.1999999999999999,3.2999999999999994,displacement,6.2,23.875415889585508,23.748230127417006,24.900842091889707,1.0056764000427882,,,,False
group2,propylene_carbonate,propylene carbonate,group2 | propylene carbonate,#a3bf18,X,0.4250559171208641,0.48957398345411834,0.9461818479479046,0.1999999999999999,3.2999999999999994,displacement,6.3,23.812471755031165,23.76531736745828,25.05556626053457,0.8710624457733064,,,,False
group2,propylene_carbonate,propylene carbonate,group2 | propylene carbonate,#a3bf18,X,0.4250559171208641,0.48957398345411834,0.9461818479479046,0.1999999999999999,3.2999999999999994,displacement,6.4,23.25621298028419,23.904150685611093,24.81518075580256,1.282341403377665,,,,False
group2,propylene_carbonate,propylene carbonate,group2 | propylene carbonate,#a3bf18,X,0.4250559171208641,0.48957398345411834,0.9461818479479046,0.1999999999999999,3.2999999999999994,displacement,6.5,23.506983746893656,24.03401111654644,24.74378301399302,1.3142161540804471,,,,False
group2,propylene_carbonate,propylene carbonate,group2 | propylene carbonate,#a3bf18,X,0.4250559171208641,0.48957398345411834,0.9461818479479046,0.1999999999999999,3.2999999999999994,displacement,6.6,24.08834884979396,24.24214133667336,25.0042826848642,1.23088480816519,,,,False
group2,propylene_carbonate,propylene carbonate,group2 | propylene carbonate,#a3bf18,X,0.4250559171208641,0.48957398345411834,0.9461818479479046,0.1999999999999999,3.2999999999999994,displacement,6.7,23.82121363438165,24.304788440025447,25.088919451233263,1.1948032759167868,,,,False
group2,propylene_carbonate,propylene carbonate,group2 | propylene carbonate,#a3bf18,X,0.4250559171208641,0.48957398345411834,0.9461818479479046,0.1999999999999999,3.2999999999999994,displacement,6.8,24.11102227762995,24.33174708617737,25.062668953294803,1.2645208624931863,,,,False
group2,propylene_carbonate,propylene carbonate,group2 | propylene carbonate,#a3bf18,X,0.4250559171208641,0.48957398345411834,0.9461818479479046,0.1999999999999999,3.2999999999999994,displacement,6.9,24.080979033175453,24.31749414814576,25.15679928976346,1.1915809653813472,,,,False
group2,propylene_carbonate,propylene carbonate,group2 | propylene carbonate,#a3bf18,X,0.4250559171208641,0.48957398345411834,0.9461818479479046,0.1999999999999999,3.2999999999999994,displacement,7.0,23.652560213245422,24.279010916511165,25.12194911837669,1.1672356597881302,,,,False
group2,propylene_carbonate,propylene carbonate,group2 | propylene carbonate,#a3bf18,X,0.4250559171208641,0.48957398345411834,0.9461818479479046,0.1999999999999999,3.2999999999999994,displacement,7.1,23.760318931628845,24.71504415325511,24.77360006911114,1.71348370777787,,,,False
group2,propylene_carbonate,propylene carbonate,group2 | propylene carbonate,#a3bf18,X,0.4250559171208641,0.48957398345411834,0.9461818479479046,0.1999999999999999,3.2999999999999994,displacement,7.2,23.55629161234532,24.2427353701927,24.760621469526047,1.408278939773149,,,,False
group2,propylene_carbonate,propylene carbonate,group2 | propylene carbonate,#a3bf18,X,0.4250559171208641,0.48957398345411834,0.9461818479479046,0.1999999999999999,3.2999999999999994,displacement,7.3,23.887765906437533,24.11915777979153,24.86464280736081,1.2251242340625357,,,,False
group2,propylene_carbonate,propylene carbonate,group2 | propylene carbonate,#a3bf18,X,0.4250559171208641,0.48957398345411834,0.9461818479479046,0.1999999999999999,3.2999999999999994,displacement,7.4,23.685627921713024,24.01834717081921,24.92167175298724,1.1265247364252635,,,,False
group2,propylene_carbonate,propylene carbonate,group2 | propylene carbonate,#a3bf18,X,0.4250559171208641,0.48957398345411834,0.9461818479479046,0.1999999999999999,3.2999999999999994,displacement,7.5,23.66098419987112,24.37897614779284,24.847203306174872,1.4200685301172833,,,,False
group2,propylene_carbonate,propylene carbonate,group2 | propylene carbonate,#a3bf18,X,0.4250559171208641,0.48957398345411834,0.9461818479479046,0.1999999999999999,3.2999999999999994,displacement,7.6,23.578185091345706,24.26542466638495,24.730576739257007,1.4412761184816218,,,,False
group2,propylene_carbonate,propylene carbonate,group2 | propylene carbonate,#a3bf18,X,0.4250559171208641,0.48957398345411834,0.9461818479479046,0.1999999999999999,3.2999999999999994,displacement,7.7,23.64390258965431,24.329259457751245,24.628229280659387,1.5502173912302537,,,,False
group2,propylene_carbonate,propylene carbonate,group2 | propylene carbonate,#a3bf18,X,0.4250559171208641,0.48957398345411834,0.9461818479479046,0.1999999999999999,3.2999999999999994,displacement,7.8,23.7128343859788,24.071336653588855,24.97895105246551,1.1103908729287342,,,,False
group2,propylene_carbonate,propylene carbonate,group2 | propylene carbonate,#a3bf18,X,0.4250559171208641,0.48957398345411834,0.9461818479479046,0.1999999999999999,3.2999999999999994,displacement,7.9,23.67938912317847,24.06994627921719,24.72609526622764,1.3169779292914952,,,,False
group2,propylene_carbonate,propylene carbonate,group2 | propylene carbonate,#a3bf18,X,0.4250559171208641,0.48957398345411834,0.9461818479479046,0.1999999999999999,3.2999999999999994,displacement,8.0,23.49937566466148,24.127496700384903,24.96599581424008,1.1965258674527768,,,,False
group2,propylene_carbonate,propylene carbonate,group2 | propylene carbonate,#a3bf18,X,0.4250559171208641,0.48957398345411834,0.9461818479479046,0.1999999999999999,3.2999999999999994,displacement,8.1,23.73697956469955,24.33611394082457,24.93146001823676,1.3242668918741007,,,,False
group2,propylene_carbonate,propylene carbonate,group2 | propylene carbonate,#a3bf18,X,0.4250559171208641,0.48957398345411834,0.9461818479479046,0.1999999999999999,3.2999999999999994,displacement,8.2,23.71950427463793,24.203874022941697,25.161162828578583,1.0762318693363973,,,,False
group2,propylene_carbonate,propylene carbonate,group2 | propylene carbonate,#a3bf18,X,0.4250559171208641,0.48957398345411834,0.9461818479479046,0.1999999999999999,3.2999999999999994,displacement,8.3,23.70953797812488,24.15564322214761,25.13918832985081,1.0545775123672052,,,,False
group2,propylene_carbonate,propylene carbonate,group2 | propylene carbonate,#a3bf18,X,0.4250559171208641,0.48957398345411834,0.9461818479479046,0.1999999999999999,3.2999999999999994,displacement,8.4,23.677414948808707,24.111018043122368,25.810417596383058,0.7580852278728447,,,,False
group2,propylene_carbonate,propylene carbonate,group2 | propylene carbonate,#a3bf18,X,0.4250559171208641,0.48957398345411834,0.9461818479479046,0.1999999999999999,3.2999999999999994,displacement,8.5,23.157672992597,24.262498057035803,25.215572527107582,1.2752738342573284,,,,False
group2,propylene_carbonate,propylene carbonate,group2 | propylene carbonate,#a3bf18,X,0.4250559171208641,0.48957398345411834,0.9461818479479046,0.1999999999999999,3.2999999999999994,displacement,8.6,23.319056587080414,24.29644586636065,25.311721105089603,1.178622499485893,,,,False
group2,propylene_carbonate,propylene carbonate,group2 | propylene carbonate,#a3bf18,X,0.4250559171208641,0.48957398345411834,0.9461818479479046,0.1999999999999999,3.2999999999999994,displacement,8.7,23.37809884504352,24.3041212570558,25.106530456496507,1.2657116460056108,,,,False
group2,propylene_carbonate,propylene carbonate,group2 | propylene carbonate,#a3bf18,X,0.4250559171208641,0.48957398345411834,0.9461818479479046,0.1999999999999999,3.2999999999999994,displacement,8.8,23.1574084181186,24.18531811633828,25.18623732951887,1.2375489636153785,,,,False
group2,propylene_carbonate,propylene carbonate,group2 | propylene carbonate,#a3bf18,X,0.4250559171208641,0.48957398345411834,0.9461818479479046,0.1999999999999999,3.2999999999999994,displacement,8.9,23.31209023006757,24.31008598048733,25.238184198070563,1.2261805837515294,,,,False
group2,propylene_carbonate,propylene carbonate,group2 | propylene carbonate,#a3bf18,X,0.4250559171208641,0.48957398345411834,0.9461818479479046,0.1999999999999999,3.2999999999999994,displacement,9.0,23.39641756809052,24.333156860716404,25.092963303255523,1.2887757500889463,,,,False
group2,propylene_carbonate,propylene carbonate,group2 | propylene carbonate,#a3bf18,X,0.4250559171208641,0.48957398345411834,0.9461818479479046,0.1999999999999999,3.2999999999999994,displacement,9.1,23.497545106488545,24.471556265650143,25.38941798169953,1.233222929890053,,,,False
group2,propylene_carbonate,propylene carbonate,group2 | propylene carbonate,#a3bf18,X,0.4250559171208641,0.48957398345411834,0.9461818479479046,0.1999999999999999,3.2999999999999994,displacement,9.2,23.61440913803496,24.13962870408523,25.43883458319929,0.8910491087913954,,,,False
group2,propylene_carbonate,propylene carbonate,group2 | propylene carbonate,#a3bf18,X,0.4250559171208641,0.48957398345411834,0.9461818479479046,0.1999999999999999,3.2999999999999994,displacement,9.3,23.728923145613624,24.407528647440085,25.502664056993137,1.0943367546420055,,,,False
group2,propylene_carbonate,propylene carbonate,group2 | propylene carbonate,#a3bf18,X,0.4250559171208641,0.48957398345411834,0.9461818479479046,0.1999999999999999,3.2999999999999994,displacement,9.4,23.80854693399752,24.373675934214685,25.321499782176492,1.127262624698824,,,,False
group2,propylene_carbonate,propylene carbonate,group2 | propylene carbonate,#a3bf18,X,0.4250559171208641,0.48957398345411834,0.9461818479479046,0.1999999999999999,3.2999999999999994,displacement,9.5,23.94755396683749,24.24734007214984,25.17775661619941,1.1017360469660795,,,,False
group2,propylene_carbonate,propylene carbonate,group2 | propylene carbonate,#a3bf18,X,0.4250559171208641,0.48957398345411834,0.9461818479479046,0.1999999999999999,3.2999999999999994,displacement,9.6,23.913514978441302,24.280077613368004,25.186670742894258,1.11975707996804,,,,False
group2,propylene_carbonate,propylene carbonate,group2 | propylene carbonate,#a3bf18,X,0.4250559171208641,0.48957398345411834,0.9461818479479046,0.1999999999999999,3.2999999999999994,displacement,9.7,23.60306123216317,24.53169732933774,25.677476843875493,1.1947976769397584,,,,False
group2,propylene_carbonate,propylene carbonate,group2 | propylene carbonate,#a3bf18,X,0.4250559171208641,0.48957398345411834,0.9461818479479046,0.1999999999999999,3.2999999999999994,displacement,9.8,23.502350953173277,24.16215425047852,25.78902597943145,0.8588674060928908,,,,False
group2,propylene_carbonate,propylene carbonate,group2 | propylene carbonate,#a3bf18,X,0.4250559171208641,0.48957398345411834,0.9461818479479046,0.1999999999999999,3.2999999999999994,displacement,9.9,23.48980035311359,23.934117845405527,26.023530114977397,0.6865065246036804,,,,False
group2,propylene_carbonate,propylene carbonate,group2 | propylene carbonate,#a3bf18,X,0.4250559171208641,0.48957398345411834,0.9461818479479046,0.1999999999999999,3.2999999999999994,displacement,10.0,23.851397848740373,24.486612357660952,25.676584383246325,1.1293111993622755,,,,False
group2,propylene_carbonate,propylene carbonate,group2 | propylene carbonate,#a3bf18,X,0.4250559171208641,0.48957398345411834,0.9461818479479046,0.1999999999999999,3.2999999999999994,tamsd,,,,,,0.09999999999999998,0.1509821740798891,0.18397652592299563,False
group2,propylene_carbonate,propylene carbonate,group2 | propylene carbonate,#a3bf18,X,0.4250559171208641,0.48957398345411834,0.9461818479479046,0.1999999999999999,3.2999999999999994,tamsd,,,,,,0.19999999999999996,0.2249619549119203,0.24701139853979856,True
group2,propylene_carbonate,propylene carbonate,group2 | propylene carbonate,#a3bf18,X,0.4250559171208641,0.48957398345411834,0.9461818479479046,0.1999999999999999,3.2999999999999994,tamsd,,,,,,0.29999999999999993,0.2791549490618673,0.2934712934695031,True
group2,propylene_carbonate,propylene carbonate,group2 | propylene carbonate,#a3bf18,X,0.4250559171208641,0.48957398345411834,0.9461818479479046,0.1999999999999999,3.2999999999999994,tamsd,,,,,,0.3999999999999999,0.31099180039470714,0.33164356540858486,True
group2,propylene_carbonate,propylene carbonate,group2 | propylene carbonate,#a3bf18,X,0.4250559171208641,0.48957398345411834,0.9461818479479046,0.1999999999999999,3.2999999999999994,tamsd,,,,,,0.4999999999999999,0.3553379660711604,0.3646395315787773,True
group2,propylene_carbonate,propylene carbonate,group2 | propylene carbonate,#a3bf18,X,0.4250559171208641,0.48957398345411834,0.9461818479479046,0.1999999999999999,3.2999999999999994,tamsd,,,,,,0.5999999999999999,0.3815761432770902,0.3940217604800681,True
group2,propylene_carbonate,propylene carbonate,group2 | propylene carbonate,#a3bf18,X,0.4250559171208641,0.48957398345411834,0.9461818479479046,0.1999999999999999,3.2999999999999994,tamsd,,,,,,0.6999999999999998,0.4316462878008901,0.4207037044522885,True
group2,propylene_carbonate,propylene carbonate,group2 | propylene carbonate,#a3bf18,X,0.4250559171208641,0.48957398345411834,0.9461818479479046,0.1999999999999999,3.2999999999999994,tamsd,,,,,,0.7999999999999998,0.46970137589319433,0.44527278954374677,True
group2,propylene_carbonate,propylene carbonate,group2 | propylene carbonate,#a3bf18,X,0.4250559171208641,0.48957398345411834,0.9461818479479046,0.1999999999999999,3.2999999999999994,tamsd,,,,,,0.8999999999999998,0.5016383875225081,0.46813254929442183,True
group2,propylene_carbonate,propylene carbonate,group2 | propylene carbonate,#a3bf18,X,0.4250559171208641,0.48957398345411834,0.9461818479479046,0.1999999999999999,3.2999999999999994,tamsd,,,,,,0.9999999999999998,0.5104663670612652,0.4895739834541183,True
group2,propylene_carbonate,propylene carbonate,group2 | propylene carbonate,#a3bf18,X,0.4250559171208641,0.48957398345411834,0.9461818479479046,0.1999999999999999,3.2999999999999994,tamsd,,,,,,1.0999999999999996,0.5143814862776215,0.5098149146017296,True
group2,propylene_carbonate,propylene carbonate,group2 | propylene carbonate,#a3bf18,X,0.4250559171208641,0.48957398345411834,0.9461818479479046,0.1999999999999999,3.2999999999999994,tamsd,,,,,,1.1999999999999997,0.5330013078124138,0.5290232850251356,True
group2,propylene_carbonate,propylene carbonate,group2 | propylene carbonate,#a3bf18,X,0.4250559171208641,0.48957398345411834,0.9461818479479046,0.1999999999999999,3.2999999999999994,tamsd,,,,,,1.2999999999999998,0.5439481694359256,0.5473317313594678,True
group2,propylene_carbonate,propylene carbonate,group2 | propylene carbonate,#a3bf18,X,0.4250559171208641,0.48957398345411834,0.9461818479479046,0.1999999999999999,3.2999999999999994,tamsd,,,,,,1.3999999999999997,0.5694175984866622,0.5648471177846329,True
group2,propylene_carbonate,propylene carbonate,group2 | propylene carbonate,#a3bf18,X,0.4250559171208641,0.48957398345411834,0.9461818479479046,0.1999999999999999,3.2999999999999994,tamsd,,,,,,1.4999999999999996,0.5994542776846369,0.5816570045861591,True
group2,propylene_carbonate,propylene carbonate,group2 | propylene carbonate,#a3bf18,X,0.4250559171208641,0.48957398345411834,0.9461818479479046,0.1999999999999999,3.2999999999999994,tamsd,,,,,,1.5999999999999996,0.6376496526811092,0.597834174360669,True
group2,propylene_carbonate,propylene carbonate,group2 | propylene carbonate,#a3bf18,X,0.4250559171208641,0.48957398345411834,0.9461818479479046,0.1999999999999999,3.2999999999999994,tamsd,,,,,,1.6999999999999997,0.6643569573506392,0.6134398831179496,True
group2,propylene_carbonate,propylene carbonate,group2 | propylene carbonate,#a3bf18,X,0.4250559171208641,0.48957398345411834,0.9461818479479046,0.1999999999999999,3.2999999999999994,tamsd,,,,,,1.7999999999999996,0.6866949598451855,0.6285262487868458,True
group2,propylene_carbonate,propylene carbonate,group2 | propylene carbonate,#a3bf18,X,0.4250559171208641,0.48957398345411834,0.9461818479479046,0.1999999999999999,3.2999999999999994,tamsd,,,,,,1.8999999999999995,0.7090052498054891,0.6431380408245628,True
group2,propylene_carbonate,propylene carbonate,group2 | propylene carbonate,#a3bf18,X,0.4250559171208641,0.48957398345411834,0.9461818479479046,0.1999999999999999,3.2999999999999994,tamsd,,,,,,1.9999999999999996,0.7269814545526319,0.6573140444684668,True
group2,propylene_carbonate,propylene carbonate,group2 | propylene carbonate,#a3bf18,X,0.4250559171208641,0.48957398345411834,0.9461818479479046,0.1999999999999999,3.2999999999999994,tamsd,,,,,,2.0999999999999996,0.7356851565752697,0.6710881167780144,True
group2,propylene_carbonate,propylene carbonate,group2 | propylene carbonate,#a3bf18,X,0.4250559171208641,0.48957398345411834,0.9461818479479046,0.1999999999999999,3.2999999999999994,tamsd,,,,,,2.1999999999999993,0.7503448845166236,0.6844900153453812,True
group2,propylene_carbonate,propylene carbonate,group2 | propylene carbonate,#a3bf18,X,0.4250559171208641,0.48957398345411834,0.9461818479479046,0.1999999999999999,3.2999999999999994,tamsd,,,,,,2.2999999999999994,0.7403406572277189,0.6975460566422487,True
group2,propylene_carbonate,propylene carbonate,group2 | propylene carbonate,#a3bf18,X,0.4250559171208641,0.48957398345411834,0.9461818479479046,0.1999999999999999,3.2999999999999994,tamsd,,,,,,2.3999999999999995,0.7395854884145201,0.7102796448546477,True
group2,propylene_carbonate,propylene carbonate,group2 | propylene carbonate,#a3bf18,X,0.4250559171208641,0.48957398345411834,0.9461818479479046,0.1999999999999999,3.2999999999999994,tamsd,,,,,,2.4999999999999996,0.7534379772722416,0.7227117009788634,True
group2,propylene_carbonate,propylene carbonate,group2 | propylene carbonate,#a3bf18,X,0.4250559171208641,0.48957398345411834,0.9461818479479046,0.1999999999999999,3.2999999999999994,tamsd,,,,,,2.5999999999999996,0.7380690999154335,0.734861014197534,True
group2,propylene_carbonate,propylene carbonate,group2 | propylene carbonate,#a3bf18,X,0.4250559171208641,0.48957398345411834,0.9461818479479046,0.1999999999999999,3.2999999999999994,tamsd,,,,,,2.6999999999999993,0.6970801807113884,0.7467445320394435,True
group2,propylene_carbonate,propylene carbonate,group2 | propylene carbonate,#a3bf18,X,0.4250559171208641,0.48957398345411834,0.9461818479479046,0.1999999999999999,3.2999999999999994,tamsd,,,,,,2.7999999999999994,0.7023946414553981,0.7583776018444597,True
group2,propylene_carbonate,propylene carbonate,group2 | propylene carbonate,#a3bf18,X,0.4250559171208641,0.48957398345411834,0.9461818479479046,0.1999999999999999,3.2999999999999994,tamsd,,,,,,2.8999999999999995,0.7023221618783544,0.7697741731409378,True
group2,propylene_carbonate,propylene carbonate,group2 | propylene carbonate,#a3bf18,X,0.4250559171208641,0.48957398345411834,0.9461818479479046,0.1999999999999999,3.2999999999999994,tamsd,,,,,,2.999999999999999,0.7010709839896101,0.7809469683835292,True
group2,propylene_carbonate,propylene carbonate,group2 | propylene carbonate,#a3bf18,X,0.4250559171208641,0.48957398345411834,0.9461818479479046,0.1999999999999999,3.2999999999999994,tamsd,,,,,,3.099999999999999,0.7031915154747003,0.7919076278807107,True
group2,propylene_carbonate,propylene carbonate,group2 | propylene carbonate,#a3bf18,X,0.4250559171208641,0.48957398345411834,0.9461818479479046,0.1999999999999999,3.2999999999999994,tamsd,,,,,,3.1999999999999993,0.7150957185031284,0.802666833515073,True
group2,propylene_carbonate,propylene carbonate,group2 | propylene carbonate,#a3bf18,X,0.4250559171208641,0.48957398345411834,0.9461818479479046,0.1999999999999999,3.2999999999999994,tamsd,,,,,,3.2999999999999994,0.6972273191813553,0.813234414921154,True
group2,thf,THF,group2 | THF,#c331d8,v,0.693992373046404,1.1545487145727167,0.9941938303704002,0.1999999999999999,3.2999999999999994,displacement,0.0,22.32706467691491,21.86812621558185,24.330663686629208,0.0,,,,False
group2,thf,THF,group2 | THF,#c331d8,v,0.693992373046404,1.1545487145727167,0.9941938303704002,0.1999999999999999,3.2999999999999994,displacement,0.1,22.642516007560484,21.50397894834984,24.568373676473723,0.5372325506803174,,,,False
group2,thf,THF,group2 | THF,#c331d8,v,0.693992373046404,1.1545487145727167,0.9941938303704002,0.1999999999999999,3.2999999999999994,displacement,0.2,22.91242884211473,21.37711970158048,24.722947893862514,0.8588512688099819,,,,False
group2,thf,THF,group2 | THF,#c331d8,v,0.693992373046404,1.1545487145727167,0.9941938303704002,0.1999999999999999,3.2999999999999994,displacement,0.3,22.40555221173421,21.62844405195928,24.915793210091287,0.6371690450012186,,,,False
group2,thf,THF,group2 | THF,#c331d8,v,0.693992373046404,1.1545487145727167,0.9941938303704002,0.1999999999999999,3.2999999999999994,displacement,0.4,22.708937783072155,21.539786031009932,24.68216987853566,0.6141587327063528,,,,False
group2,thf,THF,group2 | THF,#c331d8,v,0.693992373046404,1.1545487145727167,0.9941938303704002,0.1999999999999999,3.2999999999999994,displacement,0.5,22.481859497192143,21.49350016785353,25.009148330297812,0.7903464580266787,,,,False
group2,thf,THF,group2 | THF,#c331d8,v,0.693992373046404,1.1545487145727167,0.9941938303704002,0.1999999999999999,3.2999999999999994,displacement,0.6,22.52604302499872,21.828375447733254,24.73305033681532,0.450652330293223,,,,False
group2,thf,THF,group2 | THF,#c331d8,v,0.693992373046404,1.1545487145727167,0.9941938303704002,0.1999999999999999,3.2999999999999994,displacement,0.7,22.74857351252192,21.95725238564714,24.47619630133893,0.4547448896134352,,,,False
group2,thf,THF,group2 | THF,#c331d8,v,0.693992373046404,1.1545487145727167,0.9941938303704002,0.1999999999999999,3.2999999999999994,displacement,0.8,22.391687489176,21.9788099977908,24.43649833464158,0.1662166665184717,,,,False
group2,thf,THF,group2 | THF,#c331d8,v,0.693992373046404,1.1545487145727167,0.9941938303704002,0.1999999999999999,3.2999999999999994,displacement,0.9,22.56532154382003,21.67374157142492,24.92207588280028,0.6665734095291732,,,,False
group2,thf,THF,group2 | THF,#c331d8,v,0.693992373046404,1.1545487145727167,0.9941938303704002,0.1999999999999999,3.2999999999999994,displacement,1.0,22.50739322225129,21.33457413867585,25.403756958467135,1.2119098040273732,,,,False
group2,thf,THF,group2 | THF,#c331d8,v,0.693992373046404,1.1545487145727167,0.9941938303704002,0.1999999999999999,3.2999999999999994,displacement,1.1,22.438599780812407,21.4323066864807,24.91054827514088,0.7339242994619537,,,,False
group2,thf,THF,group2 | THF,#c331d8,v,0.693992373046404,1.1545487145727167,0.9941938303704002,0.1999999999999999,3.2999999999999994,displacement,1.2,22.746276587034394,21.42148001861124,24.69132265205594,0.7108490277105357,,,,False
group2,thf,THF,group2 | THF,#c331d8,v,0.693992373046404,1.1545487145727167,0.9941938303704002,0.1999999999999999,3.2999999999999994,displacement,1.3,22.569316736204264,21.394091218851447,24.87847005441273,0.7638632436105938,,,,False
group2,thf,THF,group2 | THF,#c331d8,v,0.693992373046404,1.1545487145727167,0.9941938303704002,0.1999999999999999,3.2999999999999994,displacement,1.4,22.333759044967863,21.43716183698472,24.77269883300857,0.6173898126936201,,,,False
group2,thf,THF,group2 | THF,#c331d8,v,0.693992373046404,1.1545487145727167,0.9941938303704002,0.1999999999999999,3.2999999999999994,displacement,1.5,22.4281824295024,21.36911212205912,24.598263419922084,0.5751951692087377,,,,False
group2,thf,THF,group2 | THF,#c331d8,v,0.693992373046404,1.1545487145727167,0.9941938303704002,0.1999999999999999,3.2999999999999994,displacement,1.6,22.255183779642877,21.22476349241514,24.819520738490265,0.811211238893667,,,,False
group2,thf,THF,group2 | THF,#c331d8,v,0.693992373046404,1.1545487145727167,0.9941938303704002,0.1999999999999999,3.2999999999999994,displacement,1.7,22.58608397570998,21.62005875415624,24.310054144297595,0.3592397748044492,,,,False
group2,thf,THF,group2 | THF,#c331d8,v,0.693992373046404,1.1545487145727167,0.9941938303704002,0.1999999999999999,3.2999999999999994,displacement,1.8,22.488159697775316,21.124620378310105,24.22543108207302,0.768001586498911,,,,False
group2,thf,THF,group2 | THF,#c331d8,v,0.693992373046404,1.1545487145727167,0.9941938303704002,0.1999999999999999,3.2999999999999994,displacement,1.9,22.61988349679465,21.24451235787837,24.55613595182788,0.7248964389272337,,,,False
group2,thf,THF,group2 | THF,#c331d8,v,0.693992373046404,1.1545487145727167,0.9941938303704002,0.1999999999999999,3.2999999999999994,displacement,2.0,22.94355182036873,20.676500473964808,25.191803958264103,1.594236768350181,,,,False
group2,thf,THF,group2 | THF,#c331d8,v,0.693992373046404,1.1545487145727167,0.9941938303704002,0.1999999999999999,3.2999999999999994,displacement,2.1,22.90709709048892,20.91889603975388,25.13451777835936,1.3724638167508023,,,,False
group2,thf,THF,group2 | THF,#c331d8,v,0.693992373046404,1.1545487145727167,0.9941938303704002,0.1999999999999999,3.2999999999999994,displacement,2.2,22.807025617151297,21.10570999468994,25.0850539154244,1.1750513245528251,,,,False
group2,thf,THF,group2 | THF,#c331d8,v,0.693992373046404,1.1545487145727167,0.9941938303704002,0.1999999999999999,3.2999999999999994,displacement,2.3,22.84484267926413,21.279736789945684,25.22530120270811,1.189400042497488,,,,False
group2,thf,THF,group2 | THF,#c331d8,v,0.693992373046404,1.1545487145727167,0.9941938303704002,0.1999999999999999,3.2999999999999994,displacement,2.4,22.681497520325777,21.499919856876083,24.81537750710938,0.7043763559661488,,,,False
group2,thf,THF,group2 | THF,#c331d8,v,0.693992373046404,1.1545487145727167,0.9941938303704002,0.1999999999999999,3.2999999999999994,displacement,2.5,22.550307719627146,21.24404725791439,25.14208054326542,1.0477162386620265,,,,False
group2,thf,THF,group2 | THF,#c331d8,v,0.693992373046404,1.1545487145727167,0.9941938303704002,0.1999999999999999,3.2999999999999994,displacement,2.6,22.52021895160465,21.295836615715803,25.525260839198747,1.338613580116759,,,,False
group2,thf,THF,group2 | THF,#c331d8,v,0.693992373046404,1.1545487145727167,0.9941938303704002,0.1999999999999999,3.2999999999999994,displacement,2.7,22.54711322453373,20.904211830838296,25.48645654373423,1.5209896228967774,,,,False
group2,thf,THF,group2 | THF,#c331d8,v,0.693992373046404,1.1545487145727167,0.9941938303704002,0.1999999999999999,3.2999999999999994,displacement,2.8,22.55723424188248,21.06668671577252,24.974177405848877,1.053277364855008,,,,False
group2,thf,THF,group2 | THF,#c331d8,v,0.693992373046404,1.1545487145727167,0.9941938303704002,0.1999999999999999,3.2999999999999994,displacement,2.9,22.9129315477878,20.869851649878044,24.38005414753679,1.1585471576704005,,,,False
group2,thf,THF,group2 | THF,#c331d8,v,0.693992373046404,1.1545487145727167,0.9941938303704002,0.1999999999999999,3.2999999999999994,displacement,3.0,22.480286836796797,20.99348169102285,24.52315109206285,0.9085876269631172,,,,False
group2,thf,THF,group2 | THF,#c331d8,v,0.693992373046404,1.1545487145727167,0.9941938303704002,0.1999999999999999,3.2999999999999994,displacement,3.1,22.289418885290992,20.83500528411152,24.38770838549501,1.035379235998962,,,,False
group2,thf,THF,group2 | THF,#c331d8,v,0.693992373046404,1.1545487145727167,0.9941938303704002,0.1999999999999999,3.2999999999999994,displacement,3.2,22.63440537233132,20.97339876171445,24.07053490548659,0.981153658986107,,,,False
group2,thf,THF,group2 | THF,#c331d8,v,0.693992373046404,1.1545487145727167,0.9941938303704002,0.1999999999999999,3.2999999999999994,displacement,3.3,22.40014921858713,20.990501680998847,23.616233932467733,1.1340088392797874,,,,False
group2,thf,THF,group2 | THF,#c331d8,v,0.693992373046404,1.1545487145727167,0.9941938303704002,0.1999999999999999,3.2999999999999994,displacement,3.4,22.442734592555645,21.194495481277844,23.272019608440647,1.2601131615323244,,,,False
group2,thf,THF,group2 | THF,#c331d8,v,0.693992373046404,1.1545487145727167,0.9941938303704002,0.1999999999999999,3.2999999999999994,displacement,3.5,22.26773398663383,21.09494166036016,23.26485653883856,1.3180589378037029,,,,False
group2,thf,THF,group2 | THF,#c331d8,v,0.693992373046404,1.1545487145727167,0.9941938303704002,0.1999999999999999,3.2999999999999994,displacement,3.6,22.684023605809237,21.189833257693657,23.121244079348006,1.431850830259321,,,,False
group2,thf,THF,group2 | THF,#c331d8,v,0.693992373046404,1.1545487145727167,0.9941938303704002,0.1999999999999999,3.2999999999999994,displacement,3.7,22.65680021896465,20.918366452282758,23.06402949266678,1.6171367650843984,,,,False
group2,thf,THF,group2 | THF,#c331d8,v,0.693992373046404,1.1545487145727167,0.9941938303704002,0.1999999999999999,3.2999999999999994,displacement,3.8,22.63604874915872,21.3797044327812,22.92189286395121,1.5227154119018298,,,,False
group2,thf,THF,group2 | THF,#c331d8,v,0.693992373046404,1.1545487145727167,0.9941938303704002,0.1999999999999999,3.2999999999999994,displacement,3.9,22.610031928030804,21.192520587796675,22.887339937697064,1.6185477668980357,,,,False
group2,thf,THF,group2 | THF,#c331d8,v,0.693992373046404,1.1545487145727167,0.9941938303704002,0.1999999999999999,3.2999999999999994,displacement,4.0,22.234041012781685,21.39658029629982,22.546349468805023,1.8479140088245007,,,,False
group2,thf,THF,group2 | THF,#c331d8,v,0.693992373046404,1.1545487145727167,0.9941938303704002,0.1999999999999999,3.2999999999999994,displacement,4.1,22.123395403971102,21.063095400647825,23.14171837078136,1.450223000028387,,,,False
group2,thf,THF,group2 | THF,#c331d8,v,0.693992373046404,1.1545487145727167,0.9941938303704002,0.1999999999999999,3.2999999999999994,displacement,4.2,21.889810847417696,21.01873919788163,23.58369138265766,1.2126899192077971,,,,False
group2,thf,THF,group2 | THF,#c331d8,v,0.693992373046404,1.1545487145727167,0.9941938303704002,0.1999999999999999,3.2999999999999994,displacement,4.3,22.218946260181813,20.995025161134105,23.165402615713763,1.4600782193792354,,,,False
group2,thf,THF,group2 | THF,#c331d8,v,0.693992373046404,1.1545487145727167,0.9941938303704002,0.1999999999999999,3.2999999999999994,displacement,4.4,22.177866884958306,21.212422909326204,23.179726527995257,1.3329903038220872,,,,False
group2,thf,THF,group2 | THF,#c331d8,v,0.693992373046404,1.1545487145727167,0.9941938303704002,0.1999999999999999,3.2999999999999994,displacement,4.5,22.02513575610055,20.97312661771392,23.42711811416435,1.3071266024868138,,,,False
group2,thf,THF,group2 | THF,#c331d8,v,0.693992373046404,1.1545487145727167,0.9941938303704002,0.1999999999999999,3.2999999999999994,displacement,4.6,21.92910232068957,20.96140961401428,23.3363937389034,1.4032397377074757,,,,False
group2,thf,THF,group2 | THF,#c331d8,v,0.693992373046404,1.1545487145727167,0.9941938303704002,0.1999999999999999,3.2999999999999994,displacement,4.7,22.329924011019244,21.0648088287972,23.590319210565017,1.0924453958623253,,,,False
group2,thf,THF,group2 | THF,#c331d8,v,0.693992373046404,1.1545487145727167,0.9941938303704002,0.1999999999999999,3.2999999999999994,displacement,4.8,22.37505153910463,20.91128063439818,23.65341676036997,1.1732517224794954,,,,False
group2,thf,THF,group2 | THF,#c331d8,v,0.693992373046404,1.1545487145727167,0.9941938303704002,0.1999999999999999,3.2999999999999994,displacement,4.9,22.22827496206495,21.12801759079158,23.945038900721737,0.8403729289757369,,,,False
group2,thf,THF,group2 | THF,#c331d8,v,0.693992373046404,1.1545487145727167,0.9941938303704002,0.1999999999999999,3.2999999999999994,displacement,5.0,22.468842227709757,21.28863164575683,24.12798674635891,0.6300736246530195,,,,False
group2,thf,THF,group2 | THF,#c331d8,v,0.693992373046404,1.1545487145727167,0.9941938303704002,0.1999999999999999,3.2999999999999994,displacement,5.1,22.189554521154196,21.424838532586257,24.06221605289326,0.5361689518159038,,,,False
group2,thf,THF,group2 | THF,#c331d8,v,0.693992373046404,1.1545487145727167,0.9941938303704002,0.1999999999999999,3.2999999999999994,displacement,5.2,22.2189285621206,21.09230058134761,24.629750935538315,0.838481971492398,,,,False
group2,thf,THF,group2 | THF,#c331d8,v,0.693992373046404,1.1545487145727167,0.9941938303704002,0.1999999999999999,3.2999999999999994,displacement,5.3,22.493545906382334,21.029821885323308,24.41835471400901,0.8591623049099189,,,,False
group2,thf,THF,group2 | THF,#c331d8,v,0.693992373046404,1.1545487145727167,0.9941938303704002,0.1999999999999999,3.2999999999999994,displacement,5.4,22.23125581115016,21.747107264038632,24.169697851825948,0.2230132851774936,,,,False
group2,thf,THF,group2 | THF,#c331d8,v,0.693992373046404,1.1545487145727167,0.9941938303704002,0.1999999999999999,3.2999999999999994,displacement,5.5,22.2131171343287,21.69091549844036,24.114807355067843,0.3016316240157281,,,,False
group2,thf,THF,group2 | THF,#c331d8,v,0.693992373046404,1.1545487145727167,0.9941938303704002,0.1999999999999999,3.2999999999999994,displacement,5.6,22.15593632705633,21.82805887329431,24.34413137372769,0.1762716160903113,,,,False
group2,thf,THF,group2 | THF,#c331d8,v,0.693992373046404,1.1545487145727167,0.9941938303704002,0.1999999999999999,3.2999999999999994,displacement,5.7,22.13001444264333,22.160249846729634,24.332434148741672,0.3523750065449397,,,,False
group2,thf,THF,group2 | THF,#c331d8,v,0.693992373046404,1.1545487145727167,0.9941938303704002,0.1999999999999999,3.2999999999999994,displacement,5.8,22.44922524472427,22.114209066722548,24.69192000242084,0.4538569153955743,,,,False
group2,thf,THF,group2 | THF,#c331d8,v,0.693992373046404,1.1545487145727167,0.9941938303704002,0.1999999999999999,3.2999999999999994,displacement,5.9,22.433465189663835,22.1189582281042,24.389617538584076,0.2787710965641255,,,,False
group2,thf,THF,group2 | THF,#c331d8,v,0.693992373046404,1.1545487145727167,0.9941938303704002,0.1999999999999999,3.2999999999999994,displacement,6.0,22.22521393868046,22.287553242569864,23.775976111581816,0.7028306408793419,,,,False
group2,thf,THF,group2 | THF,#c331d8,v,0.693992373046404,1.1545487145727167,0.9941938303704002,0.1999999999999999,3.2999999999999994,displacement,6.1,21.978687178697623,22.468449757044077,23.24559548689413,1.2880715173367556,,,,False
group2,thf,THF,group2 | THF,#c331d8,v,0.693992373046404,1.1545487145727167,0.9941938303704002,0.1999999999999999,3.2999999999999994,displacement,6.2,22.107435844092144,22.396765641346587,23.3426501781628,1.141870027451494,,,,False
group2,thf,THF,group2 | THF,#c331d8,v,0.693992373046404,1.1545487145727167,0.9941938303704002,0.1999999999999999,3.2999999999999994,displacement,6.3,22.255081204896904,22.07049736261109,23.920297482871284,0.4631804427870283,,,,False
group2,thf,THF,group2 | THF,#c331d8,v,0.693992373046404,1.1545487145727167,0.9941938303704002,0.1999999999999999,3.2999999999999994,displacement,6.4,21.94647450630914,22.07038363456944,23.74833757365552,0.7244726657012641,,,,False
group2,thf,THF,group2 | THF,#c331d8,v,0.693992373046404,1.1545487145727167,0.9941938303704002,0.1999999999999999,3.2999999999999994,displacement,6.5,22.0945462890349,22.099996884187924,23.862422635274392,0.5719077633989712,,,,False
group2,thf,THF,group2 | THF,#c331d8,v,0.693992373046404,1.1545487145727167,0.9941938303704002,0.1999999999999999,3.2999999999999994,displacement,6.6,22.151157188903824,22.069273211611517,24.41841713731725,0.2812547358850842,,,,False
group2,thf,THF,group2 | THF,#c331d8,v,0.693992373046404,1.1545487145727167,0.9941938303704002,0.1999999999999999,3.2999999999999994,displacement,6.7,22.59793534249322,21.83462347222021,24.93413581639275,0.6623231557819311,,,,False
group2,thf,THF,group2 | THF,#c331d8,v,0.693992373046404,1.1545487145727167,0.9941938303704002,0.1999999999999999,3.2999999999999994,displacement,6.8,22.391413914656276,21.289513261194703,25.032182077073877,0.911625925209777,,,,False
group2,thf,THF,group2 | THF,#c331d8,v,0.693992373046404,1.1545487145727167,0.9941938303704002,0.1999999999999999,3.2999999999999994,displacement,6.9,22.15864383475703,21.25108431340068,24.45298379538748,0.6512054193011286,,,,False
group2,thf,THF,group2 | THF,#c331d8,v,0.693992373046404,1.1545487145727167,0.9941938303704002,0.1999999999999999,3.2999999999999994,displacement,7.0,22.11710832410115,21.446761183436028,24.64309991845066,0.5650190787547716,,,,False
group2,thf,THF,group2 | THF,#c331d8,v,0.693992373046404,1.1545487145727167,0.9941938303704002,0.1999999999999999,3.2999999999999994,displacement,7.1,22.45624098760172,21.29080495094093,24.691542425943105,0.692978950862162,,,,False
group2,thf,THF,group2 | THF,#c331d8,v,0.693992373046404,1.1545487145727167,0.9941938303704002,0.1999999999999999,3.2999999999999994,displacement,7.2,22.10261626733156,20.856327637548244,24.88794956799383,1.1767246936491371,,,,False
group2,thf,THF,group2 | THF,#c331d8,v,0.693992373046404,1.1545487145727167,0.9941938303704002,0.1999999999999999,3.2999999999999994,displacement,7.3,22.24760965523086,21.436776491364625,24.53255174944888,0.4828400096948959,,,,False
group2,thf,THF,group2 | THF,#c331d8,v,0.693992373046404,1.1545487145727167,0.9941938303704002,0.1999999999999999,3.2999999999999994,displacement,7.4,22.051490688019783,21.63857975732948,24.26952306271828,0.3638279479973917,,,,False
group2,thf,THF,group2 | THF,#c331d8,v,0.693992373046404,1.1545487145727167,0.9941938303704002,0.1999999999999999,3.2999999999999994,displacement,7.5,22.21703807175626,21.57629387028953,24.143221089860496,0.3638773126823788,,,,False
group2,thf,THF,group2 | THF,#c331d8,v,0.693992373046404,1.1545487145727167,0.9941938303704002,0.1999999999999999,3.2999999999999994,displacement,7.6,22.29891385011789,21.162149052086985,24.754529631277386,0.8239287368808649,,,,False
group2,thf,THF,group2 | THF,#c331d8,v,0.693992373046404,1.1545487145727167,0.9941938303704002,0.1999999999999999,3.2999999999999994,displacement,7.7,22.4450479636554,21.151065459386277,24.58511616845833,0.7699624987847488,,,,False
group2,thf,THF,group2 | THF,#c331d8,v,0.693992373046404,1.1545487145727167,0.9941938303704002,0.1999999999999999,3.2999999999999994,displacement,7.8,22.528902202721945,21.27468899571807,25.248896295619843,1.1117811137797324,,,,False
group2,thf,THF,group2 | THF,#c331d8,v,0.693992373046404,1.1545487145727167,0.9941938303704002,0.1999999999999999,3.2999999999999994,displacement,7.9,22.668825986240645,21.169942614423803,25.007410927886845,1.030654142779174,,,,False
group2,thf,THF,group2 | THF,#c331d8,v,0.693992373046404,1.1545487145727167,0.9941938303704002,0.1999999999999999,3.2999999999999994,displacement,8.0,22.267871559385323,21.047636634834063,24.910127682594577,1.0062233846908435,,,,False
group2,thf,THF,group2 | THF,#c331d8,v,0.693992373046404,1.1545487145727167,0.9941938303704002,0.1999999999999999,3.2999999999999994,displacement,8.1,22.43412194555222,21.06090382589656,25.14830950717924,1.1539557760331385,,,,False
group2,thf,THF,group2 | THF,#c331d8,v,0.693992373046404,1.1545487145727167,0.9941938303704002,0.1999999999999999,3.2999999999999994,displacement,8.2,22.722626660501263,21.088962729355195,25.252025477429573,1.269831709587729,,,,False
group2,thf,THF,group2 | THF,#c331d8,v,0.693992373046404,1.1545487145727167,0.9941938303704002,0.1999999999999999,3.2999999999999994,displacement,8.3,22.357555379370694,21.17994965777414,25.08691684986997,1.0229543022852805,,,,False
group2,thf,THF,group2 | THF,#c331d8,v,0.693992373046404,1.1545487145727167,0.9941938303704002,0.1999999999999999,3.2999999999999994,displacement,8.4,22.33947735335775,21.064637784114147,24.980772469279295,1.0336291227116616,,,,False
group2,thf,THF,group2 | THF,#c331d8,v,0.693992373046404,1.1545487145727167,0.9941938303704002,0.1999999999999999,3.2999999999999994,displacement,8.5,22.20888921797261,20.870664865091744,24.953341096534253,1.181787519659865,,,,False
group2,thf,THF,group2 | THF,#c331d8,v,0.693992373046404,1.1545487145727167,0.9941938303704002,0.1999999999999999,3.2999999999999994,displacement,8.6,22.20831884577549,20.84889906136029,25.073667904541463,1.2668779862918784,,,,False
group2,thf,THF,group2 | THF,#c331d8,v,0.693992373046404,1.1545487145727167,0.9941938303704002,0.1999999999999999,3.2999999999999994,displacement,8.7,22.202983947641133,20.54398266280164,25.163151812231096,1.5690088129180966,,,,False
group2,thf,THF,group2 | THF,#c331d8,v,0.693992373046404,1.1545487145727167,0.9941938303704002,0.1999999999999999,3.2999999999999994,displacement,8.8,21.960757080070085,20.63700902692626,24.76491636987648,1.3558783797291405,,,,False
group2,thf,THF,group2 | THF,#c331d8,v,0.693992373046404,1.1545487145727167,0.9941938303704002,0.1999999999999999,3.2999999999999994,displacement,8.9,21.933050262528248,20.50255567309119,24.88001296719566,1.5237502739365028,,,,False
group2,thf,THF,group2 | THF,#c331d8,v,0.693992373046404,1.1545487145727167,0.9941938303704002,0.1999999999999999,3.2999999999999994,displacement,9.0,21.98278007420349,20.96368156278094,24.80005750815996,1.0755847606467626,,,,False
group2,thf,THF,group2 | THF,#c331d8,v,0.693992373046404,1.1545487145727167,0.9941938303704002,0.1999999999999999,3.2999999999999994,displacement,9.1,21.935763103146336,21.02548842170234,25.154375698876915,1.2416347500086526,,,,False
group2,thf,THF,group2 | THF,#c331d8,v,0.693992373046404,1.1545487145727167,0.9941938303704002,0.1999999999999999,3.2999999999999994,displacement,9.2,21.93506510425517,20.667173106816477,25.353462557598952,1.625444420727949,,,,False
group2,thf,THF,group2 | THF,#c331d8,v,0.693992373046404,1.1545487145727167,0.9941938303704002,0.1999999999999999,3.2999999999999994,displacement,9.3,21.956701734046376,20.363362241351133,25.17984225595802,1.767084483039841,,,,False
group2,thf,THF,group2 | THF,#c331d8,v,0.693992373046404,1.1545487145727167,0.9941938303704002,0.1999999999999999,3.2999999999999994,displacement,9.4,22.0923337067456,20.357784065493146,25.59076712356815,1.9809322831627851,,,,False
group2,thf,THF,group2 | THF,#c331d8,v,0.693992373046404,1.1545487145727167,0.9941938303704002,0.1999999999999999,3.2999999999999994,displacement,9.5,22.58849842459116,19.857897540875275,24.97537195010301,2.1272084227992303,,,,False
group2,thf,THF,group2 | THF,#c331d8,v,0.693992373046404,1.1545487145727167,0.9941938303704002,0.1999999999999999,3.2999999999999994,displacement,9.6,22.32607215305723,19.734532658034315,24.809700383673444,2.1867095397027447,,,,False
group2,thf,THF,group2 | THF,#c331d8,v,0.693992373046404,1.1545487145727167,0.9941938303704002,0.1999999999999999,3.2999999999999994,displacement,9.7,22.13183201593168,19.84562851697453,24.378051264883545,2.03245130700819,,,,False
group2,thf,THF,group2 | THF,#c331d8,v,0.693992373046404,1.1545487145727167,0.9941938303704002,0.1999999999999999,3.2999999999999994,displacement,9.8,22.30688161644664,19.96399208259552,24.477012677516583,1.9098565860993864,,,,False
group2,thf,THF,group2 | THF,#c331d8,v,0.693992373046404,1.1545487145727167,0.9941938303704002,0.1999999999999999,3.2999999999999994,displacement,9.9,22.39825673103048,19.83378051886464,24.379861756731604,2.036185446471616,,,,False
group2,thf,THF,group2 | THF,#c331d8,v,0.693992373046404,1.1545487145727167,0.9941938303704002,0.1999999999999999,3.2999999999999994,displacement,10.0,22.51486843203781,19.883095455872983,24.213180462482548,1.997353167415443,,,,False
group2,thf,THF,group2 | THF,#c331d8,v,0.693992373046404,1.1545487145727167,0.9941938303704002,0.1999999999999999,3.2999999999999994,tamsd,,,,,,0.09999999999999998,0.2044770849429044,0.23357152110911442,False
group2,thf,THF,group2 | THF,#c331d8,v,0.693992373046404,1.1545487145727167,0.9941938303704002,0.1999999999999999,3.2999999999999994,tamsd,,,,,,0.19999999999999996,0.36697173234389246,0.3778612962599547,True
group2,thf,THF,group2 | THF,#c331d8,v,0.693992373046404,1.1545487145727167,0.9941938303704002,0.1999999999999999,3.2999999999999994,tamsd,,,,,,0.29999999999999993,0.4847932573533942,0.5006548190691611,True
group2,thf,THF,group2 | THF,#c331d8,v,0.693992373046404,1.1545487145727167,0.9941938303704002,0.1999999999999999,3.2999999999999994,tamsd,,,,,,0.3999999999999999,0.5730575338711433,0.611286677987395,True
group2,thf,THF,group2 | THF,#c331d8,v,0.693992373046404,1.1545487145727167,0.9941938303704002,0.1999999999999999,3.2999999999999994,tamsd,,,,,,0.4999999999999999,0.6895049604944509,0.7136737795759831,True
group2,thf,THF,group2 | THF,#c331d8,v,0.693992373046404,1.1545487145727167,0.9941938303704002,0.1999999999999999,3.2999999999999994,tamsd,,,,,,0.5999999999999999,0.8299903623317018,0.8099364084026774,True
group2,thf,THF,group2 | THF,#c331d8,v,0.693992373046404,1.1545487145727167,0.9941938303704002,0.1999999999999999,3.2999999999999994,tamsd,,,,,,0.6999999999999998,0.9357114034594944,0.9013874005741356,True
group2,thf,THF,group2 | THF,#c331d8,v,0.693992373046404,1.1545487145727167,0.9941938303704002,0.1999999999999999,3.2999999999999994,tamsd,,,,,,0.7999999999999998,1.0260709431085648,0.988911556657004,True
group2,thf,THF,group2 | THF,#c331d8,v,0.693992373046404,1.1545487145727167,0.9941938303704002,0.1999999999999999,3.2999999999999994,tamsd,,,,,,0.8999999999999998,1.1120883755177418,1.0731413087817296,True
group2,thf,THF,group2 | THF,#c331d8,v,0.693992373046404,1.1545487145727167,0.9941938303704002,0.1999999999999999,3.2999999999999994,tamsd,,,,,,0.9999999999999998,1.1708462907760666,1.1545487145727165,True
group2,thf,THF,group2 | THF,#c331d8,v,0.693992373046404,1.1545487145727167,0.9941938303704002,0.1999999999999999,3.2999999999999994,tamsd,,,,,,1.0999999999999996,1.2503110554419274,1.2334980574591563,True
group2,thf,THF,group2 | THF,#c331d8,v,0.693992373046404,1.1545487145727167,0.9941938303704002,0.1999999999999999,3.2999999999999994,tamsd,,,,,,1.1999999999999997,1.3926488718575345,1.3102779812963483,True
group2,thf,THF,group2 | THF,#c331d8,v,0.693992373046404,1.1545487145727167,0.9941938303704002,0.1999999999999999,3.2999999999999994,tamsd,,,,,,1.2999999999999998,1.47888830287431,1.3851221667766167,True
group2,thf,THF,group2 | THF,#c331d8,v,0.693992373046404,1.1545487145727167,0.9941938303704002,0.1999999999999999,3.2999999999999994,tamsd,,,,,,1.3999999999999997,1.530985349268979,1.4582232028802038,True
group2,thf,THF,group2 | THF,#c331d8,v,0.693992373046404,1.1545487145727167,0.9941938303704002,0.1999999999999999,3.2999999999999994,tamsd,,,,,,1.4999999999999996,1.559776818669323,1.5297422189629926,True
group2,thf,THF,group2 | THF,#c331d8,v,0.693992373046404,1.1545487145727167,0.9941938303704002,0.1999999999999999,3.2999999999999994,tamsd,,,,,,1.5999999999999996,1.6076590892754041,1.5998157691078367,True
group2,thf,THF,group2 | THF,#c331d8,v,0.693992373046404,1.1545487145727167,0.9941938303704002,0.1999999999999999,3.2999999999999994,tamsd,,,,,,1.6999999999999997,1.6973702694640014,1.6685608750960517,True
group2,thf,THF,group2 | THF,#c331d8,v,0.693992373046404,1.1545487145727167,0.9941938303704002,0.1999999999999999,3.2999999999999994,tamsd,,,,,,1.7999999999999996,1.78758702330638,1.736078799679253,True
group2,thf,THF,group2 | THF,#c331d8,v,0.693992373046404,1.1545487145727167,0.9941938303704002,0.1999999999999999,3.2999999999999994,tamsd,,,,,,1.8999999999999995,1.8378701854964155,1.8024579224709907,True
group2,thf,THF,group2 | THF,#c331d8,v,0.693992373046404,1.1545487145727167,0.9941938303704002,0.1999999999999999,3.2999999999999994,tamsd,,,,,,1.9999999999999996,1.8864351464684523,1.8677759677726715,True
group2,thf,THF,group2 | THF,#c331d8,v,0.693992373046404,1.1545487145727167,0.9941938303704002,0.1999999999999999,3.2999999999999994,tamsd,,,,,,2.0999999999999996,1.9086569830532327,1.932101755396991,True
group2,thf,THF,group2 | THF,#c331d8,v,0.693992373046404,1.1545487145727167,0.9941938303704002,0.1999999999999999,3.2999999999999994,tamsd,,,,,,2.1999999999999993,1.948597783893634,1.9954965944153586,True
group2,thf,THF,group2 | THF,#c331d8,v,0.693992373046404,1.1545487145727167,0.9941938303704002,0.1999999999999999,3.2999999999999994,tamsd,,,,,,2.2999999999999994,1.9780370843270754,2.058015405533021,True
group2,thf,THF,group2 | THF,#c331d8,v,0.693992373046404,1.1545487145727167,0.9941938303704002,0.1999999999999999,3.2999999999999994,tamsd,,,,,,2.3999999999999995,2.006622943864218,2.1197076344004464,True
group2,thf,THF,group2 | THF,#c331d8,v,0.693992373046404,1.1545487145727167,0.9941938303704002,0.1999999999999999,3.2999999999999994,tamsd,,,,,,2.4999999999999996,2.066488715887687,2.1806180018681816,True
group2,thf,THF,group2 | THF,#c331d8,v,0.693992373046404,1.1545487145727167,0.9941938303704002,0.1999999999999999,3.2999999999999994,tamsd,,,,,,2.5999999999999996,2.095326675080275,2.24078712563638,True
group2,thf,THF,group2 | THF,#c331d8,v,0.693992373046404,1.1545487145727167,0.9941938303704002,0.1999999999999999,3.2999999999999994,tamsd,,,,,,2.6999999999999993,2.161923341118486,2.3002520394289374,True
group2,thf,THF,group2 | THF,#c331d8,v,0.693992373046404,1.1545487145727167,0.9941938303704002,0.1999999999999999,3.2999999999999994,tamsd,,,,,,2.7999999999999994,2.2508980575218622,2.3590466297440886,True
group2,thf,THF,group2 | THF,#c331d8,v,0.693992373046404,1.1545487145727167,0.9941938303704002,0.1999999999999999,3.2999999999999994,tamsd,,,,,,2.8999999999999995,2.377290900090417,2.417202005735242,True
group2,thf,THF,group2 | THF,#c331d8,v,0.693992373046404,1.1545487145727167,0.9941938303704002,0.1999999999999999,3.2999999999999994,tamsd,,,,,,2.999999999999999,2.494997902158212,2.474746814406818,True
group2,thf,THF,group2 | THF,#c331d8,v,0.693992373046404,1.1545487145727167,0.9941938303704002,0.1999999999999999,3.2999999999999994,tamsd,,,,,,3.099999999999999,2.5730323642223647,2.531707510758381,True
group2,thf,THF,group2 | THF,#c331d8,v,0.693992373046404,1.1545487145727167,0.9941938303704002,0.1999999999999999,3.2999999999999994,tamsd,,,,,,3.1999999999999993,2.663584852864467,2.588108590558023,True
group2,thf,THF,group2 | THF,#c331d8,v,0.693992373046404,1.1545487145727167,0.9941938303704002,0.1999999999999999,3.2999999999999994,tamsd,,,,,,3.2999999999999994,2.7715819095406102,2.6439727919178986,True
group2,toluene,toluene,group2 | toluene,#14a368,<,0.8920199874148611,1.1008872290578808,0.9959873269687466,0.1999999999999999,3.2999999999999994,displacement,0.0,22.32706467691491,21.86812621558185,24.330663686629208,0.0,,,,False
group2,toluene,toluene,group2 | toluene,#14a368,<,0.8920199874148611,1.1008872290578808,0.9959873269687466,0.1999999999999999,3.2999999999999994,displacement,0.1,22.16151957388984,21.42506813656258,24.63970107910906,0.5649865064499954,,,,False
group2,toluene,toluene,group2 | toluene,#14a368,<,0.8920199874148611,1.1008872290578808,0.9959873269687466,0.1999999999999999,3.2999999999999994,displacement,0.2,22.023301470796294,21.56637132464832,24.22485320352045,0.4410487024461981,,,,False
group2,toluene,toluene,group2 | toluene,#14a368,<,0.8920199874148611,1.1008872290578808,0.9959873269687466,0.1999999999999999,3.2999999999999994,displacement,0.3,21.803398645216173,21.21854692945572,24.317112401248615,0.8344836721318748,,,,False
group2,toluene,toluene,group2 | toluene,#14a368,<,0.8920199874148611,1.1008872290578808,0.9959873269687466,0.1999999999999999,3.2999999999999994,displacement,0.4,21.73904996528303,21.41072357989084,24.25815865343269,0.7484887788547202,,,,False
group2,toluene,toluene,group2 | toluene,#14a368,<,0.8920199874148611,1.1008872290578808,0.9959873269687466,0.1999999999999999,3.2999999999999994,displacement,0.5,21.39642909697895,21.13126675557473,24.14638076873129,1.2012512810705722,,,,False
group2,toluene,toluene,group2 | toluene,#14a368,<,0.8920199874148611,1.1008872290578808,0.9959873269687466,0.1999999999999999,3.2999999999999994,displacement,0.6,21.50255014806505,20.82365519816134,24.451573408593248,1.3361747922264322,,,,False
group2,toluene,toluene,group2 | toluene,#14a368,<,0.8920199874148611,1.1008872290578808,0.9959873269687466,0.1999999999999999,3.2999999999999994,displacement,0.7,21.54285000913362,20.68620539853973,24.257414373091425,1.4203150794294133,,,,False
group2,toluene,toluene,group2 | toluene,#14a368,<,0.8920199874148611,1.1008872290578808,0.9959873269687466,0.1999999999999999,3.2999999999999994,displacement,0.8,21.816096042086343,20.703046406588317,24.0723962828775,1.2981532879223563,,,,False
group2,toluene,toluene,group2 | toluene,#14a368,<,0.8920199874148611,1.1008872290578808,0.9959873269687466,0.1999999999999999,3.2999999999999994,displacement,0.9,21.93736628785788,20.18589311225985,24.20010548110137,1.73170970239721,,,,False
group2,toluene,toluene,group2 | toluene,#14a368,<,0.8920199874148611,1.1008872290578808,0.9959873269687466,0.1999999999999999,3.2999999999999994,displacement,1.0,21.80540037186698,20.73958996192797,23.7436367233416,1.3748921334413609,,,,False
group2,toluene,toluene,group2 | toluene,#14a368,<,0.8920199874148611,1.1008872290578808,0.9959873269687466,0.1999999999999999,3.2999999999999994,displacement,1.1,21.526916387104382,20.46290329875974,23.459237002130465,1.8369194860159783,,,,False
group2,toluene,toluene,group2 | toluene,#14a368,<,0.8920199874148611,1.1008872290578808,0.9959873269687466,0.1999999999999999,3.2999999999999994,displacement,1.2,21.769711764551893,20.92590440963316,23.500078224360337,1.3741529793502394,,,,False
group2,toluene,toluene,group2 | toluene,#14a368,<,0.8920199874148611,1.1008872290578808,0.9959873269687466,0.1999999999999999,3.2999999999999994,displacement,1.3,21.83309395370299,21.05213278772193,23.406723458268534,1.3279751109430704,,,,False
group2,toluene,toluene,group2 | toluene,#14a368,<,0.8920199874148611,1.1008872290578808,0.9959873269687466,0.1999999999999999,3.2999999999999994,displacement,1.4,21.86720030643296,20.669166591664418,23.529842183052544,1.5133718973252317,,,,False
group2,toluene,toluene,group2 | toluene,#14a368,<,0.8920199874148611,1.1008872290578808,0.9959873269687466,0.1999999999999999,3.2999999999999994,displacement,1.5,21.5870726236259,20.683086770837427,23.38727919812029,1.6857879515794036,,,,False
group2,toluene,toluene,group2 | toluene,#14a368,<,0.8920199874148611,1.1008872290578808,0.9959873269687466,0.1999999999999999,3.2999999999999994,displacement,1.6,21.812917600197093,20.432204400227626,23.655609126134795,1.6679080717929131,,,,False
group2,toluene,toluene,group2 | toluene,#14a368,<,0.8920199874148611,1.1008872290578808,0.9959873269687466,0.1999999999999999,3.2999999999999994,displacement,1.7,21.992274750862457,20.58571673984545,23.77695556334688,1.436402117734985,,,,False
group2,toluene,toluene,group2 | toluene,#14a368,<,0.8920199874148611,1.1008872290578808,0.9959873269687466,0.1999999999999999,3.2999999999999994,displacement,1.8,22.112538031187675,20.22969614400373,23.90930883681827,1.7052902071605445,,,,False
group2,toluene,toluene,group2 | toluene,#14a368,<,0.8920199874148611,1.1008872290578808,0.9959873269687466,0.1999999999999999,3.2999999999999994,displacement,1.9,22.229102514166613,20.148868324315806,23.523890301531853,1.901664422791865,,,,False
group2,toluene,toluene,group2 | toluene,#14a368,<,0.8920199874148611,1.1008872290578808,0.9959873269687466,0.1999999999999999,3.2999999999999994,displacement,2.0,22.294591609909308,20.52055643442048,23.56639385397405,1.5495506420529743,,,,False
group2,toluene,toluene,group2 | toluene,#14a368,<,0.8920199874148611,1.1008872290578808,0.9959873269687466,0.1999999999999999,3.2999999999999994,displacement,2.1,22.414716070982895,20.35936539598512,24.14382385544466,1.5228102640018288,,,,False
group2,toluene,toluene,group2 | toluene,#14a368,<,0.8920199874148611,1.1008872290578808,0.9959873269687466,0.1999999999999999,3.2999999999999994,displacement,2.2,22.78126939496373,20.686381775845675,23.613680113843827,1.4549526763401102,,,,False
group2,toluene,toluene,group2 | toluene,#14a368,<,0.8920199874148611,1.1008872290578808,0.9959873269687466,0.1999999999999999,3.2999999999999994,displacement,2.3,22.45807499325656,20.836855207522483,23.773164958465276,1.17961367699604,,,,False
group2,toluene,toluene,group2 | toluene,#14a368,<,0.8920199874148611,1.1008872290578808,0.9959873269687466,0.1999999999999999,3.2999999999999994,displacement,2.4,22.282696925571656,20.7801921838886,23.573849459050617,1.3260228994029328,,,,False
group2,toluene,toluene,group2 | toluene,#14a368,<,0.8920199874148611,1.1008872290578808,0.9959873269687466,0.1999999999999999,3.2999999999999994,displacement,2.5,22.583784940660674,20.79812094300776,23.7310010661371,1.2531607381216137,,,,False
group2,toluene,toluene,group2 | toluene,#14a368,<,0.8920199874148611,1.1008872290578808,0.9959873269687466,0.1999999999999999,3.2999999999999994,displacement,2.6,22.685147249432603,20.7049963977473,23.82689992066679,1.3171454110208738,,,,False
group2,toluene,toluene,group2 | toluene,#14a368,<,0.8920199874148611,1.1008872290578808,0.9959873269687466,0.1999999999999999,3.2999999999999994,displacement,2.7,22.192556797516485,20.761132062241973,23.6465575769676,1.308254407378498,,,,False
group2,toluene,toluene,group2 | toluene,#14a368,<,0.8920199874148611,1.1008872290578808,0.9959873269687466,0.1999999999999999,3.2999999999999994,displacement,2.8,22.275435691043405,21.1724580007496,23.593571885531887,1.0148517825549217,,,,False
group2,toluene,toluene,group2 | toluene,#14a368,<,0.8920199874148611,1.1008872290578808,0.9959873269687466,0.1999999999999999,3.2999999999999994,displacement,2.9,22.42427948654455,20.73505848222147,23.77185785291456,1.2671058232788908,,,,False
group2,toluene,toluene,group2 | toluene,#14a368,<,0.8920199874148611,1.1008872290578808,0.9959873269687466,0.1999999999999999,3.2999999999999994,displacement,3.0,22.241366619747467,20.771116035595583,23.982802583877803,1.1540289592567357,,,,False
group2,toluene,toluene,group2 | toluene,#14a368,<,0.8920199874148611,1.1008872290578808,0.9959873269687466,0.1999999999999999,3.2999999999999994,displacement,3.1,22.476460760150125,20.74879827399313,24.09660993375143,1.1532542606656278,,,,False
group2,toluene,toluene,group2 | toluene,#14a368,<,0.8920199874148611,1.1008872290578808,0.9959873269687466,0.1999999999999999,3.2999999999999994,displacement,3.2,22.75888752626405,20.599965935361105,23.76006230524839,1.4561206701311726,,,,False
group2,toluene,toluene,group2 | toluene,#14a368,<,0.8920199874148611,1.1008872290578808,0.9959873269687466,0.1999999999999999,3.2999999999999994,displacement,3.3,22.456317553043565,20.51690788324981,23.8992055018189,1.4243080610800074,,,,False
group2,toluene,toluene,group2 | toluene,#14a368,<,0.8920199874148611,1.1008872290578808,0.9959873269687466,0.1999999999999999,3.2999999999999994,displacement,3.4,22.417004807132223,20.708061439535427,23.548960277009083,1.4017488121125208,,,,False
group2,toluene,toluene,group2 | toluene,#14a368,<,0.8920199874148611,1.1008872290578808,0.9959873269687466,0.1999999999999999,3.2999999999999994,displacement,3.5,21.941714746290412,20.266566261607057,23.56288775331612,1.817407147279556,,,,False
group2,toluene,toluene,group2 | toluene,#14a368,<,0.8920199874148611,1.1008872290578808,0.9959873269687466,0.1999999999999999,3.2999999999999994,displacement,3.6,22.287818605626786,20.367509321863228,23.392740968037163,1.7700537680749586,,,,False
group2,toluene,toluene,group2 | toluene,#14a368,<,0.8920199874148611,1.1008872290578808,0.9959873269687466,0.1999999999999999,3.2999999999999994,displacement,3.7,22.354392939284622,19.961216894487396,24.256213491877585,1.908557786471138,,,,False
group2,toluene,toluene,group2 | toluene,#14a368,<,0.8920199874148611,1.1008872290578808,0.9959873269687466,0.1999999999999999,3.2999999999999994,displacement,3.8,22.166012869356877,20.0871287812814,24.171043414539845,1.7953741050166612,,,,False
group2,toluene,toluene,group2 | toluene,#14a368,<,0.8920199874148611,1.1008872290578808,0.9959873269687466,0.1999999999999999,3.2999999999999994,displacement,3.9,22.107330111613997,19.91241676229621,23.835295607232204,2.029401951054606,,,,False
group2,toluene,toluene,group2 | toluene,#14a368,<,0.8920199874148611,1.1008872290578808,0.9959873269687466,0.1999999999999999,3.2999999999999994,displacement,4.0,22.52869714718727,19.812598876187597,23.726594251190704,2.1519173262224416,,,,False
group2,toluene,toluene,group2 | toluene,#14a368,<,0.8920199874148611,1.1008872290578808,0.9959873269687466,0.1999999999999999,3.2999999999999994,displacement,4.1,22.347598387730063,19.76353702756386,23.67148425968133,2.2055010316282737,,,,False
group2,toluene,toluene,group2 | toluene,#14a368,<,0.8920199874148611,1.1008872290578808,0.9959873269687466,0.1999999999999999,3.2999999999999994,displacement,4.2,22.002359822159708,19.700254909904817,23.836922389188217,2.2469712302292915,,,,False
group2,toluene,toluene,group2 | toluene,#14a368,<,0.8920199874148611,1.1008872290578808,0.9959873269687466,0.1999999999999999,3.2999999999999994,displacement,4.3,22.282323623819217,19.613660670926077,24.12459402603701,2.264305933147892,,,,False
group2,toluene,toluene,group2 | toluene,#14a368,<,0.8920199874148611,1.1008872290578808,0.9959873269687466,0.1999999999999999,3.2999999999999994,displacement,4.4,22.00138082293003,19.442812413926752,24.088029981578867,2.459082781053046,,,,False
group2,toluene,toluene,group2 | toluene,#14a368,<,0.8920199874148611,1.1008872290578808,0.9959873269687466,0.1999999999999999,3.2999999999999994,displacement,4.5,22.1809713434348,19.42903087089977,23.981965474417358,2.468221992799037,,,,False
group2,toluene,toluene,group2 | toluene,#14a368,<,0.8920199874148611,1.1008872290578808,0.9959873269687466,0.1999999999999999,3.2999999999999994,displacement,4.6,22.71602966218049,19.78170271385891,23.92229468125813,2.16130100468496,,,,False
group2,toluene,toluene,group2 | toluene,#14a368,<,0.8920199874148611,1.1008872290578808,0.9959873269687466,0.1999999999999999,3.2999999999999994,displacement,4.7,22.400055839427253,19.232640841546225,23.914724091771436,2.669104084356965,,,,False
group2,toluene,toluene,group2 | toluene,#14a368,<,0.8920199874148611,1.1008872290578808,0.9959873269687466,0.1999999999999999,3.2999999999999994,displacement,4.8,22.167070516368074,19.0732798121106,24.306534674356463,2.799526166985851,,,,False
group2,toluene,toluene,group2 | toluene,#14a368,<,0.8920199874148611,1.1008872290578808,0.9959873269687466,0.1999999999999999,3.2999999999999994,displacement,4.9,22.36851586869323,18.883599369835625,24.34898742150612,2.98487092745056,,,,False
group2,toluene,toluene,group2 | toluene,#14a368,<,0.8920199874148611,1.1008872290578808,0.9959873269687466,0.1999999999999999,3.2999999999999994,displacement,5.0,22.442562055176158,19.449818119364764,24.32454964713989,2.421072298402752,,,,False
group2,toluene,toluene,group2 | toluene,#14a368,<,0.8920199874148611,1.1008872290578808,0.9959873269687466,0.1999999999999999,3.2999999999999994,displacement,5.1,22.15155476744868,19.335430818699425,24.339642711775102,2.5387852064723435,,,,False
group2,toluene,toluene,group2 | toluene,#14a368,<,0.8920199874148611,1.1008872290578808,0.9959873269687466,0.1999999999999999,3.2999999999999994,displacement,5.2,22.187977885914776,19.36250059406873,24.59901573348093,2.523790346218003,,,,False
group2,toluene,toluene,group2 | toluene,#14a368,<,0.8920199874148611,1.1008872290578808,0.9959873269687466,0.1999999999999999,3.2999999999999994,displacement,5.3,22.13240118580005,19.360531820320727,24.987161894011795,2.5994063595780004,,,,False
group2,toluene,toluene,group2 | toluene,#14a368,<,0.8920199874148611,1.1008872290578808,0.9959873269687466,0.1999999999999999,3.2999999999999994,displacement,5.4,22.24094414388259,19.236206288957632,24.877656816782945,2.6895391298151363,,,,False
group2,toluene,toluene,group2 | toluene,#14a368,<,0.8920199874148611,1.1008872290578808,0.9959873269687466,0.1999999999999999,3.2999999999999994,displacement,5.5,22.222277995911234,19.320977528088186,24.71899939758908,2.5787111721019023,,,,False
group2,toluene,toluene,group2 | toluene,#14a368,<,0.8920199874148611,1.1008872290578808,0.9959873269687466,0.1999999999999999,3.2999999999999994,displacement,5.6,22.23594342242493,19.30869478163174,24.957489536241717,2.63664616394657,,,,False
group2,toluene,toluene,group2 | toluene,#14a368,<,0.8920199874148611,1.1008872290578808,0.9959873269687466,0.1999999999999999,3.2999999999999994,displacement,5.7,22.01873052030668,19.116054870861383,25.048021196955435,2.8606936984207603,,,,False
group2,toluene,toluene,group2 | toluene,#14a368,<,0.8920199874148611,1.1008872290578808,0.9959873269687466,0.1999999999999999,3.2999999999999994,displacement,5.8,22.1758155940441,19.34089579931825,25.03872684327158,2.6289015378578724,,,,False
group2,toluene,toluene,group2 | toluene,#14a368,<,0.8920199874148611,1.1008872290578808,0.9959873269687466,0.1999999999999999,3.2999999999999994,displacement,5.9,22.16708272388553,18.987735607516747,24.59060619494653,2.896517631217705,,,,False
group2,toluene,toluene,group2 | toluene,#14a368,<,0.8920199874148611,1.1008872290578808,0.9959873269687466,0.1999999999999999,3.2999999999999994,displacement,6.0,22.340113250769647,19.48643920229381,24.38983733978989,2.382457725915176,,,,False
group2,toluene,toluene,group2 | toluene,#14a368,<,0.8920199874148611,1.1008872290578808,0.9959873269687466,0.1999999999999999,3.2999999999999994,displacement,6.1,22.288034748138035,19.435810076951093,24.19963142875385,2.43615569826476,,,,False
group2,toluene,toluene,group2 | toluene,#14a368,<,0.8920199874148611,1.1008872290578808,0.9959873269687466,0.1999999999999999,3.2999999999999994,displacement,6.2,22.47517705225819,19.33060085031049,23.622708784820137,2.638592882223563,,,,False
group2,toluene,toluene,group2 | toluene,#14a368,<,0.8920199874148611,1.1008872290578808,0.9959873269687466,0.1999999999999999,3.2999999999999994,displacement,6.3,22.330110934416677,19.556901447799724,23.731722649510942,2.3875718989882992,,,,False
group2,toluene,toluene,group2 | toluene,#14a368,<,0.8920199874148611,1.1008872290578808,0.9959873269687466,0.1999999999999999,3.2999999999999994,displacement,6.4,22.42139700078132,19.85921944677102,23.64333860115322,2.1253283902081006,,,,False
group2,toluene,toluene,group2 | toluene,#14a368,<,0.8920199874148611,1.1008872290578808,0.9959873269687466,0.1999999999999999,3.2999999999999994,displacement,6.5,22.93527784604921,19.621009217380525,23.81605082148432,2.384173748636273,,,,False
group2,toluene,toluene,group2 | toluene,#14a368,<,0.8920199874148611,1.1008872290578808,0.9959873269687466,0.1999999999999999,3.2999999999999994,displacement,6.6,22.67626285782521,19.17796707715398,23.71764799343326,2.781129950168192,,,,False
group2,toluene,toluene,group2 | toluene,#14a368,<,0.8920199874148611,1.1008872290578808,0.9959873269687466,0.1999999999999999,3.2999999999999994,displacement,6.7,22.742630190857238,19.158252144791952,23.638206431328346,2.827650831757051,,,,False
group2,toluene,toluene,group2 | toluene,#14a368,<,0.8920199874148611,1.1008872290578808,0.9959873269687466,0.1999999999999999,3.2999999999999994,displacement,6.8,22.61991925350296,19.58338676497157,23.582944455327365,2.421751888419233,,,,False
group2,toluene,toluene,group2 | toluene,#14a368,<,0.8920199874148611,1.1008872290578808,0.9959873269687466,0.1999999999999999,3.2999999999999994,displacement,6.9,22.577360393700324,19.335667935711005,23.80430321937741,2.5986627766243613,,,,False
group2,toluene,toluene,group2 | toluene,#14a368,<,0.8920199874148611,1.1008872290578808,0.9959873269687466,0.1999999999999999,3.2999999999999994,displacement,7.0,22.84372134188204,19.741299394871348,24.080539314496093,2.202927288015531,,,,False
group2,toluene,toluene,group2 | toluene,#14a368,<,0.8920199874148611,1.1008872290578808,0.9959873269687466,0.1999999999999999,3.2999999999999994,displacement,7.1,22.972211971461384,19.47188688254512,24.38223501812889,2.482103457772373,,,,False
group2,toluene,toluene,group2 | toluene,#14a368,<,0.8920199874148611,1.1008872290578808,0.9959873269687466,0.1999999999999999,3.2999999999999994,displacement,7.2,22.898525625983016,19.39269230712597,24.345408505442617,2.5405822287666293,,,,False
group2,toluene,toluene,group2 | toluene,#14a368,<,0.8920199874148611,1.1008872290578808,0.9959873269687466,0.1999999999999999,3.2999999999999994,displacement,7.3,23.088638435529266,19.59466604521931,24.58795652702257,2.411392821950113,,,,False
group2,toluene,toluene,group2 | toluene,#14a368,<,0.8920199874148611,1.1008872290578808,0.9959873269687466,0.1999999999999999,3.2999999999999994,displacement,7.4,23.1971121526042,19.511342749418645,24.95632976989074,2.5889899505554985,,,,False
group2,toluene,toluene,group2 | toluene,#14a368,<,0.8920199874148611,1.1008872290578808,0.9959873269687466,0.1999999999999999,3.2999999999999994,displacement,7.5,23.409601376875266,19.284530786323277,24.857274041599428,2.850292882285732,,,,False
group2,toluene,toluene,group2 | toluene,#14a368,<,0.8920199874148611,1.1008872290578808,0.9959873269687466,0.1999999999999999,3.2999999999999994,displacement,7.6,23.29460164318994,19.257365315512075,24.249668344503185,2.7854551699655685,,,,False
group2,toluene,toluene,group2 | toluene,#14a368,<,0.8920199874148611,1.1008872290578808,0.9959873269687466,0.1999999999999999,3.2999999999999994,displacement,7.7,23.413560490589436,18.67132139419427,24.63002314278889,3.3896386685266817,,,,False
group2,toluene,toluene,group2 | toluene,#14a368,<,0.8920199874148611,1.1008872290578808,0.9959873269687466,0.1999999999999999,3.2999999999999994,displacement,7.8,23.723362251472874,18.683225947957258,24.52644042054124,3.4830396438991165,,,,False
group2,toluene,toluene,group2 | toluene,#14a368,<,0.8920199874148611,1.1008872290578808,0.9959873269687466,0.1999999999999999,3.2999999999999994,displacement,7.9,23.65003747619001,18.30700358965552,24.550077604194417,3.805258710222936,,,,False
group2,toluene,toluene,group2 | toluene,#14a368,<,0.8920199874148611,1.1008872290578808,0.9959873269687466,0.1999999999999999,3.2999999999999994,displacement,8.0,23.787902347283875,18.200199928070894,24.89130231234929,3.987736904364701,,,,False
group2,toluene,toluene,group2 | toluene,#14a368,<,0.8920199874148611,1.1008872290578808,0.9959873269687466,0.1999999999999999,3.2999999999999994,displacement,8.1,23.520141525923737,18.23779112447077,24.828478654202083,3.8536456743365584,,,,False
group2,toluene,toluene,group2 | toluene,#14a368,<,0.8920199874148611,1.1008872290578808,0.9959873269687466,0.1999999999999999,3.2999999999999994,displacement,8.2,23.252722943462626,18.169533923495354,25.129825698321984,3.895521542803039,,,,False
group2,toluene,toluene,group2 | toluene,#14a368,<,0.8920199874148611,1.1008872290578808,0.9959873269687466,0.1999999999999999,3.2999999999999994,displacement,8.3,22.907821462451395,18.062685625899213,25.2989396242761,3.969409882712636,,,,False
group2,toluene,toluene,group2 | toluene,#14a368,<,0.8920199874148611,1.1008872290578808,0.9959873269687466,0.1999999999999999,3.2999999999999994,displacement,8.4,23.241781314654304,18.036262107479008,25.29011368954387,4.054680428642554,,,,False
group2,toluene,toluene,group2 | toluene,#14a368,<,0.8920199874148611,1.1008872290578808,0.9959873269687466,0.1999999999999999,3.2999999999999994,displacement,8.5,23.24216786086136,17.76404165914976,24.98230913559243,4.255063533575938,,,,False
group2,toluene,toluene,group2 | toluene,#14a368,<,0.8920199874148611,1.1008872290578808,0.9959873269687466,0.1999999999999999,3.2999999999999994,displacement,8.6,23.17121864562626,17.858156103575244,25.179227499539657,4.184795905018366,,,,False
group2,toluene,toluene,group2 | toluene,#14a368,<,0.8920199874148611,1.1008872290578808,0.9959873269687466,0.1999999999999999,3.2999999999999994,displacement,8.7,23.26981804933,17.88540534598513,25.2517475727657,4.195145405301411,,,,False
group2,toluene,toluene,group2 | toluene,#14a368,<,0.8920199874148611,1.1008872290578808,0.9959873269687466,0.1999999999999999,3.2999999999999994,displacement,8.8,23.27627594476315,17.665016480831042,25.46458010744669,4.455659314037212,,,,False
group2,toluene,toluene,group2 | toluene,#14a368,<,0.8920199874148611,1.1008872290578808,0.9959873269687466,0.1999999999999999,3.2999999999999994,displacement,8.9,23.320250970889717,17.540378520653622,25.264363127995445,4.537357575980052,,,,False
group2,toluene,toluene,group2 | toluene,#14a368,<,0.8920199874148611,1.1008872290578808,0.9959873269687466,0.1999999999999999,3.2999999999999994,displacement,9.0,23.15125408489343,17.60014178994183,25.48856796068496,4.498413225305819,,,,False
group2,toluene,toluene,group2 | toluene,#14a368,<,0.8920199874148611,1.1008872290578808,0.9959873269687466,0.1999999999999999,3.2999999999999994,displacement,9.1,22.950434519507272,17.649700923533054,25.183061116279607,4.348595552971691,,,,False
group2,toluene,toluene,group2 | toluene,#14a368,<,0.8920199874148611,1.1008872290578808,0.9959873269687466,0.1999999999999999,3.2999999999999994,displacement,9.2,23.05532369391982,17.70861231547095,25.224548909482365,4.3163581724296165,,,,False
group2,toluene,toluene,group2 | toluene,#14a368,<,0.8920199874148611,1.1008872290578808,0.9959873269687466,0.1999999999999999,3.2999999999999994,displacement,9.3,23.011863192695312,17.783162741190903,25.32113998262824,4.258746163750444,,,,False
group2,toluene,toluene,group2 | toluene,#14a368,<,0.8920199874148611,1.1008872290578808,0.9959873269687466,0.1999999999999999,3.2999999999999994,displacement,9.4,22.82751065352882,17.677084017873085,25.504651799998385,4.381041995783269,,,,False
group2,toluene,toluene,group2 | toluene,#14a368,<,0.8920199874148611,1.1008872290578808,0.9959873269687466,0.1999999999999999,3.2999999999999994,displacement,9.5,23.181004412595723,18.10880271786373,25.90015674751288,4.1623352460886895,,,,False
group2,toluene,toluene,group2 | toluene,#14a368,<,0.8920199874148611,1.1008872290578808,0.9959873269687466,0.1999999999999999,3.2999999999999994,displacement,9.6,22.817999049681102,17.62079447246462,25.229299022959847,4.369026088518656,,,,False
group2,toluene,toluene,group2 | toluene,#14a368,<,0.8920199874148611,1.1008872290578808,0.9959873269687466,0.1999999999999999,3.2999999999999994,displacement,9.7,22.751007960215777,17.711579968554048,25.38833029451785,4.309902929832579,,,,False
group2,toluene,toluene,group2 | toluene,#14a368,<,0.8920199874148611,1.1008872290578808,0.9959873269687466,0.1999999999999999,3.2999999999999994,displacement,9.8,22.85908502230887,17.51550532523054,25.86140487323149,4.644515350754722,,,,False
group2,toluene,toluene,group2 | toluene,#14a368,<,0.8920199874148611,1.1008872290578808,0.9959873269687466,0.1999999999999999,3.2999999999999994,displacement,9.9,22.59763877704409,17.53085469347427,26.00822199723216,4.658254660880951,,,,False
group2,toluene,toluene,group2 | toluene,#14a368,<,0.8920199874148611,1.1008872290578808,0.9959873269687466,0.1999999999999999,3.2999999999999994,displacement,10.0,22.91527296089496,17.329287259870295,25.86732056472645,4.827873487595864,,,,False
group2,toluene,toluene,group2 | toluene,#14a368,<,0.8920199874148611,1.1008872290578808,0.9959873269687466,0.1999999999999999,3.2999999999999994,tamsd,,,,,,0.09999999999999998,0.18255404364024413,0.14116363930299466,False
group2,toluene,toluene,group2 | toluene,#14a368,<,0.8920199874148611,1.1008872290578808,0.9959873269687466,0.1999999999999999,3.2999999999999994,tamsd,,,,,,0.19999999999999996,0.2750746174947488,0.26196762283482194,True
group2,toluene,toluene,group2 | toluene,#14a368,<,0.8920199874148611,1.1008872290578808,0.9959873269687466,0.1999999999999999,3.2999999999999994,tamsd,,,,,,0.29999999999999993,0.3659688273459695,0.37611836703397206,True
group2,toluene,toluene,group2 | toluene,#14a368,<,0.8920199874148611,1.1008872290578808,0.9959873269687466,0.1999999999999999,3.2999999999999994,tamsd,,,,,,0.3999999999999999,0.4599302115351818,0.48615235306045046,True
group2,toluene,toluene,group2 | toluene,#14a368,<,0.8920199874148611,1.1008872290578808,0.9959873269687466,0.1999999999999999,3.2999999999999994,tamsd,,,,,,0.4999999999999999,0.5605281148300505,0.5932231091549329,True
group2,toluene,toluene,group2 | toluene,#14a368,<,0.8920199874148611,1.1008872290578808,0.9959873269687466,0.1999999999999999,3.2999999999999994,tamsd,,,,,,0.5999999999999999,0.671317908381433,0.6979901836117829,True
group2,toluene,toluene,group2 | toluene,#14a368,<,0.8920199874148611,1.1008872290578808,0.9959873269687466,0.1999999999999999,3.2999999999999994,tamsd,,,,,,0.6999999999999998,0.7909623631538907,0.8008795222258243,True
group2,toluene,toluene,group2 | toluene,#14a368,<,0.8920199874148611,1.1008872290578808,0.9959873269687466,0.1999999999999999,3.2999999999999994,tamsd,,,,,,0.7999999999999998,0.8728052258054638,0.9021882468858932,True
group2,toluene,toluene,group2 | toluene,#14a368,<,0.8920199874148611,1.1008872290578808,0.9959873269687466,0.1999999999999999,3.2999999999999994,tamsd,,,,,,0.8999999999999998,0.9964703953442128,1.002135016628894,True
group2,toluene,toluene,group2 | toluene,#14a368,<,0.8920199874148611,1.1008872290578808,0.9959873269687466,0.1999999999999999,3.2999999999999994,tamsd,,,,,,0.9999999999999998,1.08708362727088,1.1008872290578806,True
group2,toluene,toluene,group2 | toluene,#14a368,<,0.8920199874148611,1.1008872290578808,0.9959873269687466,0.1999999999999999,3.2999999999999994,tamsd,,,,,,1.0999999999999996,1.217917843602828,1.1985769905989112,True
group2,toluene,toluene,group2 | toluene,#14a368,<,0.8920199874148611,1.1008872290578808,0.9959873269687466,0.1999999999999999,3.2999999999999994,tamsd,,,,,,1.1999999999999997,1.3008731216388598,1.2953111018223848,True
group2,toluene,toluene,group2 | toluene,#14a368,<,0.8920199874148611,1.1008872290578808,0.9959873269687466,0.1999999999999999,3.2999999999999994,tamsd,,,,,,1.2999999999999998,1.4299264885686156,1.3911776163303615,True
group2,toluene,toluene,group2 | toluene,#14a368,<,0.8920199874148611,1.1008872290578808,0.9959873269687466,0.1999999999999999,3.2999999999999994,tamsd,,,,,,1.3999999999999997,1.5449253201825335,1.4862503237413798,True
group2,toluene,toluene,group2 | toluene,#14a368,<,0.8920199874148611,1.1008872290578808,0.9959873269687466,0.1999999999999999,3.2999999999999994,tamsd,,,,,,1.4999999999999996,1.6543558448817457,1.5805919159058959,True
group2,toluene,toluene,group2 | toluene,#14a368,<,0.8920199874148611,1.1008872290578808,0.9959873269687466,0.1999999999999999,3.2999999999999994,tamsd,,,,,,1.5999999999999996,1.767999256754006,1.6742562854937608,True
group2,toluene,toluene,group2 | toluene,#14a368,<,0.8920199874148611,1.1008872290578808,0.9959873269687466,0.1999999999999999,3.2999999999999994,tamsd,,,,,,1.6999999999999997,1.868099762377499,1.7672902342659174,True
group2,toluene,toluene,group2 | toluene,#14a368,<,0.8920199874148611,1.1008872290578808,0.9959873269687466,0.1999999999999999,3.2999999999999994,tamsd,,,,,,1.7999999999999996,1.9801441587745325,1.8597347685427439,True
group2,toluene,toluene,group2 | toluene,#14a368,<,0.8920199874148611,1.1008872290578808,0.9959873269687466,0.1999999999999999,3.2999999999999994,tamsd,,,,,,1.8999999999999995,2.088545174271755,1.9516260990715262,True
group2,toluene,toluene,group2 | toluene,#14a368,<,0.8920199874148611,1.1008872290578808,0.9959873269687466,0.1999999999999999,3.2999999999999994,tamsd,,,,,,1.9999999999999996,2.1405003472027873,2.0429964247839356,True
group2,toluene,toluene,group2 | toluene,#14a368,<,0.8920199874148611,1.1008872290578808,0.9959873269687466,0.1999999999999999,3.2999999999999994,tamsd,,,,,,2.0999999999999996,2.227434097759711,2.13387455564228,True
group2,toluene,toluene,group2 | toluene,#14a368,<,0.8920199874148611,1.1008872290578808,0.9959873269687466,0.1999999999999999,3.2999999999999994,tamsd,,,,,,2.1999999999999993,2.2911726301279307,2.2242864137114275,True
group2,toluene,toluene,group2 | toluene,#14a368,<,0.8920199874148611,1.1008872290578808,0.9959873269687466,0.1999999999999999,3.2999999999999994,tamsd,,,,,,2.2999999999999994,2.3593807660324204,2.314255440724709,True
group2,toluene,toluene,group2 | toluene,#14a368,<,0.8920199874148611,1.1008872290578808,0.9959873269687466,0.1999999999999999,3.2999999999999994,tamsd,,,,,,2.3999999999999995,2.4252960042860248,2.4038029329041644,True
group2,toluene,toluene,group2 | toluene,#14a368,<,0.8920199874148611,1.1008872290578808,0.9959873269687466,0.1999999999999999,3.2999999999999994,tamsd,,,,,,2.4999999999999996,2.4988137455149104,2.4929483185120747,True
group2,toluene,toluene,group2 | toluene,#14a368,<,0.8920199874148611,1.1008872290578808,0.9959873269687466,0.1999999999999999,3.2999999999999994,tamsd,,,,,,2.5999999999999996,2.570316190926209,2.5817093898297325,True
group2,toluene,toluene,group2 | toluene,#14a368,<,0.8920199874148611,1.1008872290578808,0.9959873269687466,0.1999999999999999,3.2999999999999994,tamsd,,,,,,2.6999999999999993,2.625137402141398,2.670102498512349,True
group2,toluene,toluene,group2 | toluene,#14a368,<,0.8920199874148611,1.1008872290578808,0.9959873269687466,0.1999999999999999,3.2999999999999994,tamsd,,,,,,2.7999999999999994,2.6532345990481323,2.7581427212450325,True
group2,toluene,toluene,group2 | toluene,#14a368,<,0.8920199874148611,1.1008872290578808,0.9959873269687466,0.1999999999999999,3.2999999999999994,tamsd,,,,,,2.8999999999999995,2.7371283993595608,2.845844001114648,True
group2,toluene,toluene,group2 | toluene,#14a368,<,0.8920199874148611,1.1008872290578808,0.9959873269687466,0.1999999999999999,3.2999999999999994,tamsd,,,,,,2.999999999999999,2.788375320405256,2.9332192689723358,True
group2,toluene,toluene,group2 | toluene,#14a368,<,0.8920199874148611,1.1008872290578808,0.9959873269687466,0.1999999999999999,3.2999999999999994,tamsd,,,,,,3.099999999999999,2.865172871138911,3.0202805481914394,True
group2,toluene,toluene,group2 | toluene,#14a368,<,0.8920199874148611,1.1008872290578808,0.9959873269687466,0.1999999999999999,3.2999999999999994,tamsd,,,,,,3.1999999999999993,2.9319290862950553,3.1070390455550907,True
group2,toluene,toluene,group2 | toluene,#14a368,<,0.8920199874148611,1.1008872290578808,0.9959873269687466,0.1999999999999999,3.2999999999999994,tamsd,,,,,,3.2999999999999994,2.982626324225368,3.193505230486018,True
group3,acetone_5_n-heptane_95,acetone 5% / n-heptane 95%,group3 | acetone 5% / n-heptane 95%,#8718bf,v,0.8605630299921845,1.9843395971489668,0.9942012760545675,0.1999999999999999,3.2999999999999994,displacement,0.0,23.82706467691491,23.36812621558184,25.830663686629208,0.0,,,,False
group3,acetone_5_n-heptane_95,acetone 5% / n-heptane 95%,group3 | acetone 5% / n-heptane 95%,#8718bf,v,0.8605630299921845,1.9843395971489668,0.9942012760545675,0.1999999999999999,3.2999999999999994,displacement,0.1,23.83761637839853,23.029831100149057,25.42098746999543,0.53140335528226,,,,False
group3,acetone_5_n-heptane_95,acetone 5% / n-heptane 95%,group3 | acetone 5% / n-heptane 95%,#8718bf,v,0.8605630299921845,1.9843395971489668,0.9942012760545675,0.1999999999999999,3.2999999999999994,displacement,0.2,23.96318322043497,23.15314102805593,25.71111815862656,0.2811370164368311,,,,False
group3,acetone_5_n-heptane_95,acetone 5% / n-heptane 95%,group3 | acetone 5% / n-heptane 95%,#8718bf,v,0.8605630299921845,1.9843395971489668,0.9942012760545675,0.1999999999999999,3.2999999999999994,displacement,0.3,23.79633220323612,23.33290645295318,25.382966184323827,0.4501310589023087,,,,False
group3,acetone_5_n-heptane_95,acetone 5% / n-heptane 95%,group3 | acetone 5% / n-heptane 95%,#8718bf,v,0.8605630299921845,1.9843395971489668,0.9942012760545675,0.1999999999999999,3.2999999999999994,displacement,0.4,23.987372960745024,22.92163846208384,25.29846786332726,0.7129393061322133,,,,False
group3,acetone_5_n-heptane_95,acetone 5% / n-heptane 95%,group3 | acetone 5% / n-heptane 95%,#8718bf,v,0.8605630299921845,1.9843395971489668,0.9942012760545675,0.1999999999999999,3.2999999999999994,displacement,0.5,23.92945326392624,22.80872289225112,24.80233599911951,1.175105669207103,,,,False
group3,acetone_5_n-heptane_95,acetone 5% / n-heptane 95%,group3 | acetone 5% / n-heptane 95%,#8718bf,v,0.8605630299921845,1.9843395971489668,0.9942012760545675,0.1999999999999999,3.2999999999999994,displacement,0.6,23.35728686965465,22.777162194909664,25.045773030885226,1.0890284676708395,,,,False
group3,acetone_5_n-heptane_95,acetone 5% / n-heptane 95%,group3 | acetone 5% / n-heptane 95%,#8718bf,v,0.8605630299921845,1.9843395971489668,0.9942012760545675,0.1999999999999999,3.2999999999999994,displacement,0.7,23.21920114614709,23.14695144492225,25.32186941022708,0.8229750706512392,,,,False
group3,acetone_5_n-heptane_95,acetone 5% / n-heptane 95%,group3 | acetone 5% / n-heptane 95%,#8718bf,v,0.8605630299921845,1.9843395971489668,0.9942012760545675,0.1999999999999999,3.2999999999999994,displacement,0.8,23.426988731701297,23.077587013454984,25.535524447778094,0.5758306697464886,,,,False
group3,acetone_5_n-heptane_95,acetone 5% / n-heptane 95%,group3 | acetone 5% / n-heptane 95%,#8718bf,v,0.8605630299921845,1.9843395971489668,0.9942012760545675,0.1999999999999999,3.2999999999999994,displacement,0.9,23.834869235585646,22.754602066331437,26.013447186958157,0.6402207438391704,,,,False
group3,acetone_5_n-heptane_95,acetone 5% / n-heptane 95%,group3 | acetone 5% / n-heptane 95%,#8718bf,v,0.8605630299921845,1.9843395971489668,0.9942012760545675,0.1999999999999999,3.2999999999999994,displacement,1.0,23.527381043688276,23.11957120002947,25.589795479495056,0.4578289735132306,,,,False
group3,acetone_5_n-heptane_95,acetone 5% / n-heptane 95%,group3 | acetone 5% / n-heptane 95%,#8718bf,v,0.8605630299921845,1.9843395971489668,0.9942012760545675,0.1999999999999999,3.2999999999999994,displacement,1.1,23.919079510714475,22.909951007360974,25.3481303713324,0.6717362960557695,,,,False
group3,acetone_5_n-heptane_95,acetone 5% / n-heptane 95%,group3 | acetone 5% / n-heptane 95%,#8718bf,v,0.8605630299921845,1.9843395971489668,0.9942012760545675,0.1999999999999999,3.2999999999999994,displacement,1.2,23.952690599353947,23.306271494408385,25.552870736048547,0.3110897013924018,,,,False
group3,acetone_5_n-heptane_95,acetone 5% / n-heptane 95%,group3 | acetone 5% / n-heptane 95%,#8718bf,v,0.8605630299921845,1.9843395971489668,0.9942012760545675,0.1999999999999999,3.2999999999999994,displacement,1.3,23.85570794693802,23.225621410521665,25.36667110982169,0.4862274855613683,,,,False
group3,acetone_5_n-heptane_95,acetone 5% / n-heptane 95%,group3 | acetone 5% / n-heptane 95%,#8718bf,v,0.8605630299921845,1.9843395971489668,0.9942012760545675,0.1999999999999999,3.2999999999999994,displacement,1.4,23.92951507226958,23.39840774445761,25.10881231986073,0.729713950945783,,,,False
group3,acetone_5_n-heptane_95,acetone 5% / n-heptane 95%,group3 | acetone 5% / n-heptane 95%,#8718bf,v,0.8605630299921845,1.9843395971489668,0.9942012760545675,0.1999999999999999,3.2999999999999994,displacement,1.5,24.04305563066188,22.6733215434572,25.0251733271384,1.085458586837556,,,,False
group3,acetone_5_n-heptane_95,acetone 5% / n-heptane 95%,group3 | acetone 5% / n-heptane 95%,#8718bf,v,0.8605630299921845,1.9843395971489668,0.9942012760545675,0.1999999999999999,3.2999999999999994,displacement,1.6,23.9343660028466,23.151952975115886,24.57482786784876,1.2788150953801782,,,,False
group3,acetone_5_n-heptane_95,acetone 5% / n-heptane 95%,group3 | acetone 5% / n-heptane 95%,#8718bf,v,0.8605630299921845,1.9843395971489668,0.9942012760545675,0.1999999999999999,3.2999999999999994,displacement,1.7,24.144973159884746,23.30079387010864,24.62702217038529,1.2467366794624497,,,,False
group3,acetone_5_n-heptane_95,acetone 5% / n-heptane 95%,group3 | acetone 5% / n-heptane 95%,#8718bf,v,0.8605630299921845,1.9843395971489668,0.9942012760545675,0.1999999999999999,3.2999999999999994,displacement,1.8,24.060167387390845,22.761326042918306,25.15509099614992,0.937518950900276,,,,False
group3,acetone_5_n-heptane_95,acetone 5% / n-heptane 95%,group3 | acetone 5% / n-heptane 95%,#8718bf,v,0.8605630299921845,1.9843395971489668,0.9942012760545675,0.1999999999999999,3.2999999999999994,displacement,1.9,24.198226129593987,22.994741850068323,25.038128782986806,0.9514663850374554,,,,False
group3,acetone_5_n-heptane_95,acetone 5% / n-heptane 95%,group3 | acetone 5% / n-heptane 95%,#8718bf,v,0.8605630299921845,1.9843395971489668,0.9942012760545675,0.1999999999999999,3.2999999999999994,displacement,2.0,23.99038752915524,22.779807341007967,25.51646549108911,0.6866687398771232,,,,False
group3,acetone_5_n-heptane_95,acetone 5% / n-heptane 95%,group3 | acetone 5% / n-heptane 95%,#8718bf,v,0.8605630299921845,1.9843395971489668,0.9942012760545675,0.1999999999999999,3.2999999999999994,displacement,2.1,24.242708500034304,23.168872594194525,25.3717908598096,0.6504045391344412,,,,False
group3,acetone_5_n-heptane_95,acetone 5% / n-heptane 95%,group3 | acetone 5% / n-heptane 95%,#8718bf,v,0.8605630299921845,1.9843395971489668,0.9942012760545675,0.1999999999999999,3.2999999999999994,displacement,2.2,23.583131695354343,22.676891324764323,24.70987381414548,1.339208315400792,,,,False
group3,acetone_5_n-heptane_95,acetone 5% / n-heptane 95%,group3 | acetone 5% / n-heptane 95%,#8718bf,v,0.8605630299921845,1.9843395971489668,0.9942012760545675,0.1999999999999999,3.2999999999999994,displacement,2.3,23.562976342705557,23.034169138585018,24.91312290109602,1.0115093032980929,,,,False
group3,acetone_5_n-heptane_95,acetone 5% / n-heptane 95%,group3 | acetone 5% / n-heptane 95%,#8718bf,v,0.8605630299921845,1.9843395971489668,0.9942012760545675,0.1999999999999999,3.2999999999999994,displacement,2.4,23.4938201661494,23.291712444785265,25.267037906358915,0.6592154340638515,,,,False
group3,acetone_5_n-heptane_95,acetone 5% / n-heptane 95%,group3 | acetone 5% / n-heptane 95%,#8718bf,v,0.8605630299921845,1.9843395971489668,0.9942012760545675,0.1999999999999999,3.2999999999999994,displacement,2.5,23.486807489026692,23.2137534683449,24.84389636737978,1.0551377357187912,,,,False
group3,acetone_5_n-heptane_95,acetone 5% / n-heptane 95%,group3 | acetone 5% / n-heptane 95%,#8718bf,v,0.8605630299921845,1.9843395971489668,0.9942012760545675,0.1999999999999999,3.2999999999999994,displacement,2.6,23.287336824056137,23.294402401342456,24.57150835545936,1.371937864464347,,,,False
group3,acetone_5_n-heptane_95,acetone 5% / n-heptane 95%,group3 | acetone 5% / n-heptane 95%,#8718bf,v,0.8605630299921845,1.9843395971489668,0.9942012760545675,0.1999999999999999,3.2999999999999994,displacement,2.7,22.98421957329125,23.097868134695915,24.66058366289874,1.4671450374518586,,,,False
group3,acetone_5_n-heptane_95,acetone 5% / n-heptane 95%,group3 | acetone 5% / n-heptane 95%,#8718bf,v,0.8605630299921845,1.9843395971489668,0.9942012760545675,0.1999999999999999,3.2999999999999994,displacement,2.8,23.298721364918716,23.243387514259968,24.349487491147197,1.57752632973309,,,,False
group3,acetone_5_n-heptane_95,acetone 5% / n-heptane 95%,group3 | acetone 5% / n-heptane 95%,#8718bf,v,0.8605630299921845,1.9843395971489668,0.9942012760545675,0.1999999999999999,3.2999999999999994,displacement,2.9,23.284408572993264,23.048159487865597,24.303558018909087,1.6519400940566162,,,,False
group3,acetone_5_n-heptane_95,acetone 5% / n-heptane 95%,group3 | acetone 5% / n-heptane 95%,#8718bf,v,0.8605630299921845,1.9843395971489668,0.9942012760545675,0.1999999999999999,3.2999999999999994,displacement,3.0,23.57085031190232,23.24754303147079,24.21884778469469,1.6365013311507364,,,,False
group3,acetone_5_n-heptane_95,acetone 5% / n-heptane 95%,group3 | acetone 5% / n-heptane 95%,#8718bf,v,0.8605630299921845,1.9843395971489668,0.9942012760545675,0.1999999999999999,3.2999999999999994,displacement,3.1,23.5733028481406,22.72225696988938,24.263069399041388,1.7143202730972398,,,,False
group3,acetone_5_n-heptane_95,acetone 5% / n-heptane 95%,group3 | acetone 5% / n-heptane 95%,#8718bf,v,0.8605630299921845,1.9843395971489668,0.9942012760545675,0.1999999999999999,3.2999999999999994,displacement,3.2,23.756834926207542,23.3706317948964,23.99183367803818,1.840172355054548,,,,False
group3,acetone_5_n-heptane_95,acetone 5% / n-heptane 95%,group3 | acetone 5% / n-heptane 95%,#8718bf,v,0.8605630299921845,1.9843395971489668,0.9942012760545675,0.1999999999999999,3.2999999999999994,displacement,3.3,23.997006836486904,23.231047766545945,23.89422418919298,1.94870951299088,,,,False
group3,acetone_5_n-heptane_95,acetone 5% / n-heptane 95%,group3 | acetone 5% / n-heptane 95%,#8718bf,v,0.8605630299921845,1.9843395971489668,0.9942012760545675,0.1999999999999999,3.2999999999999994,displacement,3.4,24.35626942095535,23.142960182840085,23.72970331261068,2.178254323216564,,,,False
group3,acetone_5_n-heptane_95,acetone 5% / n-heptane 95%,group3 | acetone 5% / n-heptane 95%,#8718bf,v,0.8605630299921845,1.9843395971489668,0.9942012760545675,0.1999999999999999,3.2999999999999994,displacement,3.5,24.350838759495257,23.037125220670813,23.64484337089053,2.271940008211243,,,,False
group3,acetone_5_n-heptane_95,acetone 5% / n-heptane 95%,group3 | acetone 5% / n-heptane 95%,#8718bf,v,0.8605630299921845,1.9843395971489668,0.9942012760545675,0.1999999999999999,3.2999999999999994,displacement,3.6,24.217772286113817,23.21428152285791,23.83093396302488,2.043340302747413,,,,False
group3,acetone_5_n-heptane_95,acetone 5% / n-heptane 95%,group3 | acetone 5% / n-heptane 95%,#8718bf,v,0.8605630299921845,1.9843395971489668,0.9942012760545675,0.1999999999999999,3.2999999999999994,displacement,3.7,24.299925860153817,23.040383929605404,24.07710327801108,1.8455315796008869,,,,False
group3,acetone_5_n-heptane_95,acetone 5% / n-heptane 95%,group3 | acetone 5% / n-heptane 95%,#8718bf,v,0.8605630299921845,1.9843395971489668,0.9942012760545675,0.1999999999999999,3.2999999999999994,displacement,3.8,24.54271037262386,23.88545540872694,23.30774654915403,2.6729925436545567,,,,False
group3,acetone_5_n-heptane_95,acetone 5% / n-heptane 95%,group3 | acetone 5% / n-heptane 95%,#8718bf,v,0.8605630299921845,1.9843395971489668,0.9942012760545675,0.1999999999999999,3.2999999999999994,displacement,3.9,24.239969323098865,23.692908354832674,23.70462153131213,2.189983774141244,,,,False
group3,acetone_5_n-heptane_95,acetone 5% / n-heptane 95%,group3 | acetone 5% / n-heptane 95%,#8718bf,v,0.8605630299921845,1.9843395971489668,0.9942012760545675,0.1999999999999999,3.2999999999999994,displacement,4.0,24.471991609767837,23.48878681064077,23.443168425669366,2.476009561577813,,,,False
group3,acetone_5_n-heptane_95,acetone 5% / n-heptane 95%,group3 | acetone 5% / n-heptane 95%,#8718bf,v,0.8605630299921845,1.9843395971489668,0.9942012760545675,0.1999999999999999,3.2999999999999994,displacement,4.1,24.54638890368863,23.80588821829564,23.226789513523748,2.73664459212541,,,,False
group3,acetone_5_n-heptane_95,acetone 5% / n-heptane 95%,group3 | acetone 5% / n-heptane 95%,#8718bf,v,0.8605630299921845,1.9843395971489668,0.9942012760545675,0.1999999999999999,3.2999999999999994,displacement,4.2,24.595768965060333,24.1775304017785,23.75752908386042,2.354554841247735,,,,False
group3,acetone_5_n-heptane_95,acetone 5% / n-heptane 95%,group3 | acetone 5% / n-heptane 95%,#8718bf,v,0.8605630299921845,1.9843395971489668,0.9942012760545675,0.1999999999999999,3.2999999999999994,displacement,4.3,24.47955071781856,23.58261679206068,24.127326180740276,1.836600909272421,,,,False
group3,acetone_5_n-heptane_95,acetone 5% / n-heptane 95%,group3 | acetone 5% / n-heptane 95%,#8718bf,v,0.8605630299921845,1.9843395971489668,0.9942012760545675,0.1999999999999999,3.2999999999999994,displacement,4.4,24.23896757573268,23.53319312985247,23.825505149194505,2.0536727695737205,,,,False
group3,acetone_5_n-heptane_95,acetone 5% / n-heptane 95%,group3 | acetone 5% / n-heptane 95%,#8718bf,v,0.8605630299921845,1.9843395971489668,0.9942012760545675,0.1999999999999999,3.2999999999999994,displacement,4.5,24.15826087458765,23.60063174649765,23.903391563632766,1.9692962142193176,,,,False
group3,acetone_5_n-heptane_95,acetone 5% / n-heptane 95%,group3 | acetone 5% / n-heptane 95%,#8718bf,v,0.8605630299921845,1.9843395971489668,0.9942012760545675,0.1999999999999999,3.2999999999999994,displacement,4.6,23.82477378222525,23.3913186694496,23.417564641811435,2.4132115817340463,,,,False
group3,acetone_5_n-heptane_95,acetone 5% / n-heptane 95%,group3 | acetone 5% / n-heptane 95%,#8718bf,v,0.8605630299921845,1.9843395971489668,0.9942012760545675,0.1999999999999999,3.2999999999999994,displacement,4.7,23.65762853390276,22.774630125241025,23.928308213671095,1.9999756401772348,,,,False
group3,acetone_5_n-heptane_95,acetone 5% / n-heptane 95%,group3 | acetone 5% / n-heptane 95%,#8718bf,v,0.8605630299921845,1.9843395971489668,0.9942012760545675,0.1999999999999999,3.2999999999999994,displacement,4.8,23.882394510649227,23.01108074799132,24.454506578436902,1.4227969787907897,,,,False
group3,acetone_5_n-heptane_95,acetone 5% / n-heptane 95%,group3 | acetone 5% / n-heptane 95%,#8718bf,v,0.8605630299921845,1.9843395971489668,0.9942012760545675,0.1999999999999999,3.2999999999999994,displacement,4.9,23.54061890359821,23.34063792342588,24.714968271927933,1.1522079003557046,,,,False
group3,acetone_5_n-heptane_95,acetone 5% / n-heptane 95%,group3 | acetone 5% / n-heptane 95%,#8718bf,v,0.8605630299921845,1.9843395971489668,0.9942012760545675,0.1999999999999999,3.2999999999999994,displacement,5.0,23.518886524739784,23.389592438472334,24.72166248181445,1.1512246715927494,,,,False
group3,acetone_5_n-heptane_95,acetone 5% / n-heptane 95%,group3 | acetone 5% / n-heptane 95%,#8718bf,v,0.8605630299921845,1.9843395971489668,0.9942012760545675,0.1999999999999999,3.2999999999999994,displacement,5.1,23.325241875987867,22.94843235544325,24.967797960658014,1.0828233100668287,,,,False
group3,acetone_5_n-heptane_95,acetone 5% / n-heptane 95%,group3 | acetone 5% / n-heptane 95%,#8718bf,v,0.8605630299921845,1.9843395971489668,0.9942012760545675,0.1999999999999999,3.2999999999999994,displacement,5.2,23.539737575602835,23.25227417957872,24.851152492661534,1.0273367201178236,,,,False
group3,acetone_5_n-heptane_95,acetone 5% / n-heptane 95%,group3 | acetone 5% / n-heptane 95%,#8718bf,v,0.8605630299921845,1.9843395971489668,0.9942012760545675,0.1999999999999999,3.2999999999999994,displacement,5.3,22.58071869942358,23.108020400538454,25.3864192280614,1.3484756095667478,,,,False
group3,acetone_5_n-heptane_95,acetone 5% / n-heptane 95%,group3 | acetone 5% / n-heptane 95%,#8718bf,v,0.8605630299921845,1.9843395971489668,0.9942012760545675,0.1999999999999999,3.2999999999999994,displacement,5.4,22.238104610589872,23.006750722290683,24.97383831087332,1.8410692719358288,,,,False
group3,acetone_5_n-heptane_95,acetone 5% / n-heptane 95%,group3 | acetone 5% / n-heptane 95%,#8718bf,v,0.8605630299921845,1.9843395971489668,0.9942012760545675,0.1999999999999999,3.2999999999999994,displacement,5.5,21.89084169487451,22.97020586064676,24.746558880862228,2.2544585325394983,,,,False
group3,acetone_5_n-heptane_95,acetone 5% / n-heptane 95%,group3 | acetone 5% / n-heptane 95%,#8718bf,v,0.8605630299921845,1.9843395971489668,0.9942012760545675,0.1999999999999999,3.2999999999999994,displacement,5.6,21.97180746985765,23.22245873247449,24.398700378422188,2.3481305832563737,,,,False
group3,acetone_5_n-heptane_95,acetone 5% / n-heptane 95%,group3 | acetone 5% / n-heptane 95%,#8718bf,v,0.8605630299921845,1.9843395971489668,0.9942012760545675,0.1999999999999999,3.2999999999999994,displacement,5.7,22.01813795716775,22.95926342605129,24.39925837643796,2.342713345700161,,,,False
group3,acetone_5_n-heptane_95,acetone 5% / n-heptane 95%,group3 | acetone 5% / n-heptane 95%,#8718bf,v,0.8605630299921845,1.9843395971489668,0.9942012760545675,0.1999999999999999,3.2999999999999994,displacement,5.8,21.57310686375992,22.90141203639348,24.461359081050677,2.678272400521739,,,,False
group3,acetone_5_n-heptane_95,acetone 5% / n-heptane 95%,group3 | acetone 5% / n-heptane 95%,#8718bf,v,0.8605630299921845,1.9843395971489668,0.9942012760545675,0.1999999999999999,3.2999999999999994,displacement,5.9,21.614944471402023,22.96422390524086,24.52074061670197,2.602404912588499,,,,False
group3,acetone_5_n-heptane_95,acetone 5% / n-heptane 95%,group3 | acetone 5% / n-heptane 95%,#8718bf,v,0.8605630299921845,1.9843395971489668,0.9942012760545675,0.1999999999999999,3.2999999999999994,displacement,6.0,21.36723833903479,22.426952379778815,24.16544651637684,3.1160073853943624,,,,False
group3,acetone_5_n-heptane_95,acetone 5% / n-heptane 95%,group3 | acetone 5% / n-heptane 95%,#8718bf,v,0.8605630299921845,1.9843395971489668,0.9942012760545675,0.1999999999999999,3.2999999999999994,displacement,6.1,21.40078602902198,22.660908068816934,23.850412258088973,3.2106668006148484,,,,False
group3,acetone_5_n-heptane_95,acetone 5% / n-heptane 95%,group3 | acetone 5% / n-heptane 95%,#8718bf,v,0.8605630299921845,1.9843395971489668,0.9942012760545675,0.1999999999999999,3.2999999999999994,displacement,6.2,21.125732443075613,22.615204082411346,23.730404237714943,3.503594915076636,,,,False
group3,acetone_5_n-heptane_95,acetone 5% / n-heptane 95%,group3 | acetone 5% / n-heptane 95%,#8718bf,v,0.8605630299921845,1.9843395971489668,0.9942012760545675,0.1999999999999999,3.2999999999999994,displacement,6.3,21.07636535077519,22.624446937352776,23.679489740221683,3.570287803440409,,,,False
group3,acetone_5_n-heptane_95,acetone 5% / n-heptane 95%,group3 | acetone 5% / n-heptane 95%,#8718bf,v,0.8605630299921845,1.9843395971489668,0.9942012760545675,0.1999999999999999,3.2999999999999994,displacement,6.4,21.466270166902813,22.390017914538166,23.674571526432757,3.343468254722096,,,,False
group3,acetone_5_n-heptane_95,acetone 5% / n-heptane 95%,group3 | acetone 5% / n-heptane 95%,#8718bf,v,0.8605630299921845,1.9843395971489668,0.9942012760545675,0.1999999999999999,3.2999999999999994,displacement,6.5,21.255054072145214,22.797066758449425,23.571471443873904,3.4706335220466444,,,,False
group3,acetone_5_n-heptane_95,acetone 5% / n-heptane 95%,group3 | acetone 5% / n-heptane 95%,#8718bf,v,0.8605630299921845,1.9843395971489668,0.9942012760545675,0.1999999999999999,3.2999999999999994,displacement,6.6,21.06269433117305,23.06208105564624,23.015543177373303,3.957311022647856,,,,False
group3,acetone_5_n-heptane_95,acetone 5% / n-heptane 95%,group3 | acetone 5% / n-heptane 95%,#8718bf,v,0.8605630299921845,1.9843395971489668,0.9942012760545675,0.1999999999999999,3.2999999999999994,displacement,6.7,21.17992838343378,23.316834162341813,23.05896756302513,3.833048503814223,,,,False
group3,acetone_5_n-heptane_95,acetone 5% / n-heptane 95%,group3 | acetone 5% / n-heptane 95%,#8718bf,v,0.8605630299921845,1.9843395971489668,0.9942012760545675,0.1999999999999999,3.2999999999999994,displacement,6.8,21.072953406523265,23.3209383855442,22.608962691560507,4.238715947386497,,,,False
group3,acetone_5_n-heptane_95,acetone 5% / n-heptane 95%,group3 | acetone 5% / n-heptane 95%,#8718bf,v,0.8605630299921845,1.9843395971489668,0.9942012760545675,0.1999999999999999,3.2999999999999994,displacement,6.9,21.187200148008497,23.297598957521377,22.81713187170494,4.006898155015743,,,,False
group3,acetone_5_n-heptane_95,acetone 5% / n-heptane 95%,group3 | acetone 5% / n-heptane 95%,#8718bf,v,0.8605630299921845,1.9843395971489668,0.9942012760545675,0.1999999999999999,3.2999999999999994,displacement,7.0,21.555780368974577,23.533910721336664,22.838561593272647,3.7601717842291578,,,,False
group3,acetone_5_n-heptane_95,acetone 5% / n-heptane 95%,group3 | acetone 5% / n-heptane 95%,#8718bf,v,0.8605630299921845,1.9843395971489668,0.9942012760545675,0.1999999999999999,3.2999999999999994,displacement,7.1,21.62239921401576,22.863988191050115,22.53799999812941,3.994538661302975,,,,False
group3,acetone_5_n-heptane_95,acetone 5% / n-heptane 95%,group3 | acetone 5% / n-heptane 95%,#8718bf,v,0.8605630299921845,1.9843395971489668,0.9942012760545675,0.1999999999999999,3.2999999999999994,displacement,7.2,21.888301571134043,23.06646449572109,23.124038334882798,3.342996106531209,,,,False
group3,acetone_5_n-heptane_95,acetone 5% / n-heptane 95%,group3 | acetone 5% / n-heptane 95%,#8718bf,v,0.8605630299921845,1.9843395971489668,0.9942012760545675,0.1999999999999999,3.2999999999999994,displacement,7.3,22.056709317925907,22.98549485579393,23.59523732060161,2.877098519780924,,,,False
group3,acetone_5_n-heptane_95,acetone 5% / n-heptane 95%,group3 | acetone 5% / n-heptane 95%,#8718bf,v,0.8605630299921845,1.9843395971489668,0.9942012760545675,0.1999999999999999,3.2999999999999994,displacement,7.4,22.223839713447077,23.277152174358875,23.830559164084374,2.564960947220676,,,,False
group3,acetone_5_n-heptane_95,acetone 5% / n-heptane 95%,group3 | acetone 5% / n-heptane 95%,#8718bf,v,0.8605630299921845,1.9843395971489668,0.9942012760545675,0.1999999999999999,3.2999999999999994,displacement,7.5,22.08310966792853,23.239753657687608,23.30968140382892,3.06809554238162,,,,False
group3,acetone_5_n-heptane_95,acetone 5% / n-heptane 95%,group3 | acetone 5% / n-heptane 95%,#8718bf,v,0.8605630299921845,1.9843395971489668,0.9942012760545675,0.1999999999999999,3.2999999999999994,displacement,7.6,22.270110791873424,23.05758468991645,23.01819482365721,3.229631951863145,,,,False
group3,acetone_5_n-heptane_95,acetone 5% / n-heptane 95%,group3 | acetone 5% / n-heptane 95%,#8718bf,v,0.8605630299921845,1.9843395971489668,0.9942012760545675,0.1999999999999999,3.2999999999999994,displacement,7.7,22.26949492482057,23.11196130384461,22.540093188352643,3.649588771186782,,,,False
group3,acetone_5_n-heptane_95,acetone 5% / n-heptane 95%,group3 | acetone 5% / n-heptane 95%,#8718bf,v,0.8605630299921845,1.9843395971489668,0.9942012760545675,0.1999999999999999,3.2999999999999994,displacement,7.8,21.981319817163875,23.38380157774514,22.336433442065665,3.9517926066911606,,,,False
group3,acetone_5_n-heptane_95,acetone 5% / n-heptane 95%,group3 | acetone 5% / n-heptane 95%,#8718bf,v,0.8605630299921845,1.9843395971489668,0.9942012760545675,0.1999999999999999,3.2999999999999994,displacement,7.9,21.581774732780527,23.27807312213324,21.94052354237442,4.4925078558432485,,,,False
group3,acetone_5_n-heptane_95,acetone 5% / n-heptane 95%,group3 | acetone 5% / n-heptane 95%,#8718bf,v,0.8605630299921845,1.9843395971489668,0.9942012760545675,0.1999999999999999,3.2999999999999994,displacement,8.0,21.995326757203955,23.169141347941267,21.970116194683172,4.277696310121578,,,,False
group3,acetone_5_n-heptane_95,acetone 5% / n-heptane 95%,group3 | acetone 5% / n-heptane 95%,#8718bf,v,0.8605630299921845,1.9843395971489668,0.9942012760545675,0.1999999999999999,3.2999999999999994,displacement,8.1,21.64446397623789,22.898207614689785,22.662569383050645,3.875743906197507,,,,False
group3,acetone_5_n-heptane_95,acetone 5% / n-heptane 95%,group3 | acetone 5% / n-heptane 95%,#8718bf,v,0.8605630299921845,1.9843395971489668,0.9942012760545675,0.1999999999999999,3.2999999999999994,displacement,8.2,21.64567164032349,23.28179127288631,22.70507844851119,3.812507361718932,,,,False
group3,acetone_5_n-heptane_95,acetone 5% / n-heptane 95%,group3 | acetone 5% / n-heptane 95%,#8718bf,v,0.8605630299921845,1.9843395971489668,0.9942012760545675,0.1999999999999999,3.2999999999999994,displacement,8.3,21.371974584198693,23.32159057450606,22.41203208629065,4.209118072479914,,,,False
group3,acetone_5_n-heptane_95,acetone 5% / n-heptane 95%,group3 | acetone 5% / n-heptane 95%,#8718bf,v,0.8605630299921845,1.9843395971489668,0.9942012760545675,0.1999999999999999,3.2999999999999994,displacement,8.4,21.16177387677066,23.4113331029966,21.791477661457424,4.839490224227826,,,,False
group3,acetone_5_n-heptane_95,acetone 5% / n-heptane 95%,group3 | acetone 5% / n-heptane 95%,#8718bf,v,0.8605630299921845,1.9843395971489668,0.9942012760545675,0.1999999999999999,3.2999999999999994,displacement,8.5,20.8636436343054,23.631430195219835,21.978965529778915,4.866905788379103,,,,False
group3,acetone_5_n-heptane_95,acetone 5% / n-heptane 95%,group3 | acetone 5% / n-heptane 95%,#8718bf,v,0.8605630299921845,1.9843395971489668,0.9942012760545675,0.1999999999999999,3.2999999999999994,displacement,8.6,20.49995459082893,23.386199097980946,21.846442734802924,5.190761480455908,,,,False
group3,acetone_5_n-heptane_95,acetone 5% / n-heptane 95%,group3 | acetone 5% / n-heptane 95%,#8718bf,v,0.8605630299921845,1.9843395971489668,0.9942012760545675,0.1999999999999999,3.2999999999999994,displacement,8.7,20.52201097805488,23.802600636651285,21.880829639715497,5.168494652514478,,,,False
group3,acetone_5_n-heptane_95,acetone 5% / n-heptane 95%,group3 | acetone 5% / n-heptane 95%,#8718bf,v,0.8605630299921845,1.9843395971489668,0.9942012760545675,0.1999999999999999,3.2999999999999994,displacement,8.8,20.24646667824849,23.68976833576851,21.85274613518204,5.361712760643148,,,,False
group3,acetone_5_n-heptane_95,acetone 5% / n-heptane 95%,group3 | acetone 5% / n-heptane 95%,#8718bf,v,0.8605630299921845,1.9843395971489668,0.9942012760545675,0.1999999999999999,3.2999999999999994,displacement,8.9,20.71911980333537,23.410113189801887,22.3828735733049,4.642019055190355,,,,False
group3,acetone_5_n-heptane_95,acetone 5% / n-heptane 95%,group3 | acetone 5% / n-heptane 95%,#8718bf,v,0.8605630299921845,1.9843395971489668,0.9942012760545675,0.1999999999999999,3.2999999999999994,displacement,9.0,20.26836457635618,23.502415963781715,22.954884984316173,4.577388260445638,,,,False
group3,acetone_5_n-heptane_95,acetone 5% / n-heptane 95%,group3 | acetone 5% / n-heptane 95%,#8718bf,v,0.8605630299921845,1.9843395971489668,0.9942012760545675,0.1999999999999999,3.2999999999999994,displacement,9.1,20.647302904863697,23.449449649267788,23.22375215763072,4.1126008982017686,,,,False
group3,acetone_5_n-heptane_95,acetone 5% / n-heptane 95%,group3 | acetone 5% / n-heptane 95%,#8718bf,v,0.8605630299921845,1.9843395971489668,0.9942012760545675,0.1999999999999999,3.2999999999999994,displacement,9.2,20.57674047649518,23.20987286883422,23.3259292722028,4.106500458590382,,,,False
group3,acetone_5_n-heptane_95,acetone 5% / n-heptane 95%,group3 | acetone 5% / n-heptane 95%,#8718bf,v,0.8605630299921845,1.9843395971489668,0.9942012760545675,0.1999999999999999,3.2999999999999994,displacement,9.3,20.15859113708628,23.25040036727195,23.12177946314784,4.561755278838329,,,,False
group3,acetone_5_n-heptane_95,acetone 5% / n-heptane 95%,group3 | acetone 5% / n-heptane 95%,#8718bf,v,0.8605630299921845,1.9843395971489668,0.9942012760545675,0.1999999999999999,3.2999999999999994,displacement,9.4,20.59875533620557,24.030388253860504,22.811257055903493,4.469607209624419,,,,False
group3,acetone_5_n-heptane_95,acetone 5% / n-heptane 95%,group3 | acetone 5% / n-heptane 95%,#8718bf,v,0.8605630299921845,1.9843395971489668,0.9942012760545675,0.1999999999999999,3.2999999999999994,displacement,9.5,20.86545368269994,23.95482213498017,22.92993669968883,4.18683279289463,,,,False
group3,acetone_5_n-heptane_95,acetone 5% / n-heptane 95%,group3 | acetone 5% / n-heptane 95%,#8718bf,v,0.8605630299921845,1.9843395971489668,0.9942012760545675,0.1999999999999999,3.2999999999999994,displacement,9.6,20.93240024028152,23.541036099442085,22.93809843455773,4.09584103282073,,,,False
group3,acetone_5_n-heptane_95,acetone 5% / n-heptane 95%,group3 | acetone 5% / n-heptane 95%,#8718bf,v,0.8605630299921845,1.9843395971489668,0.9942012760545675,0.1999999999999999,3.2999999999999994,displacement,9.7,21.139446735219305,23.487969282566155,22.698317967118243,4.12907280969554,,,,False
group3,acetone_5_n-heptane_95,acetone 5% / n-heptane 95%,group3 | acetone 5% / n-heptane 95%,#8718bf,v,0.8605630299921845,1.9843395971489668,0.9942012760545675,0.1999999999999999,3.2999999999999994,displacement,9.8,21.05209771238684,23.715289173086894,22.35607850079282,4.460236090939525,,,,False
group3,acetone_5_n-heptane_95,acetone 5% / n-heptane 95%,group3 | acetone 5% / n-heptane 95%,#8718bf,v,0.8605630299921845,1.9843395971489668,0.9942012760545675,0.1999999999999999,3.2999999999999994,displacement,9.9,21.15118688174564,23.635437046488036,22.0994009308787,4.5993585212995285,,,,False
group3,acetone_5_n-heptane_95,acetone 5% / n-heptane 95%,group3 | acetone 5% / n-heptane 95%,#8718bf,v,0.8605630299921845,1.9843395971489668,0.9942012760545675,0.1999999999999999,3.2999999999999994,displacement,10.0,21.645723473415345,23.565870138980877,22.06434383385342,4.356893083234796,,,,False
group3,acetone_5_n-heptane_95,acetone 5% / n-heptane 95%,group3 | acetone 5% / n-heptane 95%,#8718bf,v,0.8605630299921845,1.9843395971489668,0.9942012760545675,0.1999999999999999,3.2999999999999994,tamsd,,,,,,0.09999999999999998,0.2694311510650793,0.2735602353829978,False
group3,acetone_5_n-heptane_95,acetone 5% / n-heptane 95%,group3 | acetone 5% / n-heptane 95%,#8718bf,v,0.8605630299921845,1.9843395971489668,0.9942012760545675,0.1999999999999999,3.2999999999999994,tamsd,,,,,,0.19999999999999996,0.46341945615668945,0.49671611941492716,True
group3,acetone_5_n-heptane_95,acetone 5% / n-heptane 95%,group3 | acetone 5% / n-heptane 95%,#8718bf,v,0.8605630299921845,1.9843395971489668,0.9942012760545675,0.1999999999999999,3.2999999999999994,tamsd,,,,,,0.29999999999999993,0.6619259460394653,0.7041187047149957,True
group3,acetone_5_n-heptane_95,acetone 5% / n-heptane 95%,group3 | acetone 5% / n-heptane 95%,#8718bf,v,0.8605630299921845,1.9843395971489668,0.9942012760545675,0.1999999999999999,3.2999999999999994,tamsd,,,,,,0.3999999999999999,0.8542168965883443,0.9019106996351072,True
group3,acetone_5_n-heptane_95,acetone 5% / n-heptane 95%,group3 | acetone 5% / n-heptane 95%,#8718bf,v,0.8605630299921845,1.9843395971489668,0.9942012760545675,0.1999999999999999,3.2999999999999994,tamsd,,,,,,0.4999999999999999,1.0813750334643804,1.0928503949404167,True
group3,acetone_5_n-heptane_95,acetone 5% / n-heptane 95%,group3 | acetone 5% / n-heptane 95%,#8718bf,v,0.8605630299921845,1.9843395971489668,0.9942012760545675,0.1999999999999999,3.2999999999999994,tamsd,,,,,,0.5999999999999999,1.270559853513233,1.2785012782425575,True
group3,acetone_5_n-heptane_95,acetone 5% / n-heptane 95%,group3 | acetone 5% / n-heptane 95%,#8718bf,v,0.8605630299921845,1.9843395971489668,0.9942012760545675,0.1999999999999999,3.2999999999999994,tamsd,,,,,,0.6999999999999998,1.4629053576100246,1.4598663517818098,True
group3,acetone_5_n-heptane_95,acetone 5% / n-heptane 95%,group3 | acetone 5% / n-heptane 95%,#8718bf,v,0.8605630299921845,1.9843395971489668,0.9942012760545675,0.1999999999999999,3.2999999999999994,tamsd,,,,,,0.7999999999999998,1.6526690081751894,1.6376414582124454,True
group3,acetone_5_n-heptane_95,acetone 5% / n-heptane 95%,group3 | acetone 5% / n-heptane 95%,#8718bf,v,0.8605630299921845,1.9843395971489668,0.9942012760545675,0.1999999999999999,3.2999999999999994,tamsd,,,,,,0.8999999999999998,1.8287743967953347,1.8123363201358655,True
group3,acetone_5_n-heptane_95,acetone 5% / n-heptane 95%,group3 | acetone 5% / n-heptane 95%,#8718bf,v,0.8605630299921845,1.9843395971489668,0.9942012760545675,0.1999999999999999,3.2999999999999994,tamsd,,,,,,0.9999999999999998,2.0565486930020374,1.9843395971489663,True
group3,acetone_5_n-heptane_95,acetone 5% / n-heptane 95%,group3 | acetone 5% / n-heptane 95%,#8718bf,v,0.8605630299921845,1.9843395971489668,0.9942012760545675,0.1999999999999999,3.2999999999999994,tamsd,,,,,,1.0999999999999996,2.2668556217735394,2.1539569215514214,True
group3,acetone_5_n-heptane_95,acetone 5% / n-heptane 95%,group3 | acetone 5% / n-heptane 95%,#8718bf,v,0.8605630299921845,1.9843395971489668,0.9942012760545675,0.1999999999999999,3.2999999999999994,tamsd,,,,,,1.1999999999999997,2.501185919616416,2.321434592664986,True
group3,acetone_5_n-heptane_95,acetone 5% / n-heptane 95%,group3 | acetone 5% / n-heptane 95%,#8718bf,v,0.8605630299921845,1.9843395971489668,0.9942012760545675,0.1999999999999999,3.2999999999999994,tamsd,,,,,,1.2999999999999998,2.7175586164761847,2.486975089595354,True
group3,acetone_5_n-heptane_95,acetone 5% / n-heptane 95%,group3 | acetone 5% / n-heptane 95%,#8718bf,v,0.8605630299921845,1.9843395971489668,0.9942012760545675,0.1999999999999999,3.2999999999999994,tamsd,,,,,,1.3999999999999997,2.8925484333009166,2.650747642859193,True
group3,acetone_5_n-heptane_95,acetone 5% / n-heptane 95%,group3 | acetone 5% / n-heptane 95%,#8718bf,v,0.8605630299921845,1.9843395971489668,0.9942012760545675,0.1999999999999999,3.2999999999999994,tamsd,,,,,,1.4999999999999996,3.0449659477316073,2.8128956807460885,True
group3,acetone_5_n-heptane_95,acetone 5% / n-heptane 95%,group3 | acetone 5% / n-heptane 95%,#8718bf,v,0.8605630299921845,1.9843395971489668,0.9942012760545675,0.1999999999999999,3.2999999999999994,tamsd,,,,,,1.5999999999999996,3.13108378259348,2.9735422217978,True
group3,acetone_5_n-heptane_95,acetone 5% / n-heptane 95%,group3 | acetone 5% / n-heptane 95%,#8718bf,v,0.8605630299921845,1.9843395971489668,0.9942012760545675,0.1999999999999999,3.2999999999999994,tamsd,,,,,,1.6999999999999997,3.2705263161337434,3.1327938732279126,True
group3,acetone_5_n-heptane_95,acetone 5% / n-heptane 95%,group3 | acetone 5% / n-heptane 95%,#8718bf,v,0.8605630299921845,1.9843395971489668,0.9942012760545675,0.1999999999999999,3.2999999999999994,tamsd,,,,,,1.7999999999999996,3.4208040318482817,3.290743856658364,True
group3,acetone_5_n-heptane_95,acetone 5% / n-heptane 95%,group3 | acetone 5% / n-heptane 95%,#8718bf,v,0.8605630299921845,1.9843395971489668,0.9942012760545675,0.1999999999999999,3.2999999999999994,tamsd,,,,,,1.8999999999999995,3.565727606157054,3.4474743387823406,True
group3,acetone_5_n-heptane_95,acetone 5% / n-heptane 95%,group3 | acetone 5% / n-heptane 95%,#8718bf,v,0.8605630299921845,1.9843395971489668,0.9942012760545675,0.1999999999999999,3.2999999999999994,tamsd,,,,,,1.9999999999999996,3.6768124202405748,3.603058254856562,True
group3,acetone_5_n-heptane_95,acetone 5% / n-heptane 95%,group3 | acetone 5% / n-heptane 95%,#8718bf,v,0.8605630299921845,1.9843395971489668,0.9942012760545675,0.1999999999999999,3.2999999999999994,tamsd,,,,,,2.0999999999999996,3.7953167777848718,3.757560755255517,True
group3,acetone_5_n-heptane_95,acetone 5% / n-heptane 95%,group3 | acetone 5% / n-heptane 95%,#8718bf,v,0.8605630299921845,1.9843395971489668,0.9942012760545675,0.1999999999999999,3.2999999999999994,tamsd,,,,,,2.1999999999999993,3.9163576127763005,3.911040367259608,True
group3,acetone_5_n-heptane_95,acetone 5% / n-heptane 95%,group3 | acetone 5% / n-heptane 95%,#8718bf,v,0.8605630299921845,1.9843395971489668,0.9942012760545675,0.1999999999999999,3.2999999999999994,tamsd,,,,,,2.2999999999999994,4.054167571560728,4.063549938539733,True
group3,acetone_5_n-heptane_95,acetone 5% / n-heptane 95%,group3 | acetone 5% / n-heptane 95%,#8718bf,v,0.8605630299921845,1.9843395971489668,0.9942012760545675,0.1999999999999999,3.2999999999999994,tamsd,,,,,,2.3999999999999995,4.133881245037603,4.215137411070493,True
group3,acetone_5_n-heptane_95,acetone 5% / n-heptane 95%,group3 | acetone 5% / n-heptane 95%,#8718bf,v,0.8605630299921845,1.9843395971489668,0.9942012760545675,0.1999999999999999,3.2999999999999994,tamsd,,,,,,2.4999999999999996,4.2589232609950916,4.365846461746588,True
group3,acetone_5_n-heptane_95,acetone 5% / n-heptane 95%,group3 | acetone 5% / n-heptane 95%,#8718bf,v,0.8605630299921845,1.9843395971489668,0.9942012760545675,0.1999999999999999,3.2999999999999994,tamsd,,,,,,2.5999999999999996,4.404453564906739,4.515717037075527,True
group3,acetone_5_n-heptane_95,acetone 5% / n-heptane 95%,group3 | acetone 5% / n-heptane 95%,#8718bf,v,0.8605630299921845,1.9843395971489668,0.9942012760545675,0.1999999999999999,3.2999999999999994,tamsd,,,,,,2.6999999999999993,4.481708778247186,4.664785802861314,True
group3,acetone_5_n-heptane_95,acetone 5% / n-heptane 95%,group3 | acetone 5% / n-heptane 95%,#8718bf,v,0.8605630299921845,1.9843395971489668,0.9942012760545675,0.1999999999999999,3.2999999999999994,tamsd,,,,,,2.7999999999999994,4.529922358104851,4.813086525042215,True
group3,acetone_5_n-heptane_95,acetone 5% / n-heptane 95%,group3 | acetone 5% / n-heptane 95%,#8718bf,v,0.8605630299921845,1.9843395971489668,0.9942012760545675,0.1999999999999999,3.2999999999999994,tamsd,,,,,,2.8999999999999995,4.641089607016157,4.960650394304837,True
group3,acetone_5_n-heptane_95,acetone 5% / n-heptane 95%,group3 | acetone 5% / n-heptane 95%,#8718bf,v,0.8605630299921845,1.9843395971489668,0.9942012760545675,0.1999999999999999,3.2999999999999994,tamsd,,,,,,2.999999999999999,4.785480665346077,5.107506304427041,True
group3,acetone_5_n-heptane_95,acetone 5% / n-heptane 95%,group3 | acetone 5% / n-heptane 95%,#8718bf,v,0.8605630299921845,1.9843395971489668,0.9942012760545675,0.1999999999999999,3.2999999999999994,tamsd,,,,,,3.099999999999999,4.972971301649536,5.253681092267411,True
group3,acetone_5_n-heptane_95,acetone 5% / n-heptane 95%,group3 | acetone 5% / n-heptane 95%,#8718bf,v,0.8605630299921845,1.9843395971489668,0.9942012760545675,0.1999999999999999,3.2999999999999994,tamsd,,,,,,3.1999999999999993,5.16611095457493,5.399199745752382,True
group3,acetone_5_n-heptane_95,acetone 5% / n-heptane 95%,group3 | acetone 5% / n-heptane 95%,#8718bf,v,0.8605630299921845,1.9843395971489668,0.9942012760545675,0.1999999999999999,3.2999999999999994,tamsd,,,,,,3.2999999999999994,5.378042504652695,5.544085584994889,True
group3,isopropanol_5_n-heptane_95,isopropanol 5% / n-heptane 95%,group3 | isopropanol 5% / n-heptane 95%,#b44d22,>,0.8205314046931147,1.578044546113582,0.9902458205070299,0.1999999999999999,3.2999999999999994,displacement,0.0,23.32706467691491,22.86812621558184,25.330663686629205,0.0,,,,False
group3,isopropanol_5_n-heptane_95,isopropanol 5% / n-heptane 95%,group3 | isopropanol 5% / n-heptane 95%,#b44d22,>,0.8205314046931147,1.578044546113582,0.9902458205070299,0.1999999999999999,3.2999999999999994,displacement,0.1,23.676117372926864,22.98648828200139,25.653868213813094,0.490212739280083,,,,False
group3,isopropanol_5_n-heptane_95,isopropanol 5% / n-heptane 95%,group3 | isopropanol 5% / n-heptane 95%,#b44d22,>,0.8205314046931147,1.578044546113582,0.9902458205070299,0.1999999999999999,3.2999999999999994,displacement,0.2,23.829618673845214,23.09102810055017,25.337683990205598,0.5498136546279722,,,,False
group3,isopropanol_5_n-heptane_95,isopropanol 5% / n-heptane 95%,group3 | isopropanol 5% / n-heptane 95%,#b44d22,>,0.8205314046931147,1.578044546113582,0.9902458205070299,0.1999999999999999,3.2999999999999994,displacement,0.3,23.58800951914772,22.945771877570465,24.76586995946549,0.6269872516702695,,,,False
group3,isopropanol_5_n-heptane_95,isopropanol 5% / n-heptane 95%,group3 | isopropanol 5% / n-heptane 95%,#b44d22,>,0.8205314046931147,1.578044546113582,0.9902458205070299,0.1999999999999999,3.2999999999999994,displacement,0.4,24.059270980689337,22.837942801233005,24.35922667183923,1.2168512577520785,,,,False
group3,isopropanol_5_n-heptane_95,isopropanol 5% / n-heptane 95%,group3 | isopropanol 5% / n-heptane 95%,#b44d22,>,0.8205314046931147,1.578044546113582,0.9902458205070299,0.1999999999999999,3.2999999999999994,displacement,0.5,24.11548765593322,22.65510003396293,24.151906455287037,1.434036107753461,,,,False
group3,isopropanol_5_n-heptane_95,isopropanol 5% / n-heptane 95%,group3 | isopropanol 5% / n-heptane 95%,#b44d22,>,0.8205314046931147,1.578044546113582,0.9902458205070299,0.1999999999999999,3.2999999999999994,displacement,0.6,24.02317499743904,22.111386866126814,24.321404943157045,1.440773137113827,,,,False
group3,isopropanol_5_n-heptane_95,isopropanol 5% / n-heptane 95%,group3 | isopropanol 5% / n-heptane 95%,#b44d22,>,0.8205314046931147,1.578044546113582,0.9902458205070299,0.1999999999999999,3.2999999999999994,displacement,0.7,24.05021080107123,22.019678999974097,24.341328233422985,1.490499122282731,,,,False
group3,isopropanol_5_n-heptane_95,isopropanol 5% / n-heptane 95%,group3 | isopropanol 5% / n-heptane 95%,#b44d22,>,0.8205314046931147,1.578044546113582,0.9902458205070299,0.1999999999999999,3.2999999999999994,displacement,0.8,24.14733257841665,21.97744433731262,23.994685451760635,1.803050604546027,,,,False
group3,isopropanol_5_n-heptane_95,isopropanol 5% / n-heptane 95%,group3 | isopropanol 5% / n-heptane 95%,#b44d22,>,0.8205314046931147,1.578044546113582,0.9902458205070299,0.1999999999999999,3.2999999999999994,displacement,0.9,23.900255996615662,21.92763845784953,24.17510051534879,1.596368301565863,,,,False
group3,isopropanol_5_n-heptane_95,isopropanol 5% / n-heptane 95%,group3 | isopropanol 5% / n-heptane 95%,#b44d22,>,0.8205314046931147,1.578044546113582,0.9902458205070299,0.1999999999999999,3.2999999999999994,displacement,1.0,23.795352696233,21.769687061346108,23.696712819224867,2.0237731299941584,,,,False
group3,isopropanol_5_n-heptane_95,isopropanol 5% / n-heptane 95%,group3 | isopropanol 5% / n-heptane 95%,#b44d22,>,0.8205314046931147,1.578044546113582,0.9902458205070299,0.1999999999999999,3.2999999999999994,displacement,1.1,23.56053186187403,21.395016184504698,24.23925407614707,1.8481707247885937,,,,False
group3,isopropanol_5_n-heptane_95,isopropanol 5% / n-heptane 95%,group3 | isopropanol 5% / n-heptane 95%,#b44d22,>,0.8205314046931147,1.578044546113582,0.9902458205070299,0.1999999999999999,3.2999999999999994,displacement,1.2,24.10900658552938,21.249773303776408,24.141649676920164,2.1550530413150213,,,,False
group3,isopropanol_5_n-heptane_95,isopropanol 5% / n-heptane 95%,group3 | isopropanol 5% / n-heptane 95%,#b44d22,>,0.8205314046931147,1.578044546113582,0.9902458205070299,0.1999999999999999,3.2999999999999994,displacement,1.3,23.864947320891115,21.040921300320296,24.14357724195132,2.244364000821782,,,,False
group3,isopropanol_5_n-heptane_95,isopropanol 5% / n-heptane 95%,group3 | isopropanol 5% / n-heptane 95%,#b44d22,>,0.8205314046931147,1.578044546113582,0.9902458205070299,0.1999999999999999,3.2999999999999994,displacement,1.4,23.96655832885564,20.68974414114069,23.87248466902911,2.6982562221716804,,,,False
group3,isopropanol_5_n-heptane_95,isopropanol 5% / n-heptane 95%,group3 | isopropanol 5% / n-heptane 95%,#b44d22,>,0.8205314046931147,1.578044546113582,0.9902458205070299,0.1999999999999999,3.2999999999999994,displacement,1.5,23.52278118783056,20.4764385319216,24.10154570197784,2.696146499916227,,,,False
group3,isopropanol_5_n-heptane_95,isopropanol 5% / n-heptane 95%,group3 | isopropanol 5% / n-heptane 95%,#b44d22,>,0.8205314046931147,1.578044546113582,0.9902458205070299,0.1999999999999999,3.2999999999999994,displacement,1.6,23.28744142429199,20.501084838515588,23.81161791026652,2.8128197513487105,,,,False
group3,isopropanol_5_n-heptane_95,isopropanol 5% / n-heptane 95%,group3 | isopropanol 5% / n-heptane 95%,#b44d22,>,0.8205314046931147,1.578044546113582,0.9902458205070299,0.1999999999999999,3.2999999999999994,displacement,1.7,23.544903981090066,21.03691009878807,23.47602146744432,2.615435755286644,,,,False
group3,isopropanol_5_n-heptane_95,isopropanol 5% / n-heptane 95%,group3 | isopropanol 5% / n-heptane 95%,#b44d22,>,0.8205314046931147,1.578044546113582,0.9902458205070299,0.1999999999999999,3.2999999999999994,displacement,1.8,23.66268914581132,20.824321743424647,24.412937235400427,2.265392315652345,,,,False
group3,isopropanol_5_n-heptane_95,isopropanol 5% / n-heptane 95%,group3 | isopropanol 5% / n-heptane 95%,#b44d22,>,0.8205314046931147,1.578044546113582,0.9902458205070299,0.1999999999999999,3.2999999999999994,displacement,1.9,23.819870874184456,20.515665940341904,24.620269298029417,2.506309534355899,,,,False
group3,isopropanol_5_n-heptane_95,isopropanol 5% / n-heptane 95%,group3 | isopropanol 5% / n-heptane 95%,#b44d22,>,0.8205314046931147,1.578044546113582,0.9902458205070299,0.1999999999999999,3.2999999999999994,displacement,2.0,23.555504580128638,20.46202002766571,24.3554956899092,2.606239512925759,,,,False
group3,isopropanol_5_n-heptane_95,isopropanol 5% / n-heptane 95%,group3 | isopropanol 5% / n-heptane 95%,#b44d22,>,0.8205314046931147,1.578044546113582,0.9902458205070299,0.1999999999999999,3.2999999999999994,displacement,2.1,23.164112869114003,20.5465913440554,24.08962286430081,2.637472231903952,,,,False
group3,isopropanol_5_n-heptane_95,isopropanol 5% / n-heptane 95%,group3 | isopropanol 5% / n-heptane 95%,#b44d22,>,0.8205314046931147,1.578044546113582,0.9902458205070299,0.1999999999999999,3.2999999999999994,displacement,2.2,23.14288780294054,20.5435485413135,23.98725428349317,2.691157986638482,,,,False
group3,isopropanol_5_n-heptane_95,isopropanol 5% / n-heptane 95%,group3 | isopropanol 5% / n-heptane 95%,#b44d22,>,0.8205314046931147,1.578044546113582,0.9902458205070299,0.1999999999999999,3.2999999999999994,displacement,2.3,23.0607804066142,20.447255908663703,24.105557291758945,2.7262439425479696,,,,False
group3,isopropanol_5_n-heptane_95,isopropanol 5% / n-heptane 95%,group3 | isopropanol 5% / n-heptane 95%,#b44d22,>,0.8205314046931147,1.578044546113582,0.9902458205070299,0.1999999999999999,3.2999999999999994,displacement,2.4,23.27564763954613,20.470371294528256,24.13253318719064,2.6809306344725448,,,,False
group3,isopropanol_5_n-heptane_95,isopropanol 5% / n-heptane 95%,group3 | isopropanol 5% / n-heptane 95%,#b44d22,>,0.8205314046931147,1.578044546113582,0.9902458205070299,0.1999999999999999,3.2999999999999994,displacement,2.5,23.0761451994046,20.7399602560608,23.79940428326229,2.6337817479544023,,,,False
group3,isopropanol_5_n-heptane_95,isopropanol 5% / n-heptane 95%,group3 | isopropanol 5% / n-heptane 95%,#b44d22,>,0.8205314046931147,1.578044546113582,0.9902458205070299,0.1999999999999999,3.2999999999999994,displacement,2.6,23.050763521816943,21.26870707446021,23.735451480415417,2.275782480850969,,,,False
group3,isopropanol_5_n-heptane_95,isopropanol 5% / n-heptane 95%,group3 | isopropanol 5% / n-heptane 95%,#b44d22,>,0.8205314046931147,1.578044546113582,0.9902458205070299,0.1999999999999999,3.2999999999999994,displacement,2.7,22.92092862715567,21.06415484153553,23.687937423002747,2.4734204629421,,,,False
group3,isopropanol_5_n-heptane_95,isopropanol 5% / n-heptane 95%,group3 | isopropanol 5% / n-heptane 95%,#b44d22,>,0.8205314046931147,1.578044546113582,0.9902458205070299,0.1999999999999999,3.2999999999999994,displacement,2.8,22.878980318683244,20.78392057427064,23.928426491953523,2.551658656148436,,,,False
group3,isopropanol_5_n-heptane_95,isopropanol 5% / n-heptane 95%,group3 | isopropanol 5% / n-heptane 95%,#b44d22,>,0.8205314046931147,1.578044546113582,0.9902458205070299,0.1999999999999999,3.2999999999999994,displacement,2.9,22.75800071465849,20.9932175956848,24.28121481027821,2.222714347408941,,,,False
group3,isopropanol_5_n-heptane_95,isopropanol 5% / n-heptane 95%,group3 | isopropanol 5% / n-heptane 95%,#b44d22,>,0.8205314046931147,1.578044546113582,0.9902458205070299,0.1999999999999999,3.2999999999999994,displacement,3.0,23.020983304958865,20.563952912785208,24.574695597368763,2.444256158335152,,,,False
group3,isopropanol_5_n-heptane_95,isopropanol 5% / n-heptane 95%,group3 | isopropanol 5% / n-heptane 95%,#b44d22,>,0.8205314046931147,1.578044546113582,0.9902458205070299,0.1999999999999999,3.2999999999999994,displacement,3.1,22.726340466001545,20.416246463616478,24.38261883512887,2.6965483374364942,,,,False
group3,isopropanol_5_n-heptane_95,isopropanol 5% / n-heptane 95%,group3 | isopropanol 5% / n-heptane 95%,#b44d22,>,0.8205314046931147,1.578044546113582,0.9902458205070299,0.1999999999999999,3.2999999999999994,displacement,3.2,22.75619581373974,20.155255862094965,24.52950170801906,2.885726482143004,,,,False
group3,isopropanol_5_n-heptane_95,isopropanol 5% / n-heptane 95%,group3 | isopropanol 5% / n-heptane 95%,#b44d22,>,0.8205314046931147,1.578044546113582,0.9902458205070299,0.1999999999999999,3.2999999999999994,displacement,3.3,22.622003225358608,20.06538454825817,24.53697352783098,2.9970679959580657,,,,False
group3,isopropanol_5_n-heptane_95,isopropanol 5% / n-heptane 95%,group3 | isopropanol 5% / n-heptane 95%,#b44d22,>,0.8205314046931147,1.578044546113582,0.9902458205070299,0.1999999999999999,3.2999999999999994,displacement,3.4,22.64019283578783,20.032351574256182,24.11557967622966,3.1606707982400826,,,,False
group3,isopropanol_5_n-heptane_95,isopropanol 5% / n-heptane 95%,group3 | isopropanol 5% / n-heptane 95%,#b44d22,>,0.8205314046931147,1.578044546113582,0.9902458205070299,0.1999999999999999,3.2999999999999994,displacement,3.5,22.59216449892238,19.87785084962886,24.367238890891144,3.226455078392011,,,,False
group3,isopropanol_5_n-heptane_95,isopropanol 5% / n-heptane 95%,group3 | isopropanol 5% / n-heptane 95%,#b44d22,>,0.8205314046931147,1.578044546113582,0.9902458205070299,0.1999999999999999,3.2999999999999994,displacement,3.6,22.74701227478145,19.4082284462895,24.31847807641223,3.6512837568046144,,,,False
group3,isopropanol_5_n-heptane_95,isopropanol 5% / n-heptane 95%,group3 | isopropanol 5% / n-heptane 95%,#b44d22,>,0.8205314046931147,1.578044546113582,0.9902458205070299,0.1999999999999999,3.2999999999999994,displacement,3.7,22.748944500264358,19.48647599357041,25.05735659055158,3.4415807315021407,,,,False
group3,isopropanol_5_n-heptane_95,isopropanol 5% / n-heptane 95%,group3 | isopropanol 5% / n-heptane 95%,#b44d22,>,0.8205314046931147,1.578044546113582,0.9902458205070299,0.1999999999999999,3.2999999999999994,displacement,3.8,22.670990573298223,19.83063807180453,24.71117671506147,3.168679782017478,,,,False
group3,isopropanol_5_n-heptane_95,isopropanol 5% / n-heptane 95%,group3 | isopropanol 5% / n-heptane 95%,#b44d22,>,0.8205314046931147,1.578044546113582,0.9902458205070299,0.1999999999999999,3.2999999999999994,displacement,3.9,22.588464585795663,19.78654877222373,24.873290900591897,3.2016932238149205,,,,False
group3,isopropanol_5_n-heptane_95,isopropanol 5% / n-heptane 95%,group3 | isopropanol 5% / n-heptane 95%,#b44d22,>,0.8205314046931147,1.578044546113582,0.9902458205070299,0.1999999999999999,3.2999999999999994,displacement,4.0,22.666785957501325,19.99218162773452,24.913636421375465,2.980090099249306,,,,False
group3,isopropanol_5_n-heptane_95,isopropanol 5% / n-heptane 95%,group3 | isopropanol 5% / n-heptane 95%,#b44d22,>,0.8205314046931147,1.578044546113582,0.9902458205070299,0.1999999999999999,3.2999999999999994,displacement,4.1,22.65565405260094,20.1356047224653,24.85735804436672,2.8533286119518424,,,,False
group3,isopropanol_5_n-heptane_95,isopropanol 5% / n-heptane 95%,group3 | isopropanol 5% / n-heptane 95%,#b44d22,>,0.8205314046931147,1.578044546113582,0.9902458205070299,0.1999999999999999,3.2999999999999994,displacement,4.2,22.413097452869604,20.523748057679043,24.940563709003257,2.5462959424278546,,,,False
group3,isopropanol_5_n-heptane_95,isopropanol 5% / n-heptane 95%,group3 | isopropanol 5% / n-heptane 95%,#b44d22,>,0.8205314046931147,1.578044546113582,0.9902458205070299,0.1999999999999999,3.2999999999999994,displacement,4.3,22.748135046018906,20.63078280700524,25.2771430398769,2.3116508181512496,,,,False
group3,isopropanol_5_n-heptane_95,isopropanol 5% / n-heptane 95%,group3 | isopropanol 5% / n-heptane 95%,#b44d22,>,0.8205314046931147,1.578044546113582,0.9902458205070299,0.1999999999999999,3.2999999999999994,displacement,4.4,22.646438281049186,20.62705954337159,24.95627171806839,2.371877203011052,,,,False
group3,isopropanol_5_n-heptane_95,isopropanol 5% / n-heptane 95%,group3 | isopropanol 5% / n-heptane 95%,#b44d22,>,0.8205314046931147,1.578044546113582,0.9902458205070299,0.1999999999999999,3.2999999999999994,displacement,4.5,22.681895280866826,21.042082519564808,25.227199082598634,1.93942879571481,,,,False
group3,isopropanol_5_n-heptane_95,isopropanol 5% / n-heptane 95%,group3 | isopropanol 5% / n-heptane 95%,#b44d22,>,0.8205314046931147,1.578044546113582,0.9902458205070299,0.1999999999999999,3.2999999999999994,displacement,4.6,22.978432340197138,21.304299027233867,24.853547792803912,1.6717474562152996,,,,False
group3,isopropanol_5_n-heptane_95,isopropanol 5% / n-heptane 95%,group3 | isopropanol 5% / n-heptane 95%,#b44d22,>,0.8205314046931147,1.578044546113582,0.9902458205070299,0.1999999999999999,3.2999999999999994,displacement,4.7,22.921901824414785,22.11598025048945,24.396718323857808,1.2657544906074778,,,,False
group3,isopropanol_5_n-heptane_95,isopropanol 5% / n-heptane 95%,group3 | isopropanol 5% / n-heptane 95%,#b44d22,>,0.8205314046931147,1.578044546113582,0.9902458205070299,0.1999999999999999,3.2999999999999994,displacement,4.8,22.891615108830003,22.198578929349555,23.86511946823401,1.669050553733452,,,,False
group3,isopropanol_5_n-heptane_95,isopropanol 5% / n-heptane 95%,group3 | isopropanol 5% / n-heptane 95%,#b44d22,>,0.8205314046931147,1.578044546113582,0.9902458205070299,0.1999999999999999,3.2999999999999994,displacement,4.9,23.181349817794622,22.179609343965115,24.2728597258416,1.2705264743905462,,,,False
group3,isopropanol_5_n-heptane_95,isopropanol 5% / n-heptane 95%,group3 | isopropanol 5% / n-heptane 95%,#b44d22,>,0.8205314046931147,1.578044546113582,0.9902458205070299,0.1999999999999999,3.2999999999999994,displacement,5.0,23.20379759235362,21.97525118598752,24.04140302580389,1.5730904755165915,,,,False
group3,isopropanol_5_n-heptane_95,isopropanol 5% / n-heptane 95%,group3 | isopropanol 5% / n-heptane 95%,#b44d22,>,0.8205314046931147,1.578044546113582,0.9902458205070299,0.1999999999999999,3.2999999999999994,displacement,5.1,23.191862924402265,22.210734057635044,23.757641343410217,1.7102173123549498,,,,False
group3,isopropanol_5_n-heptane_95,isopropanol 5% / n-heptane 95%,group3 | isopropanol 5% / n-heptane 95%,#b44d22,>,0.8205314046931147,1.578044546113582,0.9902458205070299,0.1999999999999999,3.2999999999999994,displacement,5.2,23.048397134937343,22.140261923834675,24.15556045705074,1.4100743336144226,,,,False
group3,isopropanol_5_n-heptane_95,isopropanol 5% / n-heptane 95%,group3 | isopropanol 5% / n-heptane 95%,#b44d22,>,0.8205314046931147,1.578044546113582,0.9902458205070299,0.1999999999999999,3.2999999999999994,displacement,5.3,23.20787942314541,22.44532749720905,24.260384221330405,1.156919191133962,,,,False
group3,isopropanol_5_n-heptane_95,isopropanol 5% / n-heptane 95%,group3 | isopropanol 5% / n-heptane 95%,#b44d22,>,0.8205314046931147,1.578044546113582,0.9902458205070299,0.1999999999999999,3.2999999999999994,displacement,5.4,22.75762261013034,22.366361239075697,24.2595770306829,1.3127295927259073,,,,False
group3,isopropanol_5_n-heptane_95,isopropanol 5% / n-heptane 95%,group3 | isopropanol 5% / n-heptane 95%,#b44d22,>,0.8205314046931147,1.578044546113582,0.9902458205070299,0.1999999999999999,3.2999999999999994,displacement,5.5,22.96998672128064,22.392276988698573,24.76543597524408,0.8206214223641866,,,,False
group3,isopropanol_5_n-heptane_95,isopropanol 5% / n-heptane 95%,group3 | isopropanol 5% / n-heptane 95%,#b44d22,>,0.8205314046931147,1.578044546113582,0.9902458205070299,0.1999999999999999,3.2999999999999994,displacement,5.6,22.334195329738023,22.290807981086544,24.288402760958967,1.5509331776782649,,,,False
group3,isopropanol_5_n-heptane_95,isopropanol 5% / n-heptane 95%,group3 | isopropanol 5% / n-heptane 95%,#b44d22,>,0.8205314046931147,1.578044546113582,0.9902458205070299,0.1999999999999999,3.2999999999999994,displacement,5.7,22.232257571032463,21.981313098225584,23.765575500264543,2.1058350209130934,,,,False
group3,isopropanol_5_n-heptane_95,isopropanol 5% / n-heptane 95%,group3 | isopropanol 5% / n-heptane 95%,#b44d22,>,0.8205314046931147,1.578044546113582,0.9902458205070299,0.1999999999999999,3.2999999999999994,displacement,5.8,22.089867597694827,21.9369604919034,23.85790752537019,2.136992496081977,,,,False
group3,isopropanol_5_n-heptane_95,isopropanol 5% / n-heptane 95%,group3 | isopropanol 5% / n-heptane 95%,#b44d22,>,0.8205314046931147,1.578044546113582,0.9902458205070299,0.1999999999999999,3.2999999999999994,displacement,5.9,22.368971552257992,22.10474616397943,24.386858416502918,1.5464345853017882,,,,False
group3,isopropanol_5_n-heptane_95,isopropanol 5% / n-heptane 95%,group3 | isopropanol 5% / n-heptane 95%,#b44d22,>,0.8205314046931147,1.578044546113582,0.9902458205070299,0.1999999999999999,3.2999999999999994,displacement,6.0,22.433768257227065,21.945597397212453,24.432320570914683,1.5671816320072205,,,,False
group3,isopropanol_5_n-heptane_95,isopropanol 5% / n-heptane 95%,group3 | isopropanol 5% / n-heptane 95%,#b44d22,>,0.8205314046931147,1.578044546113582,0.9902458205070299,0.1999999999999999,3.2999999999999994,displacement,6.1,22.15220438171236,22.009598390713577,24.4012282234648,1.7266201144154705,,,,False
group3,isopropanol_5_n-heptane_95,isopropanol 5% / n-heptane 95%,group3 | isopropanol 5% / n-heptane 95%,#b44d22,>,0.8205314046931147,1.578044546113582,0.9902458205070299,0.1999999999999999,3.2999999999999994,displacement,6.2,22.008015068882344,21.70201118644712,24.187793095945995,2.0990162735608635,,,,False
group3,isopropanol_5_n-heptane_95,isopropanol 5% / n-heptane 95%,group3 | isopropanol 5% / n-heptane 95%,#b44d22,>,0.8205314046931147,1.578044546113582,0.9902458205070299,0.1999999999999999,3.2999999999999994,displacement,6.3,22.323742367394352,21.400537314951023,24.393830217361952,2.009509837541421,,,,False
group3,isopropanol_5_n-heptane_95,isopropanol 5% / n-heptane 95%,group3 | isopropanol 5% / n-heptane 95%,#b44d22,>,0.8205314046931147,1.578044546113582,0.9902458205070299,0.1999999999999999,3.2999999999999994,displacement,6.4,22.26560804877048,21.706424061597303,24.57902863096302,1.7439029000808417,,,,False
group3,isopropanol_5_n-heptane_95,isopropanol 5% / n-heptane 95%,group3 | isopropanol 5% / n-heptane 95%,#b44d22,>,0.8205314046931147,1.578044546113582,0.9902458205070299,0.1999999999999999,3.2999999999999994,displacement,6.5,22.12999558408223,21.368218118090734,24.59588517849085,2.0548961457836885,,,,False
group3,isopropanol_5_n-heptane_95,isopropanol 5% / n-heptane 95%,group3 | isopropanol 5% / n-heptane 95%,#b44d22,>,0.8205314046931147,1.578044546113582,0.9902458205070299,0.1999999999999999,3.2999999999999994,displacement,6.6,21.906827502189675,21.46861480875196,24.59161586657196,2.1264753679856807,,,,False
group3,isopropanol_5_n-heptane_95,isopropanol 5% / n-heptane 95%,group3 | isopropanol 5% / n-heptane 95%,#b44d22,>,0.8205314046931147,1.578044546113582,0.9902458205070299,0.1999999999999999,3.2999999999999994,displacement,6.7,22.512905168590272,21.983817351746158,24.74408689746037,1.3375089537066274,,,,False
group3,isopropanol_5_n-heptane_95,isopropanol 5% / n-heptane 95%,group3 | isopropanol 5% / n-heptane 95%,#b44d22,>,0.8205314046931147,1.578044546113582,0.9902458205070299,0.1999999999999999,3.2999999999999994,displacement,6.8,22.50574102900909,22.08610399368695,24.793917235091723,1.2546824472291045,,,,False
group3,isopropanol_5_n-heptane_95,isopropanol 5% / n-heptane 95%,group3 | isopropanol 5% / n-heptane 95%,#b44d22,>,0.8205314046931147,1.578044546113582,0.9902458205070299,0.1999999999999999,3.2999999999999994,displacement,6.9,22.70827322301677,22.08397994941707,24.29500771454579,1.4388785642539696,,,,False
group3,isopropanol_5_n-heptane_95,isopropanol 5% / n-heptane 95%,group3 | isopropanol 5% / n-heptane 95%,#b44d22,>,0.8205314046931147,1.578044546113582,0.9902458205070299,0.1999999999999999,3.2999999999999994,displacement,7.0,22.44808918865349,21.836730595216743,24.19671584418992,1.7669783654718034,,,,False
group3,isopropanol_5_n-heptane_95,isopropanol 5% / n-heptane 95%,group3 | isopropanol 5% / n-heptane 95%,#b44d22,>,0.8205314046931147,1.578044546113582,0.9902458205070299,0.1999999999999999,3.2999999999999994,displacement,7.1,22.24275721420763,21.59870075868554,24.316723957548007,1.9532632793631124,,,,False
group3,isopropanol_5_n-heptane_95,isopropanol 5% / n-heptane 95%,group3 | isopropanol 5% / n-heptane 95%,#b44d22,>,0.8205314046931147,1.578044546113582,0.9902458205070299,0.1999999999999999,3.2999999999999994,displacement,7.2,22.39698746204047,21.72960158237496,24.55562000830111,1.6619189719609693,,,,False
group3,isopropanol_5_n-heptane_95,isopropanol 5% / n-heptane 95%,group3 | isopropanol 5% / n-heptane 95%,#b44d22,>,0.8205314046931147,1.578044546113582,0.9902458205070299,0.1999999999999999,3.2999999999999994,displacement,7.3,22.207230571861025,21.483326013109775,24.230892474593624,2.093130846944526,,,,False
group3,isopropanol_5_n-heptane_95,isopropanol 5% / n-heptane 95%,group3 | isopropanol 5% / n-heptane 95%,#b44d22,>,0.8205314046931147,1.578044546113582,0.9902458205070299,0.1999999999999999,3.2999999999999994,displacement,7.4,22.146693887331693,21.08340129900925,24.645313600871,2.246825086379698,,,,False
group3,isopropanol_5_n-heptane_95,isopropanol 5% / n-heptane 95%,group3 | isopropanol 5% / n-heptane 95%,#b44d22,>,0.8205314046931147,1.578044546113582,0.9902458205070299,0.1999999999999999,3.2999999999999994,displacement,7.5,22.16294303058317,21.54101497474878,25.208166970212897,1.7695787347660932,,,,False
group3,isopropanol_5_n-heptane_95,isopropanol 5% / n-heptane 95%,group3 | isopropanol 5% / n-heptane 95%,#b44d22,>,0.8205314046931147,1.578044546113582,0.9902458205070299,0.1999999999999999,3.2999999999999994,displacement,7.6,22.325437092068807,21.288046397553025,25.537610925771283,1.8822160369774608,,,,False
group3,isopropanol_5_n-heptane_95,isopropanol 5% / n-heptane 95%,group3 | isopropanol 5% / n-heptane 95%,#b44d22,>,0.8205314046931147,1.578044546113582,0.9902458205070299,0.1999999999999999,3.2999999999999994,displacement,7.7,22.294624191655856,21.33643645996764,25.633671672096977,1.871849540511386,,,,False
group3,isopropanol_5_n-heptane_95,isopropanol 5% / n-heptane 95%,group3 | isopropanol 5% / n-heptane 95%,#b44d22,>,0.8205314046931147,1.578044546113582,0.9902458205070299,0.1999999999999999,3.2999999999999994,displacement,7.8,22.069894729992257,21.33368065017917,25.19492483400821,1.9883220324535704,,,,False
group3,isopropanol_5_n-heptane_95,isopropanol 5% / n-heptane 95%,group3 | isopropanol 5% / n-heptane 95%,#b44d22,>,0.8205314046931147,1.578044546113582,0.9902458205070299,0.1999999999999999,3.2999999999999994,displacement,7.9,21.98803466503345,21.152380432510345,25.433604393912656,2.178848722161064,,,,False
group3,isopropanol_5_n-heptane_95,isopropanol 5% / n-heptane 95%,group3 | isopropanol 5% / n-heptane 95%,#b44d22,>,0.8205314046931147,1.578044546113582,0.9902458205070299,0.1999999999999999,3.2999999999999994,displacement,8.0,21.832569516569837,21.01359755862574,25.316046072674816,2.381807296656044,,,,False
group3,isopropanol_5_n-heptane_95,isopropanol 5% / n-heptane 95%,group3 | isopropanol 5% / n-heptane 95%,#b44d22,>,0.8205314046931147,1.578044546113582,0.9902458205070299,0.1999999999999999,3.2999999999999994,displacement,8.1,21.85526199157849,20.89285096234643,25.497579835735458,2.468962630628534,,,,False
group3,isopropanol_5_n-heptane_95,isopropanol 5% / n-heptane 95%,group3 | isopropanol 5% / n-heptane 95%,#b44d22,>,0.8205314046931147,1.578044546113582,0.9902458205070299,0.1999999999999999,3.2999999999999994,displacement,8.2,21.982600546156814,20.57492296707832,25.5973775466982,2.671610229991477,,,,False
group3,isopropanol_5_n-heptane_95,isopropanol 5% / n-heptane 95%,group3 | isopropanol 5% / n-heptane 95%,#b44d22,>,0.8205314046931147,1.578044546113582,0.9902458205070299,0.1999999999999999,3.2999999999999994,displacement,8.3,21.836475315909407,20.71159971948981,25.40415522384046,2.622568240776856,,,,False
group3,isopropanol_5_n-heptane_95,isopropanol 5% / n-heptane 95%,group3 | isopropanol 5% / n-heptane 95%,#b44d22,>,0.8205314046931147,1.578044546113582,0.9902458205070299,0.1999999999999999,3.2999999999999994,displacement,8.4,22.21503080053164,20.62285535601368,25.141015957918725,2.512732941650388,,,,False
group3,isopropanol_5_n-heptane_95,isopropanol 5% / n-heptane 95%,group3 | isopropanol 5% / n-heptane 95%,#b44d22,>,0.8205314046931147,1.578044546113582,0.9902458205070299,0.1999999999999999,3.2999999999999994,displacement,8.5,21.985448672277,20.68602463377309,25.16026396037612,2.567204098613889,,,,False
group3,isopropanol_5_n-heptane_95,isopropanol 5% / n-heptane 95%,group3 | isopropanol 5% / n-heptane 95%,#b44d22,>,0.8205314046931147,1.578044546113582,0.9902458205070299,0.1999999999999999,3.2999999999999994,displacement,8.6,21.998377090049384,20.739745259095585,24.770554529717472,2.570824472242368,,,,False
group3,isopropanol_5_n-heptane_95,isopropanol 5% / n-heptane 95%,group3 | isopropanol 5% / n-heptane 95%,#b44d22,>,0.8205314046931147,1.578044546113582,0.9902458205070299,0.1999999999999999,3.2999999999999994,displacement,8.7,22.11149535935604,20.73472172044819,24.913221369127378,2.4906387923760254,,,,False
group3,isopropanol_5_n-heptane_95,isopropanol 5% / n-heptane 95%,group3 | isopropanol 5% / n-heptane 95%,#b44d22,>,0.8205314046931147,1.578044546113582,0.9902458205070299,0.1999999999999999,3.2999999999999994,displacement,8.8,21.66940773429548,20.836098327925463,24.619850806749405,2.7170238912881617,,,,False
group3,isopropanol_5_n-heptane_95,isopropanol 5% / n-heptane 95%,group3 | isopropanol 5% / n-heptane 95%,#b44d22,>,0.8205314046931147,1.578044546113582,0.9902458205070299,0.1999999999999999,3.2999999999999994,displacement,8.9,21.92644170464344,20.757711390092,24.904023940422856,2.568582667376095,,,,False
group3,isopropanol_5_n-heptane_95,isopropanol 5% / n-heptane 95%,group3 | isopropanol 5% / n-heptane 95%,#b44d22,>,0.8205314046931147,1.578044546113582,0.9902458205070299,0.1999999999999999,3.2999999999999994,displacement,9.0,21.97776959445135,20.628474968723037,24.79229250422843,2.6695464890419425,,,,False
group3,isopropanol_5_n-heptane_95,isopropanol 5% / n-heptane 95%,group3 | isopropanol 5% / n-heptane 95%,#b44d22,>,0.8205314046931147,1.578044546113582,0.9902458205070299,0.1999999999999999,3.2999999999999994,displacement,9.1,21.55404741052677,20.98862745442797,24.405435454317946,2.7444768357476117,,,,False
group3,isopropanol_5_n-heptane_95,isopropanol 5% / n-heptane 95%,group3 | isopropanol 5% / n-heptane 95%,#b44d22,>,0.8205314046931147,1.578044546113582,0.9902458205070299,0.1999999999999999,3.2999999999999994,displacement,9.2,21.771480419930363,21.007917371002044,24.829058625849203,2.476252604850962,,,,False
group3,isopropanol_5_n-heptane_95,isopropanol 5% / n-heptane 95%,group3 | isopropanol 5% / n-heptane 95%,#b44d22,>,0.8205314046931147,1.578044546113582,0.9902458205070299,0.1999999999999999,3.2999999999999994,displacement,9.3,22.045649759225935,20.589319913542827,24.79868562906198,2.667954836053555,,,,False
group3,isopropanol_5_n-heptane_95,isopropanol 5% / n-heptane 95%,group3 | isopropanol 5% / n-heptane 95%,#b44d22,>,0.8205314046931147,1.578044546113582,0.9902458205070299,0.1999999999999999,3.2999999999999994,displacement,9.4,21.596161018448733,20.494674662379985,25.201074588107588,2.940423963435129,,,,False
group3,isopropanol_5_n-heptane_95,isopropanol 5% / n-heptane 95%,group3 | isopropanol 5% / n-heptane 95%,#b44d22,>,0.8205314046931147,1.578044546113582,0.9902458205070299,0.1999999999999999,3.2999999999999994,displacement,9.5,21.59094653585657,20.679107955897127,24.6856997984677,2.867383050444667,,,,False
group3,isopropanol_5_n-heptane_95,isopropanol 5% / n-heptane 95%,group3 | isopropanol 5% / n-heptane 95%,#b44d22,>,0.8205314046931147,1.578044546113582,0.9902458205070299,0.1999999999999999,3.2999999999999994,displacement,9.6,21.314158695760025,20.62163345020925,24.954042552530016,3.0397966564378365,,,,False
group3,isopropanol_5_n-heptane_95,isopropanol 5% / n-heptane 95%,group3 | isopropanol 5% / n-heptane 95%,#b44d22,>,0.8205314046931147,1.578044546113582,0.9902458205070299,0.1999999999999999,3.2999999999999994,displacement,9.7,21.422163015693062,20.0381942560577,25.035118396298746,3.424107511907068,,,,False
group3,isopropanol_5_n-heptane_95,isopropanol 5% / n-heptane 95%,group3 | isopropanol 5% / n-heptane 95%,#b44d22,>,0.8205314046931147,1.578044546113582,0.9902458205070299,0.1999999999999999,3.2999999999999994,displacement,9.8,21.51696785388705,20.122745088712342,25.42495789263312,3.2897506649885635,,,,False
group3,isopropanol_5_n-heptane_95,isopropanol 5% / n-heptane 95%,group3 | isopropanol 5% / n-heptane 95%,#b44d22,>,0.8205314046931147,1.578044546113582,0.9902458205070299,0.1999999999999999,3.2999999999999994,displacement,9.9,21.949166233866748,20.21413810373828,25.34022047395956,2.990375954515682,,,,False
group3,isopropanol_5_n-heptane_95,isopropanol 5% / n-heptane 95%,group3 | isopropanol 5% / n-heptane 95%,#b44d22,>,0.8205314046931147,1.578044546113582,0.9902458205070299,0.1999999999999999,3.2999999999999994,displacement,10.0,21.740530127253813,20.375726108648625,24.62847692482613,3.036810237528931,,,,False
group3,isopropanol_5_n-heptane_95,isopropanol 5% / n-heptane 95%,group3 | isopropanol 5% / n-heptane 95%,#b44d22,>,0.8205314046931147,1.578044546113582,0.9902458205070299,0.1999999999999999,3.2999999999999994,tamsd,,,,,,0.09999999999999998,0.21694234774508747,0.23855463214725922,False
group3,isopropanol_5_n-heptane_95,isopropanol 5% / n-heptane 95%,group3 | isopropanol 5% / n-heptane 95%,#b44d22,>,0.8205314046931147,1.578044546113582,0.9902458205070299,0.1999999999999999,3.2999999999999994,tamsd,,,,,,0.19999999999999996,0.3894808895690353,0.42130093126057483,True
group3,isopropanol_5_n-heptane_95,isopropanol 5% / n-heptane 95%,group3 | isopropanol 5% / n-heptane 95%,#b44d22,>,0.8205314046931147,1.578044546113582,0.9902458205070299,0.1999999999999999,3.2999999999999994,tamsd,,,,,,0.29999999999999993,0.5474205378552368,0.5875987013102861,True
group3,isopropanol_5_n-heptane_95,isopropanol 5% / n-heptane 95%,group3 | isopropanol 5% / n-heptane 95%,#b44d22,>,0.8205314046931147,1.578044546113582,0.9902458205070299,0.1999999999999999,3.2999999999999994,tamsd,,,,,,0.3999999999999999,0.6889932688560994,0.7440411996337201,True
group3,isopropanol_5_n-heptane_95,isopropanol 5% / n-heptane 95%,group3 | isopropanol 5% / n-heptane 95%,#b44d22,>,0.8205314046931147,1.578044546113582,0.9902458205070299,0.1999999999999999,3.2999999999999994,tamsd,,,,,,0.4999999999999999,0.8454842282710303,0.8935414291246363,True
group3,isopropanol_5_n-heptane_95,isopropanol 5% / n-heptane 95%,group3 | isopropanol 5% / n-heptane 95%,#b44d22,>,0.8205314046931147,1.578044546113582,0.9902458205070299,0.1999999999999999,3.2999999999999994,tamsd,,,,,,0.5999999999999999,1.0247553650763233,1.0377324382312234,True
group3,isopropanol_5_n-heptane_95,isopropanol 5% / n-heptane 95%,group3 | isopropanol 5% / n-heptane 95%,#b44d22,>,0.8205314046931147,1.578044546113582,0.9902458205070299,0.1999999999999999,3.2999999999999994,tamsd,,,,,,0.6999999999999998,1.2106523693675875,1.1776529811098126,True
group3,isopropanol_5_n-heptane_95,isopropanol 5% / n-heptane 95%,group3 | isopropanol 5% / n-heptane 95%,#b44d22,>,0.8205314046931147,1.578044546113582,0.9902458205070299,0.1999999999999999,3.2999999999999994,tamsd,,,,,,0.7999999999999998,1.3756674401251914,1.31401871127122,True
group3,isopropanol_5_n-heptane_95,isopropanol 5% / n-heptane 95%,group3 | isopropanol 5% / n-heptane 95%,#b44d22,>,0.8205314046931147,1.578044546113582,0.9902458205070299,0.1999999999999999,3.2999999999999994,tamsd,,,,,,0.8999999999999998,1.5528001250413634,1.4473507836494206,True
group3,isopropanol_5_n-heptane_95,isopropanol 5% / n-heptane 95%,group3 | isopropanol 5% / n-heptane 95%,#b44d22,>,0.8205314046931147,1.578044546113582,0.9902458205070299,0.1999999999999999,3.2999999999999994,tamsd,,,,,,0.9999999999999998,1.749546099336388,1.5780445461135815,True
group3,isopropanol_5_n-heptane_95,isopropanol 5% / n-heptane 95%,group3 | isopropanol 5% / n-heptane 95%,#b44d22,>,0.8205314046931147,1.578044546113582,0.9902458205070299,0.1999999999999999,3.2999999999999994,tamsd,,,,,,1.0999999999999996,1.9162439662951558,1.7064094859772017,True
group3,isopropanol_5_n-heptane_95,isopropanol 5% / n-heptane 95%,group3 | isopropanol 5% / n-heptane 95%,#b44d22,>,0.8205314046931147,1.578044546113582,0.9902458205070299,0.1999999999999999,3.2999999999999994,tamsd,,,,,,1.1999999999999997,2.035831094152858,1.8326939983971477,True
group3,isopropanol_5_n-heptane_95,isopropanol 5% / n-heptane 95%,group3 | isopropanol 5% / n-heptane 95%,#b44d22,>,0.8205314046931147,1.578044546113582,0.9902458205070299,0.1999999999999999,3.2999999999999994,tamsd,,,,,,1.2999999999999998,2.1574347104588765,1.9571015348318634,True
group3,isopropanol_5_n-heptane_95,isopropanol 5% / n-heptane 95%,group3 | isopropanol 5% / n-heptane 95%,#b44d22,>,0.8205314046931147,1.578044546113582,0.9902458205070299,0.1999999999999999,3.2999999999999994,tamsd,,,,,,1.3999999999999997,2.2841131144942493,2.07980156653209,True
group3,isopropanol_5_n-heptane_95,isopropanol 5% / n-heptane 95%,group3 | isopropanol 5% / n-heptane 95%,#b44d22,>,0.8205314046931147,1.578044546113582,0.9902458205070299,0.1999999999999999,3.2999999999999994,tamsd,,,,,,1.4999999999999996,2.371269511718931,2.200937280465235,True
group3,isopropanol_5_n-heptane_95,isopropanol 5% / n-heptane 95%,group3 | isopropanol 5% / n-heptane 95%,#b44d22,>,0.8205314046931147,1.578044546113582,0.9902458205070299,0.1999999999999999,3.2999999999999994,tamsd,,,,,,1.5999999999999996,2.413219659997587,2.3206311349705877,True
group3,isopropanol_5_n-heptane_95,isopropanol 5% / n-heptane 95%,group3 | isopropanol 5% / n-heptane 95%,#b44d22,>,0.8205314046931147,1.578044546113582,0.9902458205070299,0.1999999999999999,3.2999999999999994,tamsd,,,,,,1.6999999999999997,2.440667326530062,2.438988967163664,True
group3,isopropanol_5_n-heptane_95,isopropanol 5% / n-heptane 95%,group3 | isopropanol 5% / n-heptane 95%,#b44d22,>,0.8205314046931147,1.578044546113582,0.9902458205070299,0.1999999999999999,3.2999999999999994,tamsd,,,,,,1.7999999999999996,2.540127469880135,2.5561030927113326,True
group3,isopropanol_5_n-heptane_95,isopropanol 5% / n-heptane 95%,group3 | isopropanol 5% / n-heptane 95%,#b44d22,>,0.8205314046931147,1.578044546113582,0.9902458205070299,0.1999999999999999,3.2999999999999994,tamsd,,,,,,1.8999999999999995,2.6425761092814253,2.6720546874641875,True
group3,isopropanol_5_n-heptane_95,isopropanol 5% / n-heptane 95%,group3 | isopropanol 5% / n-heptane 95%,#b44d22,>,0.8205314046931147,1.578044546113582,0.9902458205070299,0.1999999999999999,3.2999999999999994,tamsd,,,,,,1.9999999999999996,2.714517358099993,2.7869156463829383,True
group3,isopropanol_5_n-heptane_95,isopropanol 5% / n-heptane 95%,group3 | isopropanol 5% / n-heptane 95%,#b44d22,>,0.8205314046931147,1.578044546113582,0.9902458205070299,0.1999999999999999,3.2999999999999994,tamsd,,,,,,2.0999999999999996,2.7544798977541114,2.900750054885334,True
group3,isopropanol_5_n-heptane_95,isopropanol 5% / n-heptane 95%,group3 | isopropanol 5% / n-heptane 95%,#b44d22,>,0.8205314046931147,1.578044546113582,0.9902458205070299,0.1999999999999999,3.2999999999999994,tamsd,,,,,,2.1999999999999993,2.8034746401266792,3.013615368031467,True
group3,isopropanol_5_n-heptane_95,isopropanol 5% / n-heptane 95%,group3 | isopropanol 5% / n-heptane 95%,#b44d22,>,0.8205314046931147,1.578044546113582,0.9902458205070299,0.1999999999999999,3.2999999999999994,tamsd,,,,,,2.2999999999999994,2.9413008751489373,3.125563366202472,True
group3,isopropanol_5_n-heptane_95,isopropanol 5% / n-heptane 95%,group3 | isopropanol 5% / n-heptane 95%,#b44d22,>,0.8205314046931147,1.578044546113582,0.9902458205070299,0.1999999999999999,3.2999999999999994,tamsd,,,,,,2.3999999999999995,3.0724066598650754,3.236640937509691,True
group3,isopropanol_5_n-heptane_95,isopropanol 5% / n-heptane 95%,group3 | isopropanol 5% / n-heptane 95%,#b44d22,>,0.8205314046931147,1.578044546113582,0.9902458205070299,0.1999999999999999,3.2999999999999994,tamsd,,,,,,2.4999999999999996,3.2252345981956974,3.3468907242565584,True
group3,isopropanol_5_n-heptane_95,isopropanol 5% / n-heptane 95%,group3 | isopropanol 5% / n-heptane 95%,#b44d22,>,0.8205314046931147,1.578044546113582,0.9902458205070299,0.1999999999999999,3.2999999999999994,tamsd,,,,,,2.5999999999999996,3.353280301999307,3.4563516615648218,True
group3,isopropanol_5_n-heptane_95,isopropanol 5% / n-heptane 95%,group3 | isopropanol 5% / n-heptane 95%,#b44d22,>,0.8205314046931147,1.578044546113582,0.9902458205070299,0.1999999999999999,3.2999999999999994,tamsd,,,,,,2.6999999999999993,3.5420827045969254,3.565059429606199,True
group3,isopropanol_5_n-heptane_95,isopropanol 5% / n-heptane 95%,group3 | isopropanol 5% / n-heptane 95%,#b44d22,>,0.8205314046931147,1.578044546113582,0.9902458205070299,0.1999999999999999,3.2999999999999994,tamsd,,,,,,2.7999999999999994,3.688948427692219,3.6730468359812924,True
group3,isopropanol_5_n-heptane_95,isopropanol 5% / n-heptane 95%,group3 | isopropanol 5% / n-heptane 95%,#b44d22,>,0.8205314046931147,1.578044546113582,0.9902458205070299,0.1999999999999999,3.2999999999999994,tamsd,,,,,,2.8999999999999995,3.7630352998916976,3.7803441411429004,True
group3,isopropanol_5_n-heptane_95,isopropanol 5% / n-heptane 95%,group3 | isopropanol 5% / n-heptane 95%,#b44d22,>,0.8205314046931147,1.578044546113582,0.9902458205070299,0.1999999999999999,3.2999999999999994,tamsd,,,,,,2.999999999999999,3.831274309129919,3.8869793370171366,True
group3,isopropanol_5_n-heptane_95,isopropanol 5% / n-heptane 95%,group3 | isopropanol 5% / n-heptane 95%,#b44d22,>,0.8205314046931147,1.578044546113582,0.9902458205070299,0.1999999999999999,3.2999999999999994,tamsd,,,,,,3.099999999999999,3.9024422203531604,3.9929783868878097,True
group3,isopropanol_5_n-heptane_95,isopropanol 5% / n-heptane 95%,group3 | isopropanol 5% / n-heptane 95%,#b44d22,>,0.8205314046931147,1.578044546113582,0.9902458205070299,0.1999999999999999,3.2999999999999994,tamsd,,,,,,3.1999999999999993,3.9633742567324552,4.098365433004341,True
group3,isopropanol_5_n-heptane_95,isopropanol 5% / n-heptane 95%,group3 | isopropanol 5% / n-heptane 95%,#b44d22,>,0.8205314046931147,1.578044546113582,0.9902458205070299,0.1999999999999999,3.2999999999999994,tamsd,,,,,,3.2999999999999994,3.9820016170223114,4.2031629771280326,True
group3,thf_n-heptane,THF 5% / n-heptane 95%,group3 | THF 5% / n-heptane 95%,#2525e4,p,0.5164957724905551,0.9573627264490244,0.9846820254080548,0.1999999999999999,3.2999999999999994,displacement,0.0,23.82706467691491,23.36812621558184,25.830663686629208,0.0,,,,False
group3,thf_n-heptane,THF 5% / n-heptane 95%,group3 | THF 5% / n-heptane 95%,#2525e4,p,0.5164957724905551,0.9573627264490244,0.9846820254080548,0.1999999999999999,3.2999999999999994,displacement,0.1,23.782009656264297,23.336342375716068,26.28426125251053,0.4569364497781933,,,,False
group3,thf_n-heptane,THF 5% / n-heptane 95%,group3 | THF 5% / n-heptane 95%,#2525e4,p,0.5164957724905551,0.9573627264490244,0.9846820254080548,0.1999999999999999,3.2999999999999994,displacement,0.2,23.911256612724,23.322154008674374,25.93279944049612,0.1401193708278296,,,,False
group3,thf_n-heptane,THF 5% / n-heptane 95%,group3 | THF 5% / n-heptane 95%,#2525e4,p,0.5164957724905551,0.9573627264490244,0.9846820254080548,0.1999999999999999,3.2999999999999994,displacement,0.3,24.05869000169674,23.58666863131842,25.82779698585697,0.318463964255904,,,,False
group3,thf_n-heptane,THF 5% / n-heptane 95%,group3 | THF 5% / n-heptane 95%,#2525e4,p,0.5164957724905551,0.9573627264490244,0.9846820254080548,0.1999999999999999,3.2999999999999994,displacement,0.4,23.955163465093435,23.764960605670773,25.77883217524277,0.4202063044061393,,,,False
group3,thf_n-heptane,THF 5% / n-heptane 95%,group3 | THF 5% / n-heptane 95%,#2525e4,p,0.5164957724905551,0.9573627264490244,0.9846820254080548,0.1999999999999999,3.2999999999999994,displacement,0.5,23.910050106147388,23.60599597318098,25.487342283000142,0.4258382195564443,,,,False
group3,thf_n-heptane,THF 5% / n-heptane 95%,group3 | THF 5% / n-heptane 95%,#2525e4,p,0.5164957724905551,0.9573627264490244,0.9846820254080548,0.1999999999999999,3.2999999999999994,displacement,0.6,24.193711534264853,23.827416251988197,25.602507173874525,0.630422596247245,,,,False
group3,thf_n-heptane,THF 5% / n-heptane 95%,group3 | THF 5% / n-heptane 95%,#2525e4,p,0.5164957724905551,0.9573627264490244,0.9846820254080548,0.1999999999999999,3.2999999999999994,displacement,0.7,24.31979538682042,24.1745239861855,25.38909503153482,1.0430933774501718,,,,False
group3,thf_n-heptane,THF 5% / n-heptane 95%,group3 | THF 5% / n-heptane 95%,#2525e4,p,0.5164957724905551,0.9573627264490244,0.9846820254080548,0.1999999999999999,3.2999999999999994,displacement,0.8,24.45766797869948,24.35433904826141,25.329453666876844,1.2733765191268545,,,,False
group3,thf_n-heptane,THF 5% / n-heptane 95%,group3 | THF 5% / n-heptane 95%,#2525e4,p,0.5164957724905551,0.9573627264490244,0.9846820254080548,0.1999999999999999,3.2999999999999994,displacement,0.9,24.72509795779798,24.10036385124845,24.9695744933378,1.4436448065446974,,,,False
group3,thf_n-heptane,THF 5% / n-heptane 95%,group3 | THF 5% / n-heptane 95%,#2525e4,p,0.5164957724905551,0.9573627264490244,0.9846820254080548,0.1999999999999999,3.2999999999999994,displacement,1.0,23.966951580704663,23.952079393877103,25.141791289516327,0.9138461795056516,,,,False
group3,thf_n-heptane,THF 5% / n-heptane 95%,group3 | THF 5% / n-heptane 95%,#2525e4,p,0.5164957724905551,0.9573627264490244,0.9846820254080548,0.1999999999999999,3.2999999999999994,displacement,1.1,24.166938775439007,23.67686718890867,25.090882554565027,0.870695994487471,,,,False
group3,thf_n-heptane,THF 5% / n-heptane 95%,group3 | THF 5% / n-heptane 95%,#2525e4,p,0.5164957724905551,0.9573627264490244,0.9846820254080548,0.1999999999999999,3.2999999999999994,displacement,1.2,24.088834628667467,23.95711483144155,25.16300360894669,0.9280092007000268,,,,False
group3,thf_n-heptane,THF 5% / n-heptane 95%,group3 | THF 5% / n-heptane 95%,#2525e4,p,0.5164957724905551,0.9573627264490244,0.9846820254080548,0.1999999999999999,3.2999999999999994,displacement,1.3,24.113773203869595,24.026258033782657,25.59207866291912,0.7564800612677004,,,,False
group3,thf_n-heptane,THF 5% / n-heptane 95%,group3 | THF 5% / n-heptane 95%,#2525e4,p,0.5164957724905551,0.9573627264490244,0.9846820254080548,0.1999999999999999,3.2999999999999994,displacement,1.4,24.240691994762617,24.269928998931583,25.746086442965545,0.9957354710328316,,,,False
group3,thf_n-heptane,THF 5% / n-heptane 95%,group3 | THF 5% / n-heptane 95%,#2525e4,p,0.5164957724905551,0.9573627264490244,0.9846820254080548,0.1999999999999999,3.2999999999999994,displacement,1.5,24.259908153084787,23.76224377799597,25.435715050757945,0.7061632621728837,,,,False
group3,thf_n-heptane,THF 5% / n-heptane 95%,group3 | THF 5% / n-heptane 95%,#2525e4,p,0.5164957724905551,0.9573627264490244,0.9846820254080548,0.1999999999999999,3.2999999999999994,displacement,1.6,23.764012597213515,24.083239730257016,25.455787928415397,0.8098732849786683,,,,False
group3,thf_n-heptane,THF 5% / n-heptane 95%,group3 | THF 5% / n-heptane 95%,#2525e4,p,0.5164957724905551,0.9573627264490244,0.9846820254080548,0.1999999999999999,3.2999999999999994,displacement,1.7,23.77298233835717,24.335940322525744,25.50767169659353,1.0217205442637982,,,,False
group3,thf_n-heptane,THF 5% / n-heptane 95%,group3 | THF 5% / n-heptane 95%,#2525e4,p,0.5164957724905551,0.9573627264490244,0.9846820254080548,0.1999999999999999,3.2999999999999994,displacement,1.8,23.85229694871928,24.048479399820987,25.270888972948107,0.8813993719770379,,,,False
group3,thf_n-heptane,THF 5% / n-heptane 95%,group3 | THF 5% / n-heptane 95%,#2525e4,p,0.5164957724905551,0.9573627264490244,0.9846820254080548,0.1999999999999999,3.2999999999999994,displacement,1.9,23.859904205803065,24.30631467276142,24.69336871304319,1.4746917890822555,,,,False
group3,thf_n-heptane,THF 5% / n-heptane 95%,group3 | THF 5% / n-heptane 95%,#2525e4,p,0.5164957724905551,0.9573627264490244,0.9846820254080548,0.1999999999999999,3.2999999999999994,displacement,2.0,23.657885126262247,24.746310945116534,24.31437082951117,2.0560055684819663,,,,False
group3,thf_n-heptane,THF 5% / n-heptane 95%,group3 | THF 5% / n-heptane 95%,#2525e4,p,0.5164957724905551,0.9573627264490244,0.9846820254080548,0.1999999999999999,3.2999999999999994,displacement,2.1,23.714175420775074,24.66882390883078,24.42837735166332,1.9159763669228784,,,,False
group3,thf_n-heptane,THF 5% / n-heptane 95%,group3 | THF 5% / n-heptane 95%,#2525e4,p,0.5164957724905551,0.9573627264490244,0.9846820254080548,0.1999999999999999,3.2999999999999994,displacement,2.2,23.556172949219334,24.671908319354703,24.16699994674272,2.1309638996626368,,,,False
group3,thf_n-heptane,THF 5% / n-heptane 95%,group3 | THF 5% / n-heptane 95%,#2525e4,p,0.5164957724905551,0.9573627264490244,0.9846820254080548,0.1999999999999999,3.2999999999999994,displacement,2.3,24.151485197059348,24.80711503439676,24.235409131597294,2.17273435788069,,,,False
group3,thf_n-heptane,THF 5% / n-heptane 95%,group3 | THF 5% / n-heptane 95%,#2525e4,p,0.5164957724905551,0.9573627264490244,0.9846820254080548,0.1999999999999999,3.2999999999999994,displacement,2.4,24.029573714150477,24.6120782201093,24.765529932641407,1.6501322412504122,,,,False
group3,thf_n-heptane,THF 5% / n-heptane 95%,group3 | THF 5% / n-heptane 95%,#2525e4,p,0.5164957724905551,0.9573627264490244,0.9846820254080548,0.1999999999999999,3.2999999999999994,displacement,2.5,23.94972188837732,24.26824863646227,25.201812445925366,1.104861551068796,,,,False
group3,thf_n-heptane,THF 5% / n-heptane 95%,group3 | THF 5% / n-heptane 95%,#2525e4,p,0.5164957724905551,0.9573627264490244,0.9846820254080548,0.1999999999999999,3.2999999999999994,displacement,2.6,23.9187734700078,24.15949000384294,25.327912627329244,0.9420327890942812,,,,False
group3,thf_n-heptane,THF 5% / n-heptane 95%,group3 | THF 5% / n-heptane 95%,#2525e4,p,0.5164957724905551,0.9573627264490244,0.9846820254080548,0.1999999999999999,3.2999999999999994,displacement,2.7,24.229486777591465,24.312612127695463,25.19325460417052,1.208423569653814,,,,False
group3,thf_n-heptane,THF 5% / n-heptane 95%,group3 | THF 5% / n-heptane 95%,#2525e4,p,0.5164957724905551,0.9573627264490244,0.9846820254080548,0.1999999999999999,3.2999999999999994,displacement,2.8,23.85550144858609,24.14251199330685,25.049874229404416,1.1000518893394235,,,,False
group3,thf_n-heptane,THF 5% / n-heptane 95%,group3 | THF 5% / n-heptane 95%,#2525e4,p,0.5164957724905551,0.9573627264490244,0.9846820254080548,0.1999999999999999,3.2999999999999994,displacement,2.9,23.942330598993607,24.37745878463743,25.37962088891984,1.1115206129957762,,,,False
group3,thf_n-heptane,THF 5% / n-heptane 95%,group3 | THF 5% / n-heptane 95%,#2525e4,p,0.5164957724905551,0.9573627264490244,0.9846820254080548,0.1999999999999999,3.2999999999999994,displacement,3.0,23.814388806862937,24.284907295430504,25.43074865311039,1.0002900879666945,,,,False
group3,thf_n-heptane,THF 5% / n-heptane 95%,group3 | THF 5% / n-heptane 95%,#2525e4,p,0.5164957724905551,0.9573627264490244,0.9846820254080548,0.1999999999999999,3.2999999999999994,displacement,3.1,24.236022748053728,24.304072226124088,25.503318791647903,1.072565298184615,,,,False
group3,thf_n-heptane,THF 5% / n-heptane 95%,group3 | THF 5% / n-heptane 95%,#2525e4,p,0.5164957724905551,0.9573627264490244,0.9846820254080548,0.1999999999999999,3.2999999999999994,displacement,3.2,24.17432903538722,23.86176047696271,25.423130536662452,0.7282517332598993,,,,False
group3,thf_n-heptane,THF 5% / n-heptane 95%,group3 | THF 5% / n-heptane 95%,#2525e4,p,0.5164957724905551,0.9573627264490244,0.9846820254080548,0.1999999999999999,3.2999999999999994,displacement,3.3,24.514791820763104,23.653059616592397,25.67345300085228,0.7608356373879226,,,,False
group3,thf_n-heptane,THF 5% / n-heptane 95%,group3 | THF 5% / n-heptane 95%,#2525e4,p,0.5164957724905551,0.9573627264490244,0.9846820254080548,0.1999999999999999,3.2999999999999994,displacement,3.4,24.284026039319947,23.669381047146707,25.772260269875645,0.55043539072332,,,,False
group3,thf_n-heptane,THF 5% / n-heptane 95%,group3 | THF 5% / n-heptane 95%,#2525e4,p,0.5164957724905551,0.9573627264490244,0.9846820254080548,0.1999999999999999,3.2999999999999994,displacement,3.5,24.43627084075665,23.934460383839077,25.592272563820764,0.8652727128670212,,,,False
group3,thf_n-heptane,THF 5% / n-heptane 95%,group3 | THF 5% / n-heptane 95%,#2525e4,p,0.5164957724905551,0.9573627264490244,0.9846820254080548,0.1999999999999999,3.2999999999999994,displacement,3.6,24.119313559926784,24.091523025976127,25.062909797420076,1.0946042158269216,,,,False
group3,thf_n-heptane,THF 5% / n-heptane 95%,group3 | THF 5% / n-heptane 95%,#2525e4,p,0.5164957724905551,0.9573627264490244,0.9846820254080548,0.1999999999999999,3.2999999999999994,displacement,3.7,24.388119674470897,24.077839077610893,25.35700808388909,1.0211878802742995,,,,False
group3,thf_n-heptane,THF 5% / n-heptane 95%,group3 | THF 5% / n-heptane 95%,#2525e4,p,0.5164957724905551,0.9573627264490244,0.9846820254080548,0.1999999999999999,3.2999999999999994,displacement,3.8,24.354958539641068,24.517608782483915,24.894970732223893,1.5733732573167358,,,,False
group3,thf_n-heptane,THF 5% / n-heptane 95%,group3 | THF 5% / n-heptane 95%,#2525e4,p,0.5164957724905551,0.9573627264490244,0.9846820254080548,0.1999999999999999,3.2999999999999994,displacement,3.9,24.066814555517222,24.19261736836889,25.28276663046764,1.0185562573881008,,,,False
group3,thf_n-heptane,THF 5% / n-heptane 95%,group3 | THF 5% / n-heptane 95%,#2525e4,p,0.5164957724905551,0.9573627264490244,0.9846820254080548,0.1999999999999999,3.2999999999999994,displacement,4.0,24.39007456347609,24.29850466539705,25.694230688953738,1.0959918590486473,,,,False
group3,thf_n-heptane,THF 5% / n-heptane 95%,group3 | THF 5% / n-heptane 95%,#2525e4,p,0.5164957724905551,0.9573627264490244,0.9846820254080548,0.1999999999999999,3.2999999999999994,displacement,4.1,24.29933875025796,24.35826729459087,25.89071744220653,1.098648538092206,,,,False
group3,thf_n-heptane,THF 5% / n-heptane 95%,group3 | THF 5% / n-heptane 95%,#2525e4,p,0.5164957724905551,0.9573627264490244,0.9846820254080548,0.1999999999999999,3.2999999999999994,displacement,4.2,24.213648844838325,24.155254964787375,25.279129332008004,1.0359580739790304,,,,False
group3,thf_n-heptane,THF 5% / n-heptane 95%,group3 | THF 5% / n-heptane 95%,#2525e4,p,0.5164957724905551,0.9573627264490244,0.9846820254080548,0.1999999999999999,3.2999999999999994,displacement,4.3,24.14285451184756,24.42772721198017,25.03605634233204,1.361572004348693,,,,False
group3,thf_n-heptane,THF 5% / n-heptane 95%,group3 | THF 5% / n-heptane 95%,#2525e4,p,0.5164957724905551,0.9573627264490244,0.9846820254080548,0.1999999999999999,3.2999999999999994,displacement,4.4,24.631565370206257,24.10191841678569,25.29507042526661,1.2134795019574374,,,,False
group3,thf_n-heptane,THF 5% / n-heptane 95%,group3 | THF 5% / n-heptane 95%,#2525e4,p,0.5164957724905551,0.9573627264490244,0.9846820254080548,0.1999999999999999,3.2999999999999994,displacement,4.5,24.41055002332828,24.192062021721647,25.74677121977784,1.0130959027223376,,,,False
group3,thf_n-heptane,THF 5% / n-heptane 95%,group3 | THF 5% / n-heptane 95%,#2525e4,p,0.5164957724905551,0.9573627264490244,0.9846820254080548,0.1999999999999999,3.2999999999999994,displacement,4.6,24.221564204373028,24.28596645533813,25.543825433639643,1.039392498654223,,,,False
group3,thf_n-heptane,THF 5% / n-heptane 95%,group3 | THF 5% / n-heptane 95%,#2525e4,p,0.5164957724905551,0.9573627264490244,0.9846820254080548,0.1999999999999999,3.2999999999999994,displacement,4.7,23.964172743714418,24.23425511886951,25.39106675304489,0.9809298461707322,,,,False
group3,thf_n-heptane,THF 5% / n-heptane 95%,group3 | THF 5% / n-heptane 95%,#2525e4,p,0.5164957724905551,0.9573627264490244,0.9846820254080548,0.1999999999999999,3.2999999999999994,displacement,4.8,24.358419120251654,24.309858262158286,25.399115664507107,1.1642295681695516,,,,False
group3,thf_n-heptane,THF 5% / n-heptane 95%,group3 | THF 5% / n-heptane 95%,#2525e4,p,0.5164957724905551,0.9573627264490244,0.9846820254080548,0.1999999999999999,3.2999999999999994,displacement,4.9,24.11186995904909,23.897262185709742,25.36660516784833,0.7592425386316503,,,,False
group3,thf_n-heptane,THF 5% / n-heptane 95%,group3 | THF 5% / n-heptane 95%,#2525e4,p,0.5164957724905551,0.9573627264490244,0.9846820254080548,0.1999999999999999,3.2999999999999994,displacement,5.0,24.07682618242268,23.633051963759144,25.34661727632401,0.6056957891633059,,,,False
group3,thf_n-heptane,THF 5% / n-heptane 95%,group3 | THF 5% / n-heptane 95%,#2525e4,p,0.5164957724905551,0.9573627264490244,0.9846820254080548,0.1999999999999999,3.2999999999999994,displacement,5.1,23.86307615905867,23.722166268850582,25.89132854921888,0.3610005702457386,,,,False
group3,thf_n-heptane,THF 5% / n-heptane 95%,group3 | THF 5% / n-heptane 95%,#2525e4,p,0.5164957724905551,0.9573627264490244,0.9846820254080548,0.1999999999999999,3.2999999999999994,displacement,5.2,24.309209200961423,23.78769776234924,25.60049880434584,0.6793228230829161,,,,False
group3,thf_n-heptane,THF 5% / n-heptane 95%,group3 | THF 5% / n-heptane 95%,#2525e4,p,0.5164957724905551,0.9573627264490244,0.9846820254080548,0.1999999999999999,3.2999999999999994,displacement,5.3,24.556907819161108,24.034200622847408,25.910290412351745,0.991295386727524,,,,False
group3,thf_n-heptane,THF 5% / n-heptane 95%,group3 | THF 5% / n-heptane 95%,#2525e4,p,0.5164957724905551,0.9573627264490244,0.9846820254080548,0.1999999999999999,3.2999999999999994,displacement,5.4,24.31665804369889,23.808000399482005,26.0710661588706,0.7007027266398224,,,,False
group3,thf_n-heptane,THF 5% / n-heptane 95%,group3 | THF 5% / n-heptane 95%,#2525e4,p,0.5164957724905551,0.9573627264490244,0.9846820254080548,0.1999999999999999,3.2999999999999994,displacement,5.5,24.08071702793055,23.845676420775927,26.378742803839653,0.7699249524329352,,,,False
group3,thf_n-heptane,THF 5% / n-heptane 95%,group3 | THF 5% / n-heptane 95%,#2525e4,p,0.5164957724905551,0.9573627264490244,0.9846820254080548,0.1999999999999999,3.2999999999999994,displacement,5.6,24.256181331893327,23.900227517515138,26.71772287989952,1.1198870083469803,,,,False
group3,thf_n-heptane,THF 5% / n-heptane 95%,group3 | THF 5% / n-heptane 95%,#2525e4,p,0.5164957724905551,0.9573627264490244,0.9846820254080548,0.1999999999999999,3.2999999999999994,displacement,5.7,24.69625843241853,24.011901215023865,26.13624275178476,1.1239762451112607,,,,False
group3,thf_n-heptane,THF 5% / n-heptane 95%,group3 | THF 5% / n-heptane 95%,#2525e4,p,0.5164957724905551,0.9573627264490244,0.9846820254080548,0.1999999999999999,3.2999999999999994,displacement,5.8,24.410197885639374,23.762190540967357,25.537142668079657,0.7625520441184283,,,,False
group3,thf_n-heptane,THF 5% / n-heptane 95%,group3 | THF 5% / n-heptane 95%,#2525e4,p,0.5164957724905551,0.9573627264490244,0.9846820254080548,0.1999999999999999,3.2999999999999994,displacement,5.9,24.29311156172704,23.8698809611151,25.553526376239702,0.7387574786884855,,,,False
group3,thf_n-heptane,THF 5% / n-heptane 95%,group3 | THF 5% / n-heptane 95%,#2525e4,p,0.5164957724905551,0.9573627264490244,0.9846820254080548,0.1999999999999999,3.2999999999999994,displacement,6.0,24.187760179603487,23.552165707515403,25.697613585137503,0.4262324597656556,,,,False
group3,thf_n-heptane,THF 5% / n-heptane 95%,group3 | THF 5% / n-heptane 95%,#2525e4,p,0.5164957724905551,0.9573627264490244,0.9846820254080548,0.1999999999999999,3.2999999999999994,displacement,6.1,24.460668363475804,23.452663190128472,25.534894541196856,0.7043291269561666,,,,False
group3,thf_n-heptane,THF 5% / n-heptane 95%,group3 | THF 5% / n-heptane 95%,#2525e4,p,0.5164957724905551,0.9573627264490244,0.9846820254080548,0.1999999999999999,3.2999999999999994,displacement,6.2,24.64499980043463,23.54332481101733,25.74473450639,0.8408901463011494,,,,False
group3,thf_n-heptane,THF 5% / n-heptane 95%,group3 | THF 5% / n-heptane 95%,#2525e4,p,0.5164957724905551,0.9573627264490244,0.9846820254080548,0.1999999999999999,3.2999999999999994,displacement,6.3,24.98471101443781,23.215025289915182,25.685825652115717,1.1766745482340892,,,,False
group3,thf_n-heptane,THF 5% / n-heptane 95%,group3 | THF 5% / n-heptane 95%,#2525e4,p,0.5164957724905551,0.9573627264490244,0.9846820254080548,0.1999999999999999,3.2999999999999994,displacement,6.4,25.21189235218133,23.421661177247326,25.961776436115983,1.3920503709931975,,,,False
group3,thf_n-heptane,THF 5% / n-heptane 95%,group3 | THF 5% / n-heptane 95%,#2525e4,p,0.5164957724905551,0.9573627264490244,0.9846820254080548,0.1999999999999999,3.2999999999999994,displacement,6.5,24.85071343150941,22.92174992305176,25.53458058609333,1.15532409727258,,,,False
group3,thf_n-heptane,THF 5% / n-heptane 95%,group3 | THF 5% / n-heptane 95%,#2525e4,p,0.5164957724905551,0.9573627264490244,0.9846820254080548,0.1999999999999999,3.2999999999999994,displacement,6.6,24.908907772362536,22.58344754732916,25.59240964577029,1.3575235112380566,,,,False
group3,thf_n-heptane,THF 5% / n-heptane 95%,group3 | THF 5% / n-heptane 95%,#2525e4,p,0.5164957724905551,0.9573627264490244,0.9846820254080548,0.1999999999999999,3.2999999999999994,displacement,6.7,25.173224074934517,22.530624083407854,25.91264705827016,1.5875377852190096,,,,False
group3,thf_n-heptane,THF 5% / n-heptane 95%,group3 | THF 5% / n-heptane 95%,#2525e4,p,0.5164957724905551,0.9573627264490244,0.9846820254080548,0.1999999999999999,3.2999999999999994,displacement,6.8,24.736246070349875,22.3816943049668,26.12275591911728,1.3729444973223977,,,,False
group3,thf_n-heptane,THF 5% / n-heptane 95%,group3 | THF 5% / n-heptane 95%,#2525e4,p,0.5164957724905551,0.9573627264490244,0.9846820254080548,0.1999999999999999,3.2999999999999994,displacement,6.9,24.96558116458714,22.512207430670973,25.605371016323875,1.4420726564074726,,,,False
group3,thf_n-heptane,THF 5% / n-heptane 95%,group3 | THF 5% / n-heptane 95%,#2525e4,p,0.5164957724905551,0.9573627264490244,0.9846820254080548,0.1999999999999999,3.2999999999999994,displacement,7.0,24.918675235877263,22.262289009592585,25.53794783727037,1.5811932541767575,,,,False
group3,thf_n-heptane,THF 5% / n-heptane 95%,group3 | THF 5% / n-heptane 95%,#2525e4,p,0.5164957724905551,0.9573627264490244,0.9846820254080548,0.1999999999999999,3.2999999999999994,displacement,7.1,25.001453003534294,22.345734404954225,25.661736673394383,1.5662085722976782,,,,False
group3,thf_n-heptane,THF 5% / n-heptane 95%,group3 | THF 5% / n-heptane 95%,#2525e4,p,0.5164957724905551,0.9573627264490244,0.9846820254080548,0.1999999999999999,3.2999999999999994,displacement,7.2,24.73009144908449,21.980028212181452,25.51297008685534,1.6861798959886865,,,,False
group3,thf_n-heptane,THF 5% / n-heptane 95%,group3 | THF 5% / n-heptane 95%,#2525e4,p,0.5164957724905551,0.9573627264490244,0.9846820254080548,0.1999999999999999,3.2999999999999994,displacement,7.3,24.479030058131816,22.26286520820229,25.71875002461601,1.2880937157226429,,,,False
group3,thf_n-heptane,THF 5% / n-heptane 95%,group3 | THF 5% / n-heptane 95%,#2525e4,p,0.5164957724905551,0.9573627264490244,0.9846820254080548,0.1999999999999999,3.2999999999999994,displacement,7.4,24.436174372379806,22.42761849289069,25.43461869288433,1.188453210951697,,,,False
group3,thf_n-heptane,THF 5% / n-heptane 95%,group3 | THF 5% / n-heptane 95%,#2525e4,p,0.5164957724905551,0.9573627264490244,0.9846820254080548,0.1999999999999999,3.2999999999999994,displacement,7.5,24.519599593375496,22.73023145090833,25.707789662486576,0.9495327098757276,,,,False
group3,thf_n-heptane,THF 5% / n-heptane 95%,group3 | THF 5% / n-heptane 95%,#2525e4,p,0.5164957724905551,0.9573627264490244,0.9846820254080548,0.1999999999999999,3.2999999999999994,displacement,7.6,24.214584176096327,22.698500425908684,25.92641600064094,0.7795758885957245,,,,False
group3,thf_n-heptane,THF 5% / n-heptane 95%,group3 | THF 5% / n-heptane 95%,#2525e4,p,0.5164957724905551,0.9573627264490244,0.9846820254080548,0.1999999999999999,3.2999999999999994,displacement,7.7,24.175590574473752,22.864943749915,25.97060859036817,0.6278912892422237,,,,False
group3,thf_n-heptane,THF 5% / n-heptane 95%,group3 | THF 5% / n-heptane 95%,#2525e4,p,0.5164957724905551,0.9573627264490244,0.9846820254080548,0.1999999999999999,3.2999999999999994,displacement,7.8,24.32538894668744,23.116530149732533,25.806218379400143,0.5587711796797458,,,,False
group3,thf_n-heptane,THF 5% / n-heptane 95%,group3 | THF 5% / n-heptane 95%,#2525e4,p,0.5164957724905551,0.9573627264490244,0.9846820254080548,0.1999999999999999,3.2999999999999994,displacement,7.9,24.209336786512583,22.857466913639243,25.31824193156858,0.8182181515318325,,,,False
group3,thf_n-heptane,THF 5% / n-heptane 95%,group3 | THF 5% / n-heptane 95%,#2525e4,p,0.5164957724905551,0.9573627264490244,0.9846820254080548,0.1999999999999999,3.2999999999999994,displacement,8.0,24.396079462241254,22.78276500156941,25.635764197262795,0.8392921944980648,,,,False
group3,thf_n-heptane,THF 5% / n-heptane 95%,group3 | THF 5% / n-heptane 95%,#2525e4,p,0.5164957724905551,0.9573627264490244,0.9846820254080548,0.1999999999999999,3.2999999999999994,displacement,8.1,24.20900282302997,22.71523429346701,25.43998656607729,0.8513361392207784,,,,False
group3,thf_n-heptane,THF 5% / n-heptane 95%,group3 | THF 5% / n-heptane 95%,#2525e4,p,0.5164957724905551,0.9573627264490244,0.9846820254080548,0.1999999999999999,3.2999999999999994,displacement,8.2,24.064801338184363,22.818699515625205,25.69387930785273,0.6140833697585776,,,,False
group3,thf_n-heptane,THF 5% / n-heptane 95%,group3 | THF 5% / n-heptane 95%,#2525e4,p,0.5164957724905551,0.9573627264490244,0.9846820254080548,0.1999999999999999,3.2999999999999994,displacement,8.3,23.7453400838882,22.496890947691263,25.516432762616606,0.9297692588634844,,,,False
group3,thf_n-heptane,THF 5% / n-heptane 95%,group3 | THF 5% / n-heptane 95%,#2525e4,p,0.5164957724905551,0.9573627264490244,0.9846820254080548,0.1999999999999999,3.2999999999999994,displacement,8.4,23.890351592209512,23.19248931508445,25.94763894841676,0.2203106133033545,,,,False
group3,thf_n-heptane,THF 5% / n-heptane 95%,group3 | THF 5% / n-heptane 95%,#2525e4,p,0.5164957724905551,0.9573627264490244,0.9846820254080548,0.1999999999999999,3.2999999999999994,displacement,8.5,23.74604711473279,22.910831244282974,25.90121420153564,0.46974451706297,,,,False
group3,thf_n-heptane,THF 5% / n-heptane 95%,group3 | THF 5% / n-heptane 95%,#2525e4,p,0.5164957724905551,0.9573627264490244,0.9846820254080548,0.1999999999999999,3.2999999999999994,displacement,8.6,24.277053994928515,22.83127361598188,25.98310118983822,0.7168948963468612,,,,False
group3,thf_n-heptane,THF 5% / n-heptane 95%,group3 | THF 5% / n-heptane 95%,#2525e4,p,0.5164957724905551,0.9573627264490244,0.9846820254080548,0.1999999999999999,3.2999999999999994,displacement,8.7,23.83213613341973,23.168027114480196,25.89852210743153,0.2113531055048689,,,,False
group3,thf_n-heptane,THF 5% / n-heptane 95%,group3 | THF 5% / n-heptane 95%,#2525e4,p,0.5164957724905551,0.9573627264490244,0.9846820254080548,0.1999999999999999,3.2999999999999994,displacement,8.8,24.15499413528461,22.9796521459512,26.06485034883538,0.5597260269071901,,,,False
group3,thf_n-heptane,THF 5% / n-heptane 95%,group3 | THF 5% / n-heptane 95%,#2525e4,p,0.5164957724905551,0.9573627264490244,0.9846820254080548,0.1999999999999999,3.2999999999999994,displacement,8.9,23.91998378291065,22.78324009558854,26.02695133862349,0.6239026974980106,,,,False
group3,thf_n-heptane,THF 5% / n-heptane 95%,group3 | THF 5% / n-heptane 95%,#2525e4,p,0.5164957724905551,0.9573627264490244,0.9846820254080548,0.1999999999999999,3.2999999999999994,displacement,9.0,23.64988553407255,23.026005236152976,26.10184009535908,0.4711431394760485,,,,False
group3,thf_n-heptane,THF 5% / n-heptane 95%,group3 | THF 5% / n-heptane 95%,#2525e4,p,0.5164957724905551,0.9573627264490244,0.9846820254080548,0.1999999999999999,3.2999999999999994,displacement,9.1,23.725448493590893,23.25461009119804,26.222440221957317,0.4203577200934381,,,,False
group3,thf_n-heptane,THF 5% / n-heptane 95%,group3 | THF 5% / n-heptane 95%,#2525e4,p,0.5164957724905551,0.9573627264490244,0.9846820254080548,0.1999999999999999,3.2999999999999994,displacement,9.2,23.45360478040732,23.13348165084708,26.14007635793545,0.5387639253178429,,,,False
group3,thf_n-heptane,THF 5% / n-heptane 95%,group3 | THF 5% / n-heptane 95%,#2525e4,p,0.5164957724905551,0.9573627264490244,0.9846820254080548,0.1999999999999999,3.2999999999999994,displacement,9.3,23.716804403819587,23.16435481596208,26.172831982610216,0.4132302674061968,,,,False
group3,thf_n-heptane,THF 5% / n-heptane 95%,group3 | THF 5% / n-heptane 95%,#2525e4,p,0.5164957724905551,0.9573627264490244,0.9846820254080548,0.1999999999999999,3.2999999999999994,displacement,9.4,24.606675466348992,23.060841819021675,26.12688588632741,0.8887993446022653,,,,False
group3,thf_n-heptane,THF 5% / n-heptane 95%,group3 | THF 5% / n-heptane 95%,#2525e4,p,0.5164957724905551,0.9573627264490244,0.9846820254080548,0.1999999999999999,3.2999999999999994,displacement,9.5,25.100053689206625,23.042434310978425,26.20737987089228,1.3669276958293592,,,,False
group3,thf_n-heptane,THF 5% / n-heptane 95%,group3 | THF 5% / n-heptane 95%,#2525e4,p,0.5164957724905551,0.9573627264490244,0.9846820254080548,0.1999999999999999,3.2999999999999994,displacement,9.6,25.29451797943793,23.34408713582813,26.266314228430552,1.5309436524617537,,,,False
group3,thf_n-heptane,THF 5% / n-heptane 95%,group3 | THF 5% / n-heptane 95%,#2525e4,p,0.5164957724905551,0.9573627264490244,0.9846820254080548,0.1999999999999999,3.2999999999999994,displacement,9.7,25.26367884565188,22.93599752346952,26.54109228197448,1.6599109209372565,,,,False
group3,thf_n-heptane,THF 5% / n-heptane 95%,group3 | THF 5% / n-heptane 95%,#2525e4,p,0.5164957724905551,0.9573627264490244,0.9846820254080548,0.1999999999999999,3.2999999999999994,displacement,9.8,24.49818680259297,22.81125040650086,27.027372073081104,1.4807520172258863,,,,False
group3,thf_n-heptane,THF 5% / n-heptane 95%,group3 | THF 5% / n-heptane 95%,#2525e4,p,0.5164957724905551,0.9573627264490244,0.9846820254080548,0.1999999999999999,3.2999999999999994,displacement,9.9,24.3671106720417,22.91621805236836,26.88586749020152,1.2685920273692943,,,,False
group3,thf_n-heptane,THF 5% / n-heptane 95%,group3 | THF 5% / n-heptane 95%,#2525e4,p,0.5164957724905551,0.9573627264490244,0.9846820254080548,0.1999999999999999,3.2999999999999994,displacement,10.0,24.31811044034624,23.52931291859884,26.78368172009702,1.084135815812856,,,,False
group3,thf_n-heptane,THF 5% / n-heptane 95%,group3 | THF 5% / n-heptane 95%,#2525e4,p,0.5164957724905551,0.9573627264490244,0.9846820254080548,0.1999999999999999,3.2999999999999994,tamsd,,,,,,0.09999999999999998,0.21341138606017893,0.29146119577749446,False
group3,thf_n-heptane,THF 5% / n-heptane 95%,group3 | THF 5% / n-heptane 95%,#2525e4,p,0.5164957724905551,0.9573627264490244,0.9846820254080548,0.1999999999999999,3.2999999999999994,tamsd,,,,,,0.19999999999999996,0.37127302361775083,0.4169283841014309,True
group3,thf_n-heptane,THF 5% / n-heptane 95%,group3 | THF 5% / n-heptane 95%,#2525e4,p,0.5164957724905551,0.9573627264490244,0.9846820254080548,0.1999999999999999,3.2999999999999994,tamsd,,,,,,0.29999999999999993,0.5173124067736703,0.5140576817775937,True
group3,thf_n-heptane,THF 5% / n-heptane 95%,group3 | THF 5% / n-heptane 95%,#2525e4,p,0.5164957724905551,0.9573627264490244,0.9846820254080548,0.1999999999999999,3.2999999999999994,tamsd,,,,,,0.3999999999999999,0.5969100653065956,0.596406245454829,True
group3,thf_n-heptane,THF 5% / n-heptane 95%,group3 | THF 5% / n-heptane 95%,#2525e4,p,0.5164957724905551,0.9573627264490244,0.9846820254080548,0.1999999999999999,3.2999999999999994,tamsd,,,,,,0.4999999999999999,0.6908798644459951,0.6692614263838442,True
group3,thf_n-heptane,THF 5% / n-heptane 95%,group3 | THF 5% / n-heptane 95%,#2525e4,p,0.5164957724905551,0.9573627264490244,0.9846820254080548,0.1999999999999999,3.2999999999999994,tamsd,,,,,,0.5999999999999999,0.7520578058292976,0.7353474208692902,True
group3,thf_n-heptane,THF 5% / n-heptane 95%,group3 | THF 5% / n-heptane 95%,#2525e4,p,0.5164957724905551,0.9573627264490244,0.9846820254080548,0.1999999999999999,3.2999999999999994,tamsd,,,,,,0.6999999999999998,0.8153718478867701,0.7962882500295257,True
group3,thf_n-heptane,THF 5% / n-heptane 95%,group3 | THF 5% / n-heptane 95%,#2525e4,p,0.5164957724905551,0.9573627264490244,0.9846820254080548,0.1999999999999999,3.2999999999999994,tamsd,,,,,,0.7999999999999998,0.8498582903804439,0.8531451040066163,True
group3,thf_n-heptane,THF 5% / n-heptane 95%,group3 | THF 5% / n-heptane 95%,#2525e4,p,0.5164957724905551,0.9573627264490244,0.9846820254080548,0.1999999999999999,3.2999999999999994,tamsd,,,,,,0.8999999999999998,0.8865115521715969,0.9066568861409944,True
group3,thf_n-heptane,THF 5% / n-heptane 95%,group3 | THF 5% / n-heptane 95%,#2525e4,p,0.5164957724905551,0.9573627264490244,0.9846820254080548,0.1999999999999999,3.2999999999999994,tamsd,,,,,,0.9999999999999998,0.9446907570842512,0.9573627264490243,True
group3,thf_n-heptane,THF 5% / n-heptane 95%,group3 | THF 5% / n-heptane 95%,#2525e4,p,0.5164957724905551,0.9573627264490244,0.9846820254080548,0.1999999999999999,3.2999999999999994,tamsd,,,,,,1.0999999999999996,0.9976223858852611,1.0056703862295102,True
group3,thf_n-heptane,THF 5% / n-heptane 95%,group3 | THF 5% / n-heptane 95%,#2525e4,p,0.5164957724905551,0.9573627264490244,0.9846820254080548,0.1999999999999999,3.2999999999999994,tamsd,,,,,,1.1999999999999997,1.07125266896359,1.0518971869251539,True
group3,thf_n-heptane,THF 5% / n-heptane 95%,group3 | THF 5% / n-heptane 95%,#2525e4,p,0.5164957724905551,0.9573627264490244,0.9846820254080548,0.1999999999999999,3.2999999999999994,tamsd,,,,,,1.2999999999999998,1.1186302047317755,1.0962958613804918,True
group3,thf_n-heptane,THF 5% / n-heptane 95%,group3 | THF 5% / n-heptane 95%,#2525e4,p,0.5164957724905551,0.9573627264490244,0.9846820254080548,0.1999999999999999,3.2999999999999994,tamsd,,,,,,1.3999999999999997,1.1535558919168691,1.139071609440648,True
group3,thf_n-heptane,THF 5% / n-heptane 95%,group3 | THF 5% / n-heptane 95%,#2525e4,p,0.5164957724905551,0.9573627264490244,0.9846820254080548,0.1999999999999999,3.2999999999999994,tamsd,,,,,,1.4999999999999996,1.183483251360814,1.1803937619630465,True
group3,thf_n-heptane,THF 5% / n-heptane 95%,group3 | THF 5% / n-heptane 95%,#2525e4,p,0.5164957724905551,0.9573627264490244,0.9846820254080548,0.1999999999999999,3.2999999999999994,tamsd,,,,,,1.5999999999999996,1.2244175274479374,1.2204040015298383,True
group3,thf_n-heptane,THF 5% / n-heptane 95%,group3 | THF 5% / n-heptane 95%,#2525e4,p,0.5164957724905551,0.9573627264490244,0.9846820254080548,0.1999999999999999,3.2999999999999994,tamsd,,,,,,1.6999999999999997,1.3245606198330244,1.2592223068229305,True
group3,thf_n-heptane,THF 5% / n-heptane 95%,group3 | THF 5% / n-heptane 95%,#2525e4,p,0.5164957724905551,0.9573627264490244,0.9846820254080548,0.1999999999999999,3.2999999999999994,tamsd,,,,,,1.7999999999999996,1.4118593755787157,1.296951347038934,True
group3,thf_n-heptane,THF 5% / n-heptane 95%,group3 | THF 5% / n-heptane 95%,#2525e4,p,0.5164957724905551,0.9573627264490244,0.9846820254080548,0.1999999999999999,3.2999999999999994,tamsd,,,,,,1.8999999999999995,1.479184210130205,1.3336797936381766,True
group3,thf_n-heptane,THF 5% / n-heptane 95%,group3 | THF 5% / n-heptane 95%,#2525e4,p,0.5164957724905551,0.9573627264490244,0.9846820254080548,0.1999999999999999,3.2999999999999994,tamsd,,,,,,1.9999999999999996,1.5000012058935694,1.3694848587736186,True
group3,thf_n-heptane,THF 5% / n-heptane 95%,group3 | THF 5% / n-heptane 95%,#2525e4,p,0.5164957724905551,0.9573627264490244,0.9846820254080548,0.1999999999999999,3.2999999999999994,tamsd,,,,,,2.0999999999999996,1.481767740308649,1.4044342703836616,True
group3,thf_n-heptane,THF 5% / n-heptane 95%,group3 | THF 5% / n-heptane 95%,#2525e4,p,0.5164957724905551,0.9573627264490244,0.9846820254080548,0.1999999999999999,3.2999999999999994,tamsd,,,,,,2.1999999999999993,1.4565868667993476,1.4385878296794796,True
group3,thf_n-heptane,THF 5% / n-heptane 95%,group3 | THF 5% / n-heptane 95%,#2525e4,p,0.5164957724905551,0.9573627264490244,0.9846820254080548,0.1999999999999999,3.2999999999999994,tamsd,,,,,,2.2999999999999994,1.4667922606763775,1.4719986541803463,True
group3,thf_n-heptane,THF 5% / n-heptane 95%,group3 | THF 5% / n-heptane 95%,#2525e4,p,0.5164957724905551,0.9573627264490244,0.9846820254080548,0.1999999999999999,3.2999999999999994,tamsd,,,,,,2.3999999999999995,1.493879616749294,1.5047141806154964,True
group3,thf_n-heptane,THF 5% / n-heptane 95%,group3 | THF 5% / n-heptane 95%,#2525e4,p,0.5164957724905551,0.9573627264490244,0.9846820254080548,0.1999999999999999,3.2999999999999994,tamsd,,,,,,2.4999999999999996,1.5199380939412428,1.536776982097058,True
group3,thf_n-heptane,THF 5% / n-heptane 95%,group3 | THF 5% / n-heptane 95%,#2525e4,p,0.5164957724905551,0.9573627264490244,0.9846820254080548,0.1999999999999999,3.2999999999999994,tamsd,,,,,,2.5999999999999996,1.5449714344885315,1.5682254399703817,True
group3,thf_n-heptane,THF 5% / n-heptane 95%,group3 | THF 5% / n-heptane 95%,#2525e4,p,0.5164957724905551,0.9573627264490244,0.9846820254080548,0.1999999999999999,3.2999999999999994,tamsd,,,,,,2.6999999999999993,1.5584661648356863,1.5990943007491765,True
group3,thf_n-heptane,THF 5% / n-heptane 95%,group3 | THF 5% / n-heptane 95%,#2525e4,p,0.5164957724905551,0.9573627264490244,0.9846820254080548,0.1999999999999999,3.2999999999999994,tamsd,,,,,,2.7999999999999994,1.6099468864562487,1.6294151412953768,True
group3,thf_n-heptane,THF 5% / n-heptane 95%,group3 | THF 5% / n-heptane 95%,#2525e4,p,0.5164957724905551,0.9573627264490244,0.9846820254080548,0.1999999999999999,3.2999999999999994,tamsd,,,,,,2.8999999999999995,1.5816035018755055,1.659216760079611,True
group3,thf_n-heptane,THF 5% / n-heptane 95%,group3 | THF 5% / n-heptane 95%,#2525e4,p,0.5164957724905551,0.9573627264490244,0.9846820254080548,0.1999999999999999,3.2999999999999994,tamsd,,,,,,2.999999999999999,1.5814890120889789,1.688525508398615,True
group3,thf_n-heptane,THF 5% / n-heptane 95%,group3 | THF 5% / n-heptane 95%,#2525e4,p,0.5164957724905551,0.9573627264490244,0.9846820254080548,0.1999999999999999,3.2999999999999994,tamsd,,,,,,3.099999999999999,1.5794357002131683,1.7173655724475196,True
group3,thf_n-heptane,THF 5% / n-heptane 95%,group3 | THF 5% / n-heptane 95%,#2525e4,p,0.5164957724905551,0.9573627264490244,0.9846820254080548,0.1999999999999999,3.2999999999999994,tamsd,,,,,,3.1999999999999993,1.6390944670587735,1.7457592148808612,True
group3,thf_n-heptane,THF 5% / n-heptane 95%,group3 | THF 5% / n-heptane 95%,#2525e4,p,0.5164957724905551,0.9573627264490244,0.9846820254080548,0.1999999999999999,3.2999999999999994,tamsd,,,,,,3.2999999999999994,1.7044947591501687,1.7737269827582247,True
group3,thf_toluene,THF 5% / toluene 95%,group3 | THF 5% / toluene 95%,#429a1d,h,0.6971447479005621,0.8785751883746012,0.9905320900850663,0.1999999999999999,3.2999999999999994,displacement,0.0,25.327064676914915,24.86812621558184,27.330663686629205,0.0,,,,False
group3,thf_toluene,THF 5% / toluene 95%,group3 | THF 5% / toluene 95%,#429a1d,h,0.6971447479005621,0.8785751883746012,0.9905320900850663,0.1999999999999999,3.2999999999999994,displacement,0.1,25.160107449451743,24.585810218979567,27.591195760201696,0.4188722945000125,,,,False
group3,thf_toluene,THF 5% / toluene 95%,group3 | THF 5% / toluene 95%,#429a1d,h,0.6971447479005621,0.8785751883746012,0.9905320900850663,0.1999999999999999,3.2999999999999994,displacement,0.2,25.18303067170185,24.2296309062581,27.885984382209987,0.8583723723573913,,,,False
group3,thf_toluene,THF 5% / toluene 95%,group3 | THF 5% / toluene 95%,#429a1d,h,0.6971447479005621,0.8785751883746012,0.9905320900850663,0.1999999999999999,3.2999999999999994,displacement,0.3,25.144524523862724,24.117054728348336,27.989825755791717,1.0158365615757603,,,,False
group3,thf_toluene,THF 5% / toluene 95%,group3 | THF 5% / toluene 95%,#429a1d,h,0.6971447479005621,0.8785751883746012,0.9905320900850663,0.1999999999999999,3.2999999999999994,displacement,0.4,24.78782882452604,24.55293158178217,27.659898255148228,0.7060583281752075,,,,False
group3,thf_toluene,THF 5% / toluene 95%,group3 | THF 5% / toluene 95%,#429a1d,h,0.6971447479005621,0.8785751883746012,0.9905320900850663,0.1999999999999999,3.2999999999999994,displacement,0.5,24.95572407610674,24.40429612262853,27.92520438915663,0.8405419941320335,,,,False
group3,thf_toluene,THF 5% / toluene 95%,group3 | THF 5% / toluene 95%,#429a1d,h,0.6971447479005621,0.8785751883746012,0.9905320900850663,0.1999999999999999,3.2999999999999994,displacement,0.6,24.562792175345955,24.28341513680986,28.06150071536234,1.2083551898596054,,,,False
group3,thf_toluene,THF 5% / toluene 95%,group3 | THF 5% / toluene 95%,#429a1d,h,0.6971447479005621,0.8785751883746012,0.9905320900850663,0.1999999999999999,3.2999999999999994,displacement,0.7,24.701682289684165,24.4879458354671,28.41874017469421,1.3113163979614164,,,,False
group3,thf_toluene,THF 5% / toluene 95%,group3 | THF 5% / toluene 95%,#429a1d,h,0.6971447479005621,0.8785751883746012,0.9905320900850663,0.1999999999999999,3.2999999999999994,displacement,0.8,25.277695787865763,24.259879489836145,28.09309054193927,0.9765736409940106,,,,False
group3,thf_toluene,THF 5% / toluene 95%,group3 | THF 5% / toluene 95%,#429a1d,h,0.6971447479005621,0.8785751883746012,0.9905320900850663,0.1999999999999999,3.2999999999999994,displacement,0.9,25.286405154144543,24.74011965063864,27.86441436134007,0.5503895531482927,,,,False
group3,thf_toluene,THF 5% / toluene 95%,group3 | THF 5% / toluene 95%,#429a1d,h,0.6971447479005621,0.8785751883746012,0.9905320900850663,0.1999999999999999,3.2999999999999994,displacement,1.0,25.209387562002465,24.585796921279524,27.852181409189956,0.6045977743428358,,,,False
group3,thf_toluene,THF 5% / toluene 95%,group3 | THF 5% / toluene 95%,#429a1d,h,0.6971447479005621,0.8785751883746012,0.9905320900850663,0.1999999999999999,3.2999999999999994,displacement,1.1,25.56664956946469,24.23106099998259,28.021584620331545,0.9698581062674688,,,,False
group3,thf_toluene,THF 5% / toluene 95%,group3 | THF 5% / toluene 95%,#429a1d,h,0.6971447479005621,0.8785751883746012,0.9905320900850663,0.1999999999999999,3.2999999999999994,displacement,1.2,25.51957466488484,24.198322897584948,27.88771938770162,0.8921925993669205,,,,False
group3,thf_toluene,THF 5% / toluene 95%,group3 | THF 5% / toluene 95%,#429a1d,h,0.6971447479005621,0.8785751883746012,0.9905320900850663,0.1999999999999999,3.2999999999999994,displacement,1.3,24.96807640653497,24.35584494309463,27.9697229853971,0.8942602908288024,,,,False
group3,thf_toluene,THF 5% / toluene 95%,group3 | THF 5% / toluene 95%,#429a1d,h,0.6971447479005621,0.8785751883746012,0.9905320900850663,0.1999999999999999,3.2999999999999994,displacement,1.4,25.069812709494343,24.533810326097598,28.076077392606425,0.8564970996810739,,,,False
group3,thf_toluene,THF 5% / toluene 95%,group3 | THF 5% / toluene 95%,#429a1d,h,0.6971447479005621,0.8785751883746012,0.9905320900850663,0.1999999999999999,3.2999999999999994,displacement,1.5,25.040146596506805,24.623082295752543,27.488311953774215,0.4089272351460673,,,,False
group3,thf_toluene,THF 5% / toluene 95%,group3 | THF 5% / toluene 95%,#429a1d,h,0.6971447479005621,0.8785751883746012,0.9905320900850663,0.1999999999999999,3.2999999999999994,displacement,1.6,24.70641616585165,24.725983699567927,27.4616197379131,0.6500450419099312,,,,False
group3,thf_toluene,THF 5% / toluene 95%,group3 | THF 5% / toluene 95%,#429a1d,h,0.6971447479005621,0.8785751883746012,0.9905320900850663,0.1999999999999999,3.2999999999999994,displacement,1.7,24.46997201535416,24.847022135674347,27.259959186563982,0.8602629476035311,,,,False
group3,thf_toluene,THF 5% / toluene 95%,group3 | THF 5% / toluene 95%,#429a1d,h,0.6971447479005621,0.8785751883746012,0.9905320900850663,0.1999999999999999,3.2999999999999994,displacement,1.8,24.49902627354632,25.21582081375089,27.445153448683943,0.9053436014378792,,,,False
group3,thf_toluene,THF 5% / toluene 95%,group3 | THF 5% / toluene 95%,#429a1d,h,0.6971447479005621,0.8785751883746012,0.9905320900850663,0.1999999999999999,3.2999999999999994,displacement,1.9,23.942097458443044,25.34368021241039,27.95437290729859,1.591634063498685,,,,False
group3,thf_toluene,THF 5% / toluene 95%,group3 | THF 5% / toluene 95%,#429a1d,h,0.6971447479005621,0.8785751883746012,0.9905320900850663,0.1999999999999999,3.2999999999999994,displacement,2.0,24.390054842450944,25.31755480200727,27.62628551409994,1.0804470135345356,,,,False
group3,thf_toluene,THF 5% / toluene 95%,group3 | THF 5% / toluene 95%,#429a1d,h,0.6971447479005621,0.8785751883746012,0.9905320900850663,0.1999999999999999,3.2999999999999994,displacement,2.1,24.237138620898538,25.40165031908857,27.839651034995704,1.315923591020101,,,,False
group3,thf_toluene,THF 5% / toluene 95%,group3 | THF 5% / toluene 95%,#429a1d,h,0.6971447479005621,0.8785751883746012,0.9905320900850663,0.1999999999999999,3.2999999999999994,displacement,2.2,24.118562172566,24.980794471263746,27.9621510553624,1.3681917759311288,,,,False
group3,thf_toluene,THF 5% / toluene 95%,group3 | THF 5% / toluene 95%,#429a1d,h,0.6971447479005621,0.8785751883746012,0.9905320900850663,0.1999999999999999,3.2999999999999994,displacement,2.3,24.17299583496988,24.956685584658533,28.275866045689146,1.4943644647046757,,,,False
group3,thf_toluene,THF 5% / toluene 95%,group3 | THF 5% / toluene 95%,#429a1d,h,0.6971447479005621,0.8785751883746012,0.9905320900850663,0.1999999999999999,3.2999999999999994,displacement,2.4,24.159784753878785,25.073003742103293,28.441639256030523,1.624433419812387,,,,False
group3,thf_toluene,THF 5% / toluene 95%,group3 | THF 5% / toluene 95%,#429a1d,h,0.6971447479005621,0.8785751883746012,0.9905320900850663,0.1999999999999999,3.2999999999999994,displacement,2.5,23.908423452374663,25.03222619076545,28.24434814025388,1.695373412147232,,,,False
group3,thf_toluene,THF 5% / toluene 95%,group3 | THF 5% / toluene 95%,#429a1d,h,0.6971447479005621,0.8785751883746012,0.9905320900850663,0.1999999999999999,3.2999999999999994,displacement,2.6,24.296310430498245,25.004706851773346,28.627684769377733,1.662339398493172,,,,False
group3,thf_toluene,THF 5% / toluene 95%,group3 | THF 5% / toluene 95%,#429a1d,h,0.6971447479005621,0.8785751883746012,0.9905320900850663,0.1999999999999999,3.2999999999999994,displacement,2.7,24.19112084834009,24.907653208447236,28.63934730393757,1.7333734666982497,,,,False
group3,thf_toluene,THF 5% / toluene 95%,group3 | THF 5% / toluene 95%,#429a1d,h,0.6971447479005621,0.8785751883746012,0.9905320900850663,0.1999999999999999,3.2999999999999994,displacement,2.8,24.07587370393893,24.95183166014109,28.574466233901287,1.766219190504384,,,,False
group3,thf_toluene,THF 5% / toluene 95%,group3 | THF 5% / toluene 95%,#429a1d,h,0.6971447479005621,0.8785751883746012,0.9905320900850663,0.1999999999999999,3.2999999999999994,displacement,2.9,24.12577592933153,25.17495737393472,28.41231214885253,1.6453581405386204,,,,False
group3,thf_toluene,THF 5% / toluene 95%,group3 | THF 5% / toluene 95%,#429a1d,h,0.6971447479005621,0.8785751883746012,0.9905320900850663,0.1999999999999999,3.2999999999999994,displacement,3.0,24.187391431735776,24.911690422282163,28.79528322294107,1.856303674517982,,,,False
group3,thf_toluene,THF 5% / toluene 95%,group3 | THF 5% / toluene 95%,#429a1d,h,0.6971447479005621,0.8785751883746012,0.9905320900850663,0.1999999999999999,3.2999999999999994,displacement,3.1,23.808897590111,24.887161925020752,28.41801269596075,1.8674907040686524,,,,False
group3,thf_toluene,THF 5% / toluene 95%,group3 | THF 5% / toluene 95%,#429a1d,h,0.6971447479005621,0.8785751883746012,0.9905320900850663,0.1999999999999999,3.2999999999999994,displacement,3.2,24.057322281443,24.47722698132532,28.375240008143813,1.6900259328395184,,,,False
group3,thf_toluene,THF 5% / toluene 95%,group3 | THF 5% / toluene 95%,#429a1d,h,0.6971447479005621,0.8785751883746012,0.9905320900850663,0.1999999999999999,3.2999999999999994,displacement,3.3,23.81781919414276,24.42148367775909,28.042668229530097,1.7275016506424592,,,,False
group3,thf_toluene,THF 5% / toluene 95%,group3 | THF 5% / toluene 95%,#429a1d,h,0.6971447479005621,0.8785751883746012,0.9905320900850663,0.1999999999999999,3.2999999999999994,displacement,3.4,23.97644202914552,24.503241756919696,28.11927084482364,1.6059960942655784,,,,False
group3,thf_toluene,THF 5% / toluene 95%,group3 | THF 5% / toluene 95%,#429a1d,h,0.6971447479005621,0.8785751883746012,0.9905320900850663,0.1999999999999999,3.2999999999999994,displacement,3.5,24.00698335728097,24.038816420326665,28.04316462310776,1.7140673882422175,,,,False
group3,thf_toluene,THF 5% / toluene 95%,group3 | THF 5% / toluene 95%,#429a1d,h,0.6971447479005621,0.8785751883746012,0.9905320900850663,0.1999999999999999,3.2999999999999994,displacement,3.6,24.12448126882811,23.756537829415947,28.600564396930487,2.0723135399085417,,,,False
group3,thf_toluene,THF 5% / toluene 95%,group3 | THF 5% / toluene 95%,#429a1d,h,0.6971447479005621,0.8785751883746012,0.9905320900850663,0.1999999999999999,3.2999999999999994,displacement,3.7,24.17220444050013,24.00667018172882,28.250922934519224,1.7095864257886708,,,,False
group3,thf_toluene,THF 5% / toluene 95%,group3 | THF 5% / toluene 95%,#429a1d,h,0.6971447479005621,0.8785751883746012,0.9905320900850663,0.1999999999999999,3.2999999999999994,displacement,3.8,24.397022174932182,24.05419297101856,27.96021071391464,1.3870096761246984,,,,False
group3,thf_toluene,THF 5% / toluene 95%,group3 | THF 5% / toluene 95%,#429a1d,h,0.6971447479005621,0.8785751883746012,0.9905320900850663,0.1999999999999999,3.2999999999999994,displacement,3.9,24.253936788473204,24.239759365192786,28.185724034592653,1.509164193280041,,,,False
group3,thf_toluene,THF 5% / toluene 95%,group3 | THF 5% / toluene 95%,#429a1d,h,0.6971447479005621,0.8785751883746012,0.9905320900850663,0.1999999999999999,3.2999999999999994,displacement,4.0,24.47591241453265,24.279624956338424,28.0879988251912,1.2823222754012515,,,,False
group3,thf_toluene,THF 5% / toluene 95%,group3 | THF 5% / toluene 95%,#429a1d,h,0.6971447479005621,0.8785751883746012,0.9905320900850663,0.1999999999999999,3.2999999999999994,displacement,4.1,24.37159776737929,24.09558636333888,28.153061927806437,1.4785376916441884,,,,False
group3,thf_toluene,THF 5% / toluene 95%,group3 | THF 5% / toluene 95%,#429a1d,h,0.6971447479005621,0.8785751883746012,0.9905320900850663,0.1999999999999999,3.2999999999999994,displacement,4.2,24.67352277444716,24.45213400383769,28.5294161649066,1.427296059929108,,,,False
group3,thf_toluene,THF 5% / toluene 95%,group3 | THF 5% / toluene 95%,#429a1d,h,0.6971447479005621,0.8785751883746012,0.9905320900850663,0.1999999999999999,3.2999999999999994,displacement,4.3,24.837265498544237,24.0111304133077,28.536742809691106,1.5585159259160146,,,,False
group3,thf_toluene,THF 5% / toluene 95%,group3 | THF 5% / toluene 95%,#429a1d,h,0.6971447479005621,0.8785751883746012,0.9905320900850663,0.1999999999999999,3.2999999999999994,displacement,4.4,24.52421336195785,23.88738294018691,28.31529220232256,1.6049675760205122,,,,False
group3,thf_toluene,THF 5% / toluene 95%,group3 | THF 5% / toluene 95%,#429a1d,h,0.6971447479005621,0.8785751883746012,0.9905320900850663,0.1999999999999999,3.2999999999999994,displacement,4.5,24.66800803531081,23.79003867170391,28.02092116479866,1.4398207510923295,,,,False
group3,thf_toluene,THF 5% / toluene 95%,group3 | THF 5% / toluene 95%,#429a1d,h,0.6971447479005621,0.8785751883746012,0.9905320900850663,0.1999999999999999,3.2999999999999994,displacement,4.6,24.70381417977933,23.36025337508671,28.186064966994216,1.8422358795042248,,,,False
group3,thf_toluene,THF 5% / toluene 95%,group3 | THF 5% / toluene 95%,#429a1d,h,0.6971447479005621,0.8785751883746012,0.9905320900850663,0.1999999999999999,3.2999999999999994,displacement,4.7,24.334331779697663,23.62501573281937,28.24197235346052,1.833391874044708,,,,False
group3,thf_toluene,THF 5% / toluene 95%,group3 | THF 5% / toluene 95%,#429a1d,h,0.6971447479005621,0.8785751883746012,0.9905320900850663,0.1999999999999999,3.2999999999999994,displacement,4.8,24.20250451964124,23.731929569489203,28.389751977878625,1.9176147617759831,,,,False
group3,thf_toluene,THF 5% / toluene 95%,group3 | THF 5% / toluene 95%,#429a1d,h,0.6971447479005621,0.8785751883746012,0.9905320900850663,0.1999999999999999,3.2999999999999994,displacement,4.9,24.350178247909565,23.33551764312999,28.67580384299505,2.2611055198277827,,,,False
group3,thf_toluene,THF 5% / toluene 95%,group3 | THF 5% / toluene 95%,#429a1d,h,0.6971447479005621,0.8785751883746012,0.9905320900850663,0.1999999999999999,3.2999999999999994,displacement,5.0,24.31287342052433,23.5379573978155,28.66201826579487,2.137858274947712,,,,False
group3,thf_toluene,THF 5% / toluene 95%,group3 | THF 5% / toluene 95%,#429a1d,h,0.6971447479005621,0.8785751883746012,0.9905320900850663,0.1999999999999999,3.2999999999999994,displacement,5.1,24.48698225610064,23.976815447602323,28.56699310735811,1.7403114076041897,,,,False
group3,thf_toluene,THF 5% / toluene 95%,group3 | THF 5% / toluene 95%,#429a1d,h,0.6971447479005621,0.8785751883746012,0.9905320900850663,0.1999999999999999,3.2999999999999994,displacement,5.2,24.607272812677728,23.82317254703509,29.00753891039201,2.102840700885572,,,,False
group3,thf_toluene,THF 5% / toluene 95%,group3 | THF 5% / toluene 95%,#429a1d,h,0.6971447479005621,0.8785751883746012,0.9905320900850663,0.1999999999999999,3.2999999999999994,displacement,5.3,24.413730665414928,23.876897343836227,29.2401299580707,2.3372580376409924,,,,False
group3,thf_toluene,THF 5% / toluene 95%,group3 | THF 5% / toluene 95%,#429a1d,h,0.6971447479005621,0.8785751883746012,0.9905320900850663,0.1999999999999999,3.2999999999999994,displacement,5.4,24.70439562733881,23.945283273130634,28.93433844633399,1.952211201854504,,,,False
group3,thf_toluene,THF 5% / toluene 95%,group3 | THF 5% / toluene 95%,#429a1d,h,0.6971447479005621,0.8785751883746012,0.9905320900850663,0.1999999999999999,3.2999999999999994,displacement,5.5,24.52696505329749,23.98922291652253,28.66086429371362,1.7838340931537964,,,,False
group3,thf_toluene,THF 5% / toluene 95%,group3 | THF 5% / toluene 95%,#429a1d,h,0.6971447479005621,0.8785751883746012,0.9905320900850663,0.1999999999999999,3.2999999999999994,displacement,5.6,24.585197337708003,24.192265056683706,28.879926877587717,1.845906793407515,,,,False
group3,thf_toluene,THF 5% / toluene 95%,group3 | THF 5% / toluene 95%,#429a1d,h,0.6971447479005621,0.8785751883746012,0.9905320900850663,0.1999999999999999,3.2999999999999994,displacement,5.7,24.63404483298708,23.969577682977175,29.50027032150407,2.448440099250292,,,,False
group3,thf_toluene,THF 5% / toluene 95%,group3 | THF 5% / toluene 95%,#429a1d,h,0.6971447479005621,0.8785751883746012,0.9905320900850663,0.1999999999999999,3.2999999999999994,displacement,5.8,24.58885874190268,24.20171893578756,29.04033941691187,1.9778871979381605,,,,False
group3,thf_toluene,THF 5% / toluene 95%,group3 | THF 5% / toluene 95%,#429a1d,h,0.6971447479005621,0.8785751883746012,0.9905320900850663,0.1999999999999999,3.2999999999999994,displacement,5.9,24.55934421962368,23.998507957086986,28.29083991306345,1.5058449461550134,,,,False
group3,thf_toluene,THF 5% / toluene 95%,group3 | THF 5% / toluene 95%,#429a1d,h,0.6971447479005621,0.8785751883746012,0.9905320900850663,0.1999999999999999,3.2999999999999994,displacement,6.0,24.8166650704979,23.918871500901304,28.246549062465863,1.4143685139472404,,,,False
group3,thf_toluene,THF 5% / toluene 95%,group3 | THF 5% / toluene 95%,#429a1d,h,0.6971447479005621,0.8785751883746012,0.9905320900850663,0.1999999999999999,3.2999999999999994,displacement,6.1,24.700482392078,23.970474973294294,28.268525381876376,1.4415157549828292,,,,False
group3,thf_toluene,THF 5% / toluene 95%,group3 | THF 5% / toluene 95%,#429a1d,h,0.6971447479005621,0.8785751883746012,0.9905320900850663,0.1999999999999999,3.2999999999999994,displacement,6.2,24.991523966822697,23.81288965094772,28.510380188593928,1.6179749072460572,,,,False
group3,thf_toluene,THF 5% / toluene 95%,group3 | THF 5% / toluene 95%,#429a1d,h,0.6971447479005621,0.8785751883746012,0.9905320900850663,0.1999999999999999,3.2999999999999994,displacement,6.3,24.796511989298747,23.635234525658845,28.831294504604635,2.0133059691153568,,,,False
group3,thf_toluene,THF 5% / toluene 95%,group3 | THF 5% / toluene 95%,#429a1d,h,0.6971447479005621,0.8785751883746012,0.9905320900850663,0.1999999999999999,3.2999999999999994,displacement,6.4,24.781175231043363,23.98947929483583,28.62976841331375,1.6606290342350762,,,,False
group3,thf_toluene,THF 5% / toluene 95%,group3 | THF 5% / toluene 95%,#429a1d,h,0.6971447479005621,0.8785751883746012,0.9905320900850663,0.1999999999999999,3.2999999999999994,displacement,6.5,25.01678380490882,23.857307136813308,28.38884979543086,1.4959235509865192,,,,False
group3,thf_toluene,THF 5% / toluene 95%,group3 | THF 5% / toluene 95%,#429a1d,h,0.6971447479005621,0.8785751883746012,0.9905320900850663,0.1999999999999999,3.2999999999999994,displacement,6.6,24.87064303444893,24.131091865313948,28.243104628736187,1.2586059041730415,,,,False
group3,thf_toluene,THF 5% / toluene 95%,group3 | THF 5% / toluene 95%,#429a1d,h,0.6971447479005621,0.8785751883746012,0.9905320900850663,0.1999999999999999,3.2999999999999994,displacement,6.7,25.20079609370972,24.251486613910547,28.016614185063943,0.9309759608909584,,,,False
group3,thf_toluene,THF 5% / toluene 95%,group3 | THF 5% / toluene 95%,#429a1d,h,0.6971447479005621,0.8785751883746012,0.9905320900850663,0.1999999999999999,3.2999999999999994,displacement,6.8,25.24928004020443,24.168778143519216,28.22302760590951,1.1364204943766192,,,,False
group3,thf_toluene,THF 5% / toluene 95%,group3 | THF 5% / toluene 95%,#429a1d,h,0.6971447479005621,0.8785751883746012,0.9905320900850663,0.1999999999999999,3.2999999999999994,displacement,6.9,25.563913550771627,24.22689210302404,28.07836047648329,1.0130790027007184,,,,False
group3,thf_toluene,THF 5% / toluene 95%,group3 | THF 5% / toluene 95%,#429a1d,h,0.6971447479005621,0.8785751883746012,0.9905320900850663,0.1999999999999999,3.2999999999999994,displacement,7.0,25.513312557268726,23.965516219833408,28.382879139729507,1.3987674707056728,,,,False
group3,thf_toluene,THF 5% / toluene 95%,group3 | THF 5% / toluene 95%,#429a1d,h,0.6971447479005621,0.8785751883746012,0.9905320900850663,0.1999999999999999,3.2999999999999994,displacement,7.1,25.45448205393689,23.824064097516725,27.97468979981507,1.2333168809397952,,,,False
group3,thf_toluene,THF 5% / toluene 95%,group3 | THF 5% / toluene 95%,#429a1d,h,0.6971447479005621,0.8785751883746012,0.9905320900850663,0.1999999999999999,3.2999999999999994,displacement,7.2,25.401150260717877,24.052076595351263,27.855917877834063,0.9733024307912532,,,,False
group3,thf_toluene,THF 5% / toluene 95%,group3 | THF 5% / toluene 95%,#429a1d,h,0.6971447479005621,0.8785751883746012,0.9905320900850663,0.1999999999999999,3.2999999999999994,displacement,7.3,25.477052432148344,24.02038570761265,28.14959516325,1.1881957157691403,,,,False
group3,thf_toluene,THF 5% / toluene 95%,group3 | THF 5% / toluene 95%,#429a1d,h,0.6971447479005621,0.8785751883746012,0.9905320900850663,0.1999999999999999,3.2999999999999994,displacement,7.4,25.44905302862993,24.12864644271793,27.815526093809243,0.8926382505390584,,,,False
group3,thf_toluene,THF 5% / toluene 95%,group3 | THF 5% / toluene 95%,#429a1d,h,0.6971447479005621,0.8785751883746012,0.9905320900850663,0.1999999999999999,3.2999999999999994,displacement,7.5,25.583512620256737,24.400422058414705,27.545647999318867,0.5750921499884308,,,,False
group3,thf_toluene,THF 5% / toluene 95%,group3 | THF 5% / toluene 95%,#429a1d,h,0.6971447479005621,0.8785751883746012,0.9905320900850663,0.1999999999999999,3.2999999999999994,displacement,7.6,25.281703732054527,24.24464965766012,27.42115952011213,0.6316408231537264,,,,False
group3,thf_toluene,THF 5% / toluene 95%,group3 | THF 5% / toluene 95%,#429a1d,h,0.6971447479005621,0.8785751883746012,0.9905320900850663,0.1999999999999999,3.2999999999999994,displacement,7.7,25.508292127471844,24.466091686495872,27.371842630301707,0.4429117934924763,,,,False
group3,thf_toluene,THF 5% / toluene 95%,group3 | THF 5% / toluene 95%,#429a1d,h,0.6971447479005621,0.8785751883746012,0.9905320900850663,0.1999999999999999,3.2999999999999994,displacement,7.8,26.028417651630903,24.15644143607866,27.4835932653751,1.010830686403441,,,,False
group3,thf_toluene,THF 5% / toluene 95%,group3 | THF 5% / toluene 95%,#429a1d,h,0.6971447479005621,0.8785751883746012,0.9905320900850663,0.1999999999999999,3.2999999999999994,displacement,7.9,26.08316795814678,24.464363147542457,27.3669501845771,0.8579239458923447,,,,False
group3,thf_toluene,THF 5% / toluene 95%,group3 | THF 5% / toluene 95%,#429a1d,h,0.6971447479005621,0.8785751883746012,0.9905320900850663,0.1999999999999999,3.2999999999999994,displacement,8.0,26.02065331391997,24.467112405721075,27.501658452768154,0.8192169939207112,,,,False
group3,thf_toluene,THF 5% / toluene 95%,group3 | THF 5% / toluene 95%,#429a1d,h,0.6971447479005621,0.8785751883746012,0.9905320900850663,0.1999999999999999,3.2999999999999994,displacement,8.1,25.70050321756089,24.36127930308768,27.785847855298567,0.776880147610862,,,,False
group3,thf_toluene,THF 5% / toluene 95%,group3 | THF 5% / toluene 95%,#429a1d,h,0.6971447479005621,0.8785751883746012,0.9905320900850663,0.1999999999999999,3.2999999999999994,displacement,8.2,25.72300391821826,23.74762367325304,27.31075614651364,1.188566422343581,,,,False
group3,thf_toluene,THF 5% / toluene 95%,group3 | THF 5% / toluene 95%,#429a1d,h,0.6971447479005621,0.8785751883746012,0.9905320900850663,0.1999999999999999,3.2999999999999994,displacement,8.3,25.621767139866115,23.90224013899604,27.45764321901585,1.0177962744365583,,,,False
group3,thf_toluene,THF 5% / toluene 95%,group3 | THF 5% / toluene 95%,#429a1d,h,0.6971447479005621,0.8785751883746012,0.9905320900850663,0.1999999999999999,3.2999999999999994,displacement,8.4,25.349610870342183,23.943169319712908,27.91433968047589,1.0939521268531205,,,,False
group3,thf_toluene,THF 5% / toluene 95%,group3 | THF 5% / toluene 95%,#429a1d,h,0.6971447479005621,0.8785751883746012,0.9905320900850663,0.1999999999999999,3.2999999999999994,displacement,8.5,25.594884845166472,23.743930909253184,27.65811289923223,1.2011518289242256,,,,False
group3,thf_toluene,THF 5% / toluene 95%,group3 | THF 5% / toluene 95%,#429a1d,h,0.6971447479005621,0.8785751883746012,0.9905320900850663,0.1999999999999999,3.2999999999999994,displacement,8.6,25.3851308807335,23.948753502179255,27.86324394979365,1.0640768801583078,,,,False
group3,thf_toluene,THF 5% / toluene 95%,group3 | THF 5% / toluene 95%,#429a1d,h,0.6971447479005621,0.8785751883746012,0.9905320900850663,0.1999999999999999,3.2999999999999994,displacement,8.7,25.51107899513192,23.92091500701997,27.517141518858505,0.9827737912902657,,,,False
group3,thf_toluene,THF 5% / toluene 95%,group3 | THF 5% / toluene 95%,#429a1d,h,0.6971447479005621,0.8785751883746012,0.9905320900850663,0.1999999999999999,3.2999999999999994,displacement,8.8,25.613215586307017,24.255891815504597,27.55341258299581,0.7115689526788059,,,,False
group3,thf_toluene,THF 5% / toluene 95%,group3 | THF 5% / toluene 95%,#429a1d,h,0.6971447479005621,0.8785751883746012,0.9905320900850663,0.1999999999999999,3.2999999999999994,displacement,8.9,25.286619787719463,23.633738448948836,27.734803866733785,1.2994915285026736,,,,False
group3,thf_toluene,THF 5% / toluene 95%,group3 | THF 5% / toluene 95%,#429a1d,h,0.6971447479005621,0.8785751883746012,0.9905320900850663,0.1999999999999999,3.2999999999999994,displacement,9.0,25.040369243525564,23.59870876883667,27.976148143329127,1.4526751562095797,,,,False
group3,thf_toluene,THF 5% / toluene 95%,group3 | THF 5% / toluene 95%,#429a1d,h,0.6971447479005621,0.8785751883746012,0.9905320900850663,0.1999999999999999,3.2999999999999994,displacement,9.1,25.242269890483083,23.87323908391881,27.64184680474489,1.045861125367466,,,,False
group3,thf_toluene,THF 5% / toluene 95%,group3 | THF 5% / toluene 95%,#429a1d,h,0.6971447479005621,0.8785751883746012,0.9905320900850663,0.1999999999999999,3.2999999999999994,displacement,9.2,25.420303694648595,23.47637735408748,28.002566121420383,1.548260730554483,,,,False
group3,thf_toluene,THF 5% / toluene 95%,group3 | THF 5% / toluene 95%,#429a1d,h,0.6971447479005621,0.8785751883746012,0.9905320900850663,0.1999999999999999,3.2999999999999994,displacement,9.3,25.503550696833827,23.347789383073017,28.03490949014209,1.6847948098434096,,,,False
group3,thf_toluene,THF 5% / toluene 95%,group3 | THF 5% / toluene 95%,#429a1d,h,0.6971447479005621,0.8785751883746012,0.9905320900850663,0.1999999999999999,3.2999999999999994,displacement,9.4,25.33525145424737,23.444213733072772,28.113994105655834,1.625177013909762,,,,False
group3,thf_toluene,THF 5% / toluene 95%,group3 | THF 5% / toluene 95%,#429a1d,h,0.6971447479005621,0.8785751883746012,0.9905320900850663,0.1999999999999999,3.2999999999999994,displacement,9.5,25.64772545871331,23.44063511235979,28.493766309737104,1.8690537441823707,,,,False
group3,thf_toluene,THF 5% / toluene 95%,group3 | THF 5% / toluene 95%,#429a1d,h,0.6971447479005621,0.8785751883746012,0.9905320900850663,0.1999999999999999,3.2999999999999994,displacement,9.6,25.71854711506802,23.87481806924656,28.50759420454151,1.5890516092788347,,,,False
group3,thf_toluene,THF 5% / toluene 95%,group3 | THF 5% / toluene 95%,#429a1d,h,0.6971447479005621,0.8785751883746012,0.9905320900850663,0.1999999999999999,3.2999999999999994,displacement,9.7,25.527518490928067,23.47511063158168,28.31354469949602,1.7166039829482556,,,,False
group3,thf_toluene,THF 5% / toluene 95%,group3 | THF 5% / toluene 95%,#429a1d,h,0.6971447479005621,0.8785751883746012,0.9905320900850663,0.1999999999999999,3.2999999999999994,displacement,9.8,25.607824727758956,23.411362078076568,27.88668624659574,1.58434498947141,,,,False
group3,thf_toluene,THF 5% / toluene 95%,group3 | THF 5% / toluene 95%,#429a1d,h,0.6971447479005621,0.8785751883746012,0.9905320900850663,0.1999999999999999,3.2999999999999994,displacement,9.9,25.714481229981462,23.443368393519744,28.33870985975228,1.7877873263520918,,,,False
group3,thf_toluene,THF 5% / toluene 95%,group3 | THF 5% / toluene 95%,#429a1d,h,0.6971447479005621,0.8785751883746012,0.9905320900850663,0.1999999999999999,3.2999999999999994,displacement,10.0,25.801572109794755,23.8644871196222,28.01173023676841,1.3024209705450165,,,,False
group3,thf_toluene,THF 5% / toluene 95%,group3 | THF 5% / toluene 95%,#429a1d,h,0.6971447479005621,0.8785751883746012,0.9905320900850663,0.1999999999999999,3.2999999999999994,tamsd,,,,,,0.09999999999999998,0.1850463186523398,0.17645508834272142,False
group3,thf_toluene,THF 5% / toluene 95%,group3 | THF 5% / toluene 95%,#429a1d,h,0.6971447479005621,0.8785751883746012,0.9905320900850663,0.1999999999999999,3.2999999999999994,tamsd,,,,,,0.19999999999999996,0.2958190054907569,0.28608538163773845,True
group3,thf_toluene,THF 5% / toluene 95%,group3 | THF 5% / toluene 95%,#429a1d,h,0.6971447479005621,0.8785751883746012,0.9905320900850663,0.1999999999999999,3.2999999999999994,tamsd,,,,,,0.29999999999999993,0.3591629114109838,0.379539309583243,True
group3,thf_toluene,THF 5% / toluene 95%,group3 | THF 5% / toluene 95%,#429a1d,h,0.6971447479005621,0.8785751883746012,0.9905320900850663,0.1999999999999999,3.2999999999999994,tamsd,,,,,,0.3999999999999999,0.4422726475570329,0.46382819761959265,True
group3,thf_toluene,THF 5% / toluene 95%,group3 | THF 5% / toluene 95%,#429a1d,h,0.6971447479005621,0.8785751883746012,0.9905320900850663,0.1999999999999999,3.2999999999999994,tamsd,,,,,,0.4999999999999999,0.5164081814911204,0.5418978823485365,True
group3,thf_toluene,THF 5% / toluene 95%,group3 | THF 5% / toluene 95%,#429a1d,h,0.6971447479005621,0.8785751883746012,0.9905320900850663,0.1999999999999999,3.2999999999999994,tamsd,,,,,,0.5999999999999999,0.6029158376284157,0.6153443873364204,True
group3,thf_toluene,THF 5% / toluene 95%,group3 | THF 5% / toluene 95%,#429a1d,h,0.6971447479005621,0.8785751883746012,0.9905320900850663,0.1999999999999999,3.2999999999999994,tamsd,,,,,,0.6999999999999998,0.6965551860680878,0.6851566013972634,True
group3,thf_toluene,THF 5% / toluene 95%,group3 | THF 5% / toluene 95%,#429a1d,h,0.6971447479005621,0.8785751883746012,0.9905320900850663,0.1999999999999999,3.2999999999999994,tamsd,,,,,,0.7999999999999998,0.7363360128463334,0.7520013629338846,True
group3,thf_toluene,THF 5% / toluene 95%,group3 | THF 5% / toluene 95%,#429a1d,h,0.6971447479005621,0.8785751883746012,0.9905320900850663,0.1999999999999999,3.2999999999999994,tamsd,,,,,,0.8999999999999998,0.8007326586269015,0.8163555320045078,True
group3,thf_toluene,THF 5% / toluene 95%,group3 | THF 5% / toluene 95%,#429a1d,h,0.6971447479005621,0.8785751883746012,0.9905320900850663,0.1999999999999999,3.2999999999999994,tamsd,,,,,,0.9999999999999998,0.8647363723370136,0.8785751883746011,True
group3,thf_toluene,THF 5% / toluene 95%,group3 | THF 5% / toluene 95%,#429a1d,h,0.6971447479005621,0.8785751883746012,0.9905320900850663,0.1999999999999999,3.2999999999999994,tamsd,,,,,,1.0999999999999996,0.9211229744510705,0.9389352142873778,True
group3,thf_toluene,THF 5% / toluene 95%,group3 | THF 5% / toluene 95%,#429a1d,h,0.6971447479005621,0.8785751883746012,0.9905320900850663,0.1999999999999999,3.2999999999999994,tamsd,,,,,,1.1999999999999997,1.0032873077284328,0.9976534853325563,True
group3,thf_toluene,THF 5% / toluene 95%,group3 | THF 5% / toluene 95%,#429a1d,h,0.6971447479005621,0.8785751883746012,0.9905320900850663,0.1999999999999999,3.2999999999999994,tamsd,,,,,,1.2999999999999998,1.0622375216407254,1.0549064407215294,True
group3,thf_toluene,THF 5% / toluene 95%,group3 | THF 5% / toluene 95%,#429a1d,h,0.6971447479005621,0.8785751883746012,0.9905320900850663,0.1999999999999999,3.2999999999999994,tamsd,,,,,,1.3999999999999997,1.150967867273382,1.1108395322193454,True
group3,thf_toluene,THF 5% / toluene 95%,group3 | THF 5% / toluene 95%,#429a1d,h,0.6971447479005621,0.8785751883746012,0.9905320900850663,0.1999999999999999,3.2999999999999994,tamsd,,,,,,1.4999999999999996,1.2282001356206325,1.1655744816591382,True
group3,thf_toluene,THF 5% / toluene 95%,group3 | THF 5% / toluene 95%,#429a1d,h,0.6971447479005621,0.8785751883746012,0.9905320900850663,0.1999999999999999,3.2999999999999994,tamsd,,,,,,1.5999999999999996,1.2837166783712808,1.2192144694019191,True
group3,thf_toluene,THF 5% / toluene 95%,group3 | THF 5% / toluene 95%,#429a1d,h,0.6971447479005621,0.8785751883746012,0.9905320900850663,0.1999999999999999,3.2999999999999994,tamsd,,,,,,1.6999999999999997,1.3805314249552705,1.2718479358964565,True
group3,thf_toluene,THF 5% / toluene 95%,group3 | THF 5% / toluene 95%,#429a1d,h,0.6971447479005621,0.8785751883746012,0.9905320900850663,0.1999999999999999,3.2999999999999994,tamsd,,,,,,1.7999999999999996,1.4629646321245908,1.323551426706263,True
group3,thf_toluene,THF 5% / toluene 95%,group3 | THF 5% / toluene 95%,#429a1d,h,0.6971447479005621,0.8785751883746012,0.9905320900850663,0.1999999999999999,3.2999999999999994,tamsd,,,,,,1.8999999999999995,1.5153171539914254,1.3743917613509076,True
group3,thf_toluene,THF 5% / toluene 95%,group3 | THF 5% / toluene 95%,#429a1d,h,0.6971447479005621,0.8785751883746012,0.9905320900850663,0.1999999999999999,3.2999999999999994,tamsd,,,,,,1.9999999999999996,1.5269603836460455,1.4244277137274375,True
group3,thf_toluene,THF 5% / toluene 95%,group3 | THF 5% / toluene 95%,#429a1d,h,0.6971447479005621,0.8785751883746012,0.9905320900850663,0.1999999999999999,3.2999999999999994,tamsd,,,,,,2.0999999999999996,1.5437608041982656,1.4737113329690221,True
group3,thf_toluene,THF 5% / toluene 95%,group3 | THF 5% / toluene 95%,#429a1d,h,0.6971447479005621,0.8785751883746012,0.9905320900850663,0.1999999999999999,3.2999999999999994,tamsd,,,,,,2.1999999999999993,1.5715862435194516,1.5222889950942937,True
group3,thf_toluene,THF 5% / toluene 95%,group3 | THF 5% / toluene 95%,#429a1d,h,0.6971447479005621,0.8785751883746012,0.9905320900850663,0.1999999999999999,3.2999999999999994,tamsd,,,,,,2.2999999999999994,1.6198406903429248,1.570202250028142,True
group3,thf_toluene,THF 5% / toluene 95%,group3 | THF 5% / toluene 95%,#429a1d,h,0.6971447479005621,0.8785751883746012,0.9905320900850663,0.1999999999999999,3.2999999999999994,tamsd,,,,,,2.3999999999999995,1.6359709370736422,1.6174885109532027,True
group3,thf_toluene,THF 5% / toluene 95%,group3 | THF 5% / toluene 95%,#429a1d,h,0.6971447479005621,0.8785751883746012,0.9905320900850663,0.1999999999999999,3.2999999999999994,tamsd,,,,,,2.4999999999999996,1.664588229903604,1.664181620670964,True
group3,thf_toluene,THF 5% / toluene 95%,group3 | THF 5% / toluene 95%,#429a1d,h,0.6971447479005621,0.8785751883746012,0.9905320900850663,0.1999999999999999,3.2999999999999994,tamsd,,,,,,2.5999999999999996,1.6755868055187086,1.7103123209446156,True
group3,thf_toluene,THF 5% / toluene 95%,group3 | THF 5% / toluene 95%,#429a1d,h,0.6971447479005621,0.8785751883746012,0.9905320900850663,0.1999999999999999,3.2999999999999994,tamsd,,,,,,2.6999999999999993,1.6724560079491346,1.755908644525254,True
group3,thf_toluene,THF 5% / toluene 95%,group3 | THF 5% / toluene 95%,#429a1d,h,0.6971447479005621,0.8785751883746012,0.9905320900850663,0.1999999999999999,3.2999999999999994,tamsd,,,,,,2.7999999999999994,1.7194047522280769,1.800996244982283,True
group3,thf_toluene,THF 5% / toluene 95%,group3 | THF 5% / toluene 95%,#429a1d,h,0.6971447479005621,0.8785751883746012,0.9905320900850663,0.1999999999999999,3.2999999999999994,tamsd,,,,,,2.8999999999999995,1.7493058594198994,1.845598676068401,True
group3,thf_toluene,THF 5% / toluene 95%,group3 | THF 5% / toluene 95%,#429a1d,h,0.6971447479005621,0.8785751883746012,0.9905320900850663,0.1999999999999999,3.2999999999999994,tamsd,,,,,,2.999999999999999,1.7925675155561875,1.8897376298098594,True
group3,thf_toluene,THF 5% / toluene 95%,group3 | THF 5% / toluene 95%,#429a1d,h,0.6971447479005621,0.8785751883746012,0.9905320900850663,0.1999999999999999,3.2999999999999994,tamsd,,,,,,3.099999999999999,1.8291802348176056,1.933433140588989,True
group3,thf_toluene,THF 5% / toluene 95%,group3 | THF 5% / toluene 95%,#429a1d,h,0.6971447479005621,0.8785751883746012,0.9905320900850663,0.1999999999999999,3.2999999999999994,tamsd,,,,,,3.1999999999999993,1.8474126852945632,1.9767037610139189,True
group3,thf_toluene,THF 5% / toluene 95%,group3 | THF 5% / toluene 95%,#429a1d,h,0.6971447479005621,0.8785751883746012,0.9905320900850663,0.1999999999999999,3.2999999999999994,tamsd,,,,,,3.2999999999999994,1.8635132539810761,2.019566714233125,True
group3,toluene_n-heptane,toluene 5% / n-heptane 95%,group3 | toluene 5% / n-heptane 95%,#bf1879,8,0.9188390738802593,1.1359733314465252,0.994370476841959,0.1999999999999999,3.2999999999999994,displacement,0.0,23.82706467691491,23.36812621558184,25.830663686629208,0.0,,,,False
group3,toluene_n-heptane,toluene 5% / n-heptane 95%,group3 | toluene 5% / n-heptane 95%,#bf1879,8,0.9188390738802593,1.1359733314465252,0.994370476841959,0.1999999999999999,3.2999999999999994,displacement,0.1,24.37422360115781,23.07185831301512,26.23365563687962,0.7413231889240769,,,,False
group3,toluene_n-heptane,toluene 5% / n-heptane 95%,group3 | toluene 5% / n-heptane 95%,#bf1879,8,0.9188390738802593,1.1359733314465252,0.994370476841959,0.1999999999999999,3.2999999999999994,displacement,0.2,24.37212843080019,23.16331003987667,26.510869328447463,0.8953903488375243,,,,False
group3,toluene_n-heptane,toluene 5% / n-heptane 95%,group3 | toluene 5% / n-heptane 95%,#bf1879,8,0.9188390738802593,1.1359733314465252,0.994370476841959,0.1999999999999999,3.2999999999999994,displacement,0.3,24.59977082257425,23.4711124075527,26.838838610915406,1.2744008871763433,,,,False
group3,toluene_n-heptane,toluene 5% / n-heptane 95%,group3 | toluene 5% / n-heptane 95%,#bf1879,8,0.9188390738802593,1.1359733314465252,0.994370476841959,0.1999999999999999,3.2999999999999994,displacement,0.4,24.39980628621488,22.824737470355256,27.330231786585024,1.6947001994062352,,,,False
group3,toluene_n-heptane,toluene 5% / n-heptane 95%,group3 | toluene 5% / n-heptane 95%,#bf1879,8,0.9188390738802593,1.1359733314465252,0.994370476841959,0.1999999999999999,3.2999999999999994,displacement,0.5,24.753890405549758,23.23480891000969,27.089003884438934,1.5685023075049505,,,,False
group3,toluene_n-heptane,toluene 5% / n-heptane 95%,group3 | toluene 5% / n-heptane 95%,#bf1879,8,0.9188390738802593,1.1359733314465252,0.994370476841959,0.1999999999999999,3.2999999999999994,displacement,0.6,24.875191622573027,23.185471773483016,26.96769761357789,1.5571701546283832,,,,False
group3,toluene_n-heptane,toluene 5% / n-heptane 95%,group3 | toluene 5% / n-heptane 95%,#bf1879,8,0.9188390738802593,1.1359733314465252,0.994370476841959,0.1999999999999999,3.2999999999999994,displacement,0.7,24.571409681208745,23.14352059172509,26.93189333258593,1.348037056174359,,,,False
group3,toluene_n-heptane,toluene 5% / n-heptane 95%,group3 | toluene 5% / n-heptane 95%,#bf1879,8,0.9188390738802593,1.1359733314465252,0.994370476841959,0.1999999999999999,3.2999999999999994,displacement,0.8,24.24585597108298,23.136665496563374,26.436623939432177,0.7721062365351988,,,,False
group3,toluene_n-heptane,toluene 5% / n-heptane 95%,group3 | toluene 5% / n-heptane 95%,#bf1879,8,0.9188390738802593,1.1359733314465252,0.994370476841959,0.1999999999999999,3.2999999999999994,displacement,0.9,24.532091335405823,23.248687913544728,26.7599513314223,1.1725628443462897,,,,False
group3,toluene_n-heptane,toluene 5% / n-heptane 95%,group3 | toluene 5% / n-heptane 95%,#bf1879,8,0.9188390738802593,1.1359733314465252,0.994370476841959,0.1999999999999999,3.2999999999999994,displacement,1.0,24.430609686072007,23.28785511697584,26.835452266624685,1.174865999950283,,,,False
group3,toluene_n-heptane,toluene 5% / n-heptane 95%,group3 | toluene 5% / n-heptane 95%,#bf1879,8,0.9188390738802593,1.1359733314465252,0.994370476841959,0.1999999999999999,3.2999999999999994,displacement,1.1,24.244385054747543,23.295469885362603,26.934471607985397,1.1822974106898665,,,,False
group3,toluene_n-heptane,toluene 5% / n-heptane 95%,group3 | toluene 5% / n-heptane 95%,#bf1879,8,0.9188390738802593,1.1359733314465252,0.994370476841959,0.1999999999999999,3.2999999999999994,displacement,1.2,24.53859807698986,22.77839604417255,26.6720077845652,1.2497685168159636,,,,False
group3,toluene_n-heptane,toluene 5% / n-heptane 95%,group3 | toluene 5% / n-heptane 95%,#bf1879,8,0.9188390738802593,1.1359733314465252,0.994370476841959,0.1999999999999999,3.2999999999999994,displacement,1.3,24.265150320501725,22.79284891872923,26.96015832453429,1.3411268159451806,,,,False
group3,toluene_n-heptane,toluene 5% / n-heptane 95%,group3 | toluene 5% / n-heptane 95%,#bf1879,8,0.9188390738802593,1.1359733314465252,0.994370476841959,0.1999999999999999,3.2999999999999994,displacement,1.4,24.028682435601127,23.05229310627437,27.02662990712269,1.253289860373063,,,,False
group3,toluene_n-heptane,toluene 5% / n-heptane 95%,group3 | toluene 5% / n-heptane 95%,#bf1879,8,0.9188390738802593,1.1359733314465252,0.994370476841959,0.1999999999999999,3.2999999999999994,displacement,1.5,24.167532076594075,23.30044647797021,27.19036588986685,1.4033134641329317,,,,False
group3,toluene_n-heptane,toluene 5% / n-heptane 95%,group3 | toluene 5% / n-heptane 95%,#bf1879,8,0.9188390738802593,1.1359733314465252,0.994370476841959,0.1999999999999999,3.2999999999999994,displacement,1.6,24.226340352531768,23.25160755510612,27.541953021587425,1.761110119021547,,,,False
group3,toluene_n-heptane,toluene 5% / n-heptane 95%,group3 | toluene 5% / n-heptane 95%,#bf1879,8,0.9188390738802593,1.1359733314465252,0.994370476841959,0.1999999999999999,3.2999999999999994,displacement,1.7,24.297344331097023,22.913771832102142,27.52971299541357,1.820540967022024,,,,False
group3,toluene_n-heptane,toluene 5% / n-heptane 95%,group3 | toluene 5% / n-heptane 95%,#bf1879,8,0.9188390738802593,1.1359733314465252,0.994370476841959,0.1999999999999999,3.2999999999999994,displacement,1.8,23.7957174502845,22.90827555342432,27.755702242140394,1.9794490951546897,,,,False
group3,toluene_n-heptane,toluene 5% / n-heptane 95%,group3 | toluene 5% / n-heptane 95%,#bf1879,8,0.9188390738802593,1.1359733314465252,0.994370476841959,0.1999999999999999,3.2999999999999994,displacement,1.9,23.85374452392812,22.762941645448286,27.62858268509617,1.897227688816714,,,,False
group3,toluene_n-heptane,toluene 5% / n-heptane 95%,group3 | toluene 5% / n-heptane 95%,#bf1879,8,0.9188390738802593,1.1359733314465252,0.994370476841959,0.1999999999999999,3.2999999999999994,displacement,2.0,23.887508930363648,22.907791012850048,27.854575911670047,2.0764832533201063,,,,False
group3,toluene_n-heptane,toluene 5% / n-heptane 95%,group3 | toluene 5% / n-heptane 95%,#bf1879,8,0.9188390738802593,1.1359733314465252,0.994370476841959,0.1999999999999999,3.2999999999999994,displacement,2.1,23.708412706289177,22.7833365195267,27.624849426004097,1.8908092833815495,,,,False
group3,toluene_n-heptane,toluene 5% / n-heptane 95%,group3 | toluene 5% / n-heptane 95%,#bf1879,8,0.9188390738802593,1.1359733314465252,0.994370476841959,0.1999999999999999,3.2999999999999994,displacement,2.2,23.717445470426792,22.80358317650948,27.53675178199736,1.8004060104745985,,,,False
group3,toluene_n-heptane,toluene 5% / n-heptane 95%,group3 | toluene 5% / n-heptane 95%,#bf1879,8,0.9188390738802593,1.1359733314465252,0.994370476841959,0.1999999999999999,3.2999999999999994,displacement,2.3,23.431549247123687,22.275799455901677,28.029544734148917,2.4869033085863363,,,,False
group3,toluene_n-heptane,toluene 5% / n-heptane 95%,group3 | toluene 5% / n-heptane 95%,#bf1879,8,0.9188390738802593,1.1359733314465252,0.994370476841959,0.1999999999999999,3.2999999999999994,displacement,2.4,23.75897597849397,21.890460723014066,27.944728477235,2.580194046512265,,,,False
group3,toluene_n-heptane,toluene 5% / n-heptane 95%,group3 | toluene 5% / n-heptane 95%,#bf1879,8,0.9188390738802593,1.1359733314465252,0.994370476841959,0.1999999999999999,3.2999999999999994,displacement,2.5,23.41994252725181,21.878055973802912,28.030337685112784,2.6878659694609293,,,,False
group3,toluene_n-heptane,toluene 5% / n-heptane 95%,group3 | toluene 5% / n-heptane 95%,#bf1879,8,0.9188390738802593,1.1359733314465252,0.994370476841959,0.1999999999999999,3.2999999999999994,displacement,2.6,23.578834349216724,21.81678185893219,27.9991562510719,2.6778064923629388,,,,False
group3,toluene_n-heptane,toluene 5% / n-heptane 95%,group3 | toluene 5% / n-heptane 95%,#bf1879,8,0.9188390738802593,1.1359733314465252,0.994370476841959,0.1999999999999999,3.2999999999999994,displacement,2.7,23.50788369247589,22.0695247617005,28.24227531639397,2.757555600466988,,,,False
group3,toluene_n-heptane,toluene 5% / n-heptane 95%,group3 | toluene 5% / n-heptane 95%,#bf1879,8,0.9188390738802593,1.1359733314465252,0.994370476841959,0.1999999999999999,3.2999999999999994,displacement,2.8,23.409456926138976,21.90021853842196,28.13555333704626,2.7643562510596733,,,,False
group3,toluene_n-heptane,toluene 5% / n-heptane 95%,group3 | toluene 5% / n-heptane 95%,#bf1879,8,0.9188390738802593,1.1359733314465252,0.994370476841959,0.1999999999999999,3.2999999999999994,displacement,2.9,23.63284455841605,21.99210864700754,28.125239154554304,2.6825775629902124,,,,False
group3,toluene_n-heptane,toluene 5% / n-heptane 95%,group3 | toluene 5% / n-heptane 95%,#bf1879,8,0.9188390738802593,1.1359733314465252,0.994370476841959,0.1999999999999999,3.2999999999999994,displacement,3.0,23.45920813402985,22.160187022632343,28.072537801856956,2.5730206137019214,,,,False
group3,toluene_n-heptane,toluene 5% / n-heptane 95%,group3 | toluene 5% / n-heptane 95%,#bf1879,8,0.9188390738802593,1.1359733314465252,0.994370476841959,0.1999999999999999,3.2999999999999994,displacement,3.1,23.964441753888792,22.365521132653203,28.0131627489215,2.4056998088911574,,,,False
group3,toluene_n-heptane,toluene 5% / n-heptane 95%,group3 | toluene 5% / n-heptane 95%,#bf1879,8,0.9188390738802593,1.1359733314465252,0.994370476841959,0.1999999999999999,3.2999999999999994,displacement,3.2,23.775721449422047,22.192807786262243,27.87054961886662,2.3548129764055057,,,,False
group3,toluene_n-heptane,toluene 5% / n-heptane 95%,group3 | toluene 5% / n-heptane 95%,#bf1879,8,0.9188390738802593,1.1359733314465252,0.994370476841959,0.1999999999999999,3.2999999999999994,displacement,3.3,23.7426560179485,22.31638538317865,27.847481276224467,2.2761451601234697,,,,False
group3,toluene_n-heptane,toluene 5% / n-heptane 95%,group3 | toluene 5% / n-heptane 95%,#bf1879,8,0.9188390738802593,1.1359733314465252,0.994370476841959,0.1999999999999999,3.2999999999999994,displacement,3.4,24.011158502272064,22.10025698457803,28.086279316829398,2.594067230174306,,,,False
group3,toluene_n-heptane,toluene 5% / n-heptane 95%,group3 | toluene 5% / n-heptane 95%,#bf1879,8,0.9188390738802593,1.1359733314465252,0.994370476841959,0.1999999999999999,3.2999999999999994,displacement,3.5,23.83737069384493,22.27042299989723,28.091234680808338,2.513014083413244,,,,False
group3,toluene_n-heptane,toluene 5% / n-heptane 95%,group3 | toluene 5% / n-heptane 95%,#bf1879,8,0.9188390738802593,1.1359733314465252,0.994370476841959,0.1999999999999999,3.2999999999999994,displacement,3.6,23.718532474564437,22.57959698500436,27.476063757733623,1.8278126218003223,,,,False
group3,toluene_n-heptane,toluene 5% / n-heptane 95%,group3 | toluene 5% / n-heptane 95%,#bf1879,8,0.9188390738802593,1.1359733314465252,0.994370476841959,0.1999999999999999,3.2999999999999994,displacement,3.7,23.585246684481845,22.30306273929417,27.41873492516908,1.9273833061080223,,,,False
group3,toluene_n-heptane,toluene 5% / n-heptane 95%,group3 | toluene 5% / n-heptane 95%,#bf1879,8,0.9188390738802593,1.1359733314465252,0.994370476841959,0.1999999999999999,3.2999999999999994,displacement,3.8,23.64141857610781,22.099809292162224,27.030274267664897,1.7556075413116283,,,,False
group3,toluene_n-heptane,toluene 5% / n-heptane 95%,group3 | toluene 5% / n-heptane 95%,#bf1879,8,0.9188390738802593,1.1359733314465252,0.994370476841959,0.1999999999999999,3.2999999999999994,displacement,3.9,23.70267076485989,22.311499689307563,27.125632640135027,1.6759707789596905,,,,False
group3,toluene_n-heptane,toluene 5% / n-heptane 95%,group3 | toluene 5% / n-heptane 95%,#bf1879,8,0.9188390738802593,1.1359733314465252,0.994370476841959,0.1999999999999999,3.2999999999999994,displacement,4.0,23.41991924521095,22.33844485605593,26.939894329439998,1.5672918438066883,,,,False
group3,toluene_n-heptane,toluene 5% / n-heptane 95%,group3 | toluene 5% / n-heptane 95%,#bf1879,8,0.9188390738802593,1.1359733314465252,0.994370476841959,0.1999999999999999,3.2999999999999994,displacement,4.1,23.361748397591505,22.340034977981205,26.978454284151404,1.6096316623361202,,,,False
group3,toluene_n-heptane,toluene 5% / n-heptane 95%,group3 | toluene 5% / n-heptane 95%,#bf1879,8,0.9188390738802593,1.1359733314465252,0.994370476841959,0.1999999999999999,3.2999999999999994,displacement,4.2,23.48430737069141,22.386698595875785,27.239708384042583,1.7510253290573004,,,,False
group3,toluene_n-heptane,toluene 5% / n-heptane 95%,group3 | toluene 5% / n-heptane 95%,#bf1879,8,0.9188390738802593,1.1359733314465252,0.994370476841959,0.1999999999999999,3.2999999999999994,displacement,4.3,23.32829076409805,22.266869417432115,27.461209964535744,2.029833272949402,,,,False
group3,toluene_n-heptane,toluene 5% / n-heptane 95%,group3 | toluene 5% / n-heptane 95%,#bf1879,8,0.9188390738802593,1.1359733314465252,0.994370476841959,0.1999999999999999,3.2999999999999994,displacement,4.4,23.278405261842572,22.16368662202996,27.5691296364566,2.1849406735589367,,,,False
group3,toluene_n-heptane,toluene 5% / n-heptane 95%,group3 | toluene 5% / n-heptane 95%,#bf1879,8,0.9188390738802593,1.1359733314465252,0.994370476841959,0.1999999999999999,3.2999999999999994,displacement,4.5,23.64889742447511,22.35962387805373,27.313525220102463,1.802137303896756,,,,False
group3,toluene_n-heptane,toluene 5% / n-heptane 95%,group3 | toluene 5% / n-heptane 95%,#bf1879,8,0.9188390738802593,1.1359733314465252,0.994370476841959,0.1999999999999999,3.2999999999999994,displacement,4.6,23.52320000223058,22.33960789296924,27.082484483242123,1.6484049827950165,,,,False
group3,toluene_n-heptane,toluene 5% / n-heptane 95%,group3 | toluene 5% / n-heptane 95%,#bf1879,8,0.9188390738802593,1.1359733314465252,0.994370476841959,0.1999999999999999,3.2999999999999994,displacement,4.7,23.466854251803305,22.01653664623723,27.494809581474065,2.173919840667824,,,,False
group3,toluene_n-heptane,toluene 5% / n-heptane 95%,group3 | toluene 5% / n-heptane 95%,#bf1879,8,0.9188390738802593,1.1359733314465252,0.994370476841959,0.1999999999999999,3.2999999999999994,displacement,4.8,23.33904578473926,22.073894867180037,27.231835331455745,1.968877649975287,,,,False
group3,toluene_n-heptane,toluene 5% / n-heptane 95%,group3 | toluene 5% / n-heptane 95%,#bf1879,8,0.9188390738802593,1.1359733314465252,0.994370476841959,0.1999999999999999,3.2999999999999994,displacement,4.9,23.393538055403056,21.90583031876582,26.997981719800045,1.9206472898401417,,,,False
group3,toluene_n-heptane,toluene 5% / n-heptane 95%,group3 | toluene 5% / n-heptane 95%,#bf1879,8,0.9188390738802593,1.1359733314465252,0.994370476841959,0.1999999999999999,3.2999999999999994,displacement,5.0,23.33194971373322,21.978036380321864,27.261766272391174,2.055612606459229,,,,False
group3,toluene_n-heptane,toluene 5% / n-heptane 95%,group3 | toluene 5% / n-heptane 95%,#bf1879,8,0.9188390738802593,1.1359733314465252,0.994370476841959,0.1999999999999999,3.2999999999999994,displacement,5.1,23.696970651520523,21.99070961482814,27.11645805539202,1.888774233786914,,,,False
group3,toluene_n-heptane,toluene 5% / n-heptane 95%,group3 | toluene 5% / n-heptane 95%,#bf1879,8,0.9188390738802593,1.1359733314465252,0.994370476841959,0.1999999999999999,3.2999999999999994,displacement,5.2,23.63562511748768,22.061537821022604,27.16885333303221,1.880046240774615,,,,False
group3,toluene_n-heptane,toluene 5% / n-heptane 95%,group3 | toluene 5% / n-heptane 95%,#bf1879,8,0.9188390738802593,1.1359733314465252,0.994370476841959,0.1999999999999999,3.2999999999999994,displacement,5.3,23.358329475659296,22.44681748673297,27.62388696069732,2.069824189009491,,,,False
group3,toluene_n-heptane,toluene 5% / n-heptane 95%,group3 | toluene 5% / n-heptane 95%,#bf1879,8,0.9188390738802593,1.1359733314465252,0.994370476841959,0.1999999999999999,3.2999999999999994,displacement,5.4,23.47232522307641,22.50985507378218,27.14283569242657,1.607564868288057,,,,False
group3,toluene_n-heptane,toluene 5% / n-heptane 95%,group3 | toluene 5% / n-heptane 95%,#bf1879,8,0.9188390738802593,1.1359733314465252,0.994370476841959,0.1999999999999999,3.2999999999999994,displacement,5.5,23.601078057213147,22.77672493991732,27.508075589878665,1.7929127458704766,,,,False
group3,toluene_n-heptane,toluene 5% / n-heptane 95%,group3 | toluene 5% / n-heptane 95%,#bf1879,8,0.9188390738802593,1.1359733314465252,0.994370476841959,0.1999999999999999,3.2999999999999994,displacement,5.6,23.96355746945833,22.56914923252737,27.424585740469123,1.788178407090404,,,,False
group3,toluene_n-heptane,toluene 5% / n-heptane 95%,group3 | toluene 5% / n-heptane 95%,#bf1879,8,0.9188390738802593,1.1359733314465252,0.994370476841959,0.1999999999999999,3.2999999999999994,displacement,5.7,24.00581983606768,22.376416807025105,27.729795726488508,2.14991708276478,,,,False
group3,toluene_n-heptane,toluene 5% / n-heptane 95%,group3 | toluene 5% / n-heptane 95%,#bf1879,8,0.9188390738802593,1.1359733314465252,0.994370476841959,0.1999999999999999,3.2999999999999994,displacement,5.8,24.301903958564896,22.51568918654329,28.05488506903667,2.4288437557472675,,,,False
group3,toluene_n-heptane,toluene 5% / n-heptane 95%,group3 | toluene 5% / n-heptane 95%,#bf1879,8,0.9188390738802593,1.1359733314465252,0.994370476841959,0.1999999999999999,3.2999999999999994,displacement,5.9,24.353544473111945,22.86069240652873,27.969633524744133,2.2605003903426337,,,,False
group3,toluene_n-heptane,toluene 5% / n-heptane 95%,group3 | toluene 5% / n-heptane 95%,#bf1879,8,0.9188390738802593,1.1359733314465252,0.994370476841959,0.1999999999999999,3.2999999999999994,displacement,6.0,24.274666959174013,22.56216744963185,27.917693558621693,2.281580816470051,,,,False
group3,toluene_n-heptane,toluene 5% / n-heptane 95%,group3 | toluene 5% / n-heptane 95%,#bf1879,8,0.9188390738802593,1.1359733314465252,0.994370476841959,0.1999999999999999,3.2999999999999994,displacement,6.1,24.5178452710979,22.63489253086887,28.02882572841329,2.418000377923444,,,,False
group3,toluene_n-heptane,toluene 5% / n-heptane 95%,group3 | toluene 5% / n-heptane 95%,#bf1879,8,0.9188390738802593,1.1359733314465252,0.994370476841959,0.1999999999999999,3.2999999999999994,displacement,6.2,24.3688397105856,22.66221275413149,28.56744554417048,2.877813221516078,,,,False
group3,toluene_n-heptane,toluene 5% / n-heptane 95%,group3 | toluene 5% / n-heptane 95%,#bf1879,8,0.9188390738802593,1.1359733314465252,0.994370476841959,0.1999999999999999,3.2999999999999994,displacement,6.3,24.256389116130777,22.50946248934341,28.448515976552372,2.7883280798216084,,,,False
group3,toluene_n-heptane,toluene 5% / n-heptane 95%,group3 | toluene 5% / n-heptane 95%,#bf1879,8,0.9188390738802593,1.1359733314465252,0.994370476841959,0.1999999999999999,3.2999999999999994,displacement,6.4,24.266045271922163,22.425177610122777,28.188535255335506,2.577094171706499,,,,False
group3,toluene_n-heptane,toluene 5% / n-heptane 95%,group3 | toluene 5% / n-heptane 95%,#bf1879,8,0.9188390738802593,1.1359733314465252,0.994370476841959,0.1999999999999999,3.2999999999999994,displacement,6.5,24.15366177942024,22.25882822239869,28.405695827267092,2.8227642888422646,,,,False
group3,toluene_n-heptane,toluene 5% / n-heptane 95%,group3 | toluene 5% / n-heptane 95%,#bf1879,8,0.9188390738802593,1.1359733314465252,0.994370476841959,0.1999999999999999,3.2999999999999994,displacement,6.6,24.411993741101963,22.46121235519996,28.5661519779424,2.940668453293412,,,,False
group3,toluene_n-heptane,toluene 5% / n-heptane 95%,group3 | toluene 5% / n-heptane 95%,#bf1879,8,0.9188390738802593,1.1359733314465252,0.994370476841959,0.1999999999999999,3.2999999999999994,displacement,6.7,24.7979246453562,22.84113182159601,28.43741707042534,2.83115795630461,,,,False
group3,toluene_n-heptane,toluene 5% / n-heptane 95%,group3 | toluene 5% / n-heptane 95%,#bf1879,8,0.9188390738802593,1.1359733314465252,0.994370476841959,0.1999999999999999,3.2999999999999994,displacement,6.8,24.904240544492858,22.428624485747143,28.566197295408003,3.086440583392627,,,,False
group3,toluene_n-heptane,toluene 5% / n-heptane 95%,group3 | toluene 5% / n-heptane 95%,#bf1879,8,0.9188390738802593,1.1359733314465252,0.994370476841959,0.1999999999999999,3.2999999999999994,displacement,6.9,24.83032466455073,22.532353100302142,29.0181482474477,3.444576189964684,,,,False
group3,toluene_n-heptane,toluene 5% / n-heptane 95%,group3 | toluene 5% / n-heptane 95%,#bf1879,8,0.9188390738802593,1.1359733314465252,0.994370476841959,0.1999999999999999,3.2999999999999994,displacement,7.0,24.681966373522105,22.737078196162265,28.83450065034568,3.1862383806401877,,,,False
group3,toluene_n-heptane,toluene 5% / n-heptane 95%,group3 | toluene 5% / n-heptane 95%,#bf1879,8,0.9188390738802593,1.1359733314465252,0.994370476841959,0.1999999999999999,3.2999999999999994,displacement,7.1,24.58939768850663,23.09690609727822,28.91673582147154,3.190384490086647,,,,False
group3,toluene_n-heptane,toluene 5% / n-heptane 95%,group3 | toluene 5% / n-heptane 95%,#bf1879,8,0.9188390738802593,1.1359733314465252,0.994370476841959,0.1999999999999999,3.2999999999999994,displacement,7.2,24.595318175291588,23.38839026855969,29.03992902101653,3.300001220622692,,,,False
group3,toluene_n-heptane,toluene 5% / n-heptane 95%,group3 | toluene 5% / n-heptane 95%,#bf1879,8,0.9188390738802593,1.1359733314465252,0.994370476841959,0.1999999999999999,3.2999999999999994,displacement,7.3,24.648237380158736,23.12837836834704,28.827438640796643,3.116482594966916,,,,False
group3,toluene_n-heptane,toluene 5% / n-heptane 95%,group3 | toluene 5% / n-heptane 95%,#bf1879,8,0.9188390738802593,1.1359733314465252,0.994370476841959,0.1999999999999999,3.2999999999999994,displacement,7.4,24.91349083961604,23.44671771320508,29.0879921532327,3.4346305725427912,,,,False
group3,toluene_n-heptane,toluene 5% / n-heptane 95%,group3 | toluene 5% / n-heptane 95%,#bf1879,8,0.9188390738802593,1.1359733314465252,0.994370476841959,0.1999999999999999,3.2999999999999994,displacement,7.5,24.994815416851768,23.74803343930556,28.73061404120048,3.149235359295742,,,,False
group3,toluene_n-heptane,toluene 5% / n-heptane 95%,group3 | toluene 5% / n-heptane 95%,#bf1879,8,0.9188390738802593,1.1359733314465252,0.994370476841959,0.1999999999999999,3.2999999999999994,displacement,7.6,25.133772873519757,23.85224863002952,28.40907638324888,2.9308826072250755,,,,False
group3,toluene_n-heptane,toluene 5% / n-heptane 95%,group3 | toluene 5% / n-heptane 95%,#bf1879,8,0.9188390738802593,1.1359733314465252,0.994370476841959,0.1999999999999999,3.2999999999999994,displacement,7.7,24.95283345487828,23.82239083361721,28.91955410209927,3.318878678623062,,,,False
group3,toluene_n-heptane,toluene 5% / n-heptane 95%,group3 | toluene 5% / n-heptane 95%,#bf1879,8,0.9188390738802593,1.1359733314465252,0.994370476841959,0.1999999999999999,3.2999999999999994,displacement,7.8,24.6331554928011,23.624396074807933,28.953244693513295,3.2351149575798823,,,,False
group3,toluene_n-heptane,toluene 5% / n-heptane 95%,group3 | toluene 5% / n-heptane 95%,#bf1879,8,0.9188390738802593,1.1359733314465252,0.994370476841959,0.1999999999999999,3.2999999999999994,displacement,7.9,24.646023483189342,23.360074257530545,28.92362334148982,3.199555873398426,,,,False
group3,toluene_n-heptane,toluene 5% / n-heptane 95%,group3 | toluene 5% / n-heptane 95%,#bf1879,8,0.9188390738802593,1.1359733314465252,0.994370476841959,0.1999999999999999,3.2999999999999994,displacement,8.0,24.99838743752552,23.79658416315658,28.783770348161,3.2056843538857387,,,,False
group3,toluene_n-heptane,toluene 5% / n-heptane 95%,group3 | toluene 5% / n-heptane 95%,#bf1879,8,0.9188390738802593,1.1359733314465252,0.994370476841959,0.1999999999999999,3.2999999999999994,displacement,8.1,24.910392941670818,23.586567369394302,27.92356034579751,2.366755816060417,,,,False
group3,toluene_n-heptane,toluene 5% / n-heptane 95%,group3 | toluene 5% / n-heptane 95%,#bf1879,8,0.9188390738802593,1.1359733314465252,0.994370476841959,0.1999999999999999,3.2999999999999994,displacement,8.2,24.784935995462504,23.496317102764472,28.30399149016516,2.6554285511376,,,,False
group3,toluene_n-heptane,toluene 5% / n-heptane 95%,group3 | toluene 5% / n-heptane 95%,#bf1879,8,0.9188390738802593,1.1359733314465252,0.994370476841959,0.1999999999999999,3.2999999999999994,displacement,8.3,24.1908501157834,23.540959379110337,28.477804886129093,2.6776048397845598,,,,False
group3,toluene_n-heptane,toluene 5% / n-heptane 95%,group3 | toluene 5% / n-heptane 95%,#bf1879,8,0.9188390738802593,1.1359733314465252,0.994370476841959,0.1999999999999999,3.2999999999999994,displacement,8.4,24.42841337767912,23.63488771619711,28.736692409135767,2.9795611915438847,,,,False
group3,toluene_n-heptane,toluene 5% / n-heptane 95%,group3 | toluene 5% / n-heptane 95%,#bf1879,8,0.9188390738802593,1.1359733314465252,0.994370476841959,0.1999999999999999,3.2999999999999994,displacement,8.5,24.52314793843301,23.559355236005803,27.951718069765857,2.240529433290526,,,,False
group3,toluene_n-heptane,toluene 5% / n-heptane 95%,group3 | toluene 5% / n-heptane 95%,#bf1879,8,0.9188390738802593,1.1359733314465252,0.994370476841959,0.1999999999999999,3.2999999999999994,displacement,8.6,24.953208914295264,23.76510515379865,27.82514326325145,2.324594997485792,,,,False
group3,toluene_n-heptane,toluene 5% / n-heptane 95%,group3 | toluene 5% / n-heptane 95%,#bf1879,8,0.9188390738802593,1.1359733314465252,0.994370476841959,0.1999999999999999,3.2999999999999994,displacement,8.7,24.834872677568136,23.759605789212014,28.315736514307584,2.7100775231745144,,,,False
group3,toluene_n-heptane,toluene 5% / n-heptane 95%,group3 | toluene 5% / n-heptane 95%,#bf1879,8,0.9188390738802593,1.1359733314465252,0.994370476841959,0.1999999999999999,3.2999999999999994,displacement,8.8,25.22856935399653,23.772571406222795,28.3518518275574,2.9127617331445403,,,,False
group3,toluene_n-heptane,toluene 5% / n-heptane 95%,group3 | toluene 5% / n-heptane 95%,#bf1879,8,0.9188390738802593,1.1359733314465252,0.994370476841959,0.1999999999999999,3.2999999999999994,displacement,8.9,25.405803370776987,23.36708403936168,28.72185115586553,3.294143580947517,,,,False
group3,toluene_n-heptane,toluene 5% / n-heptane 95%,group3 | toluene 5% / n-heptane 95%,#bf1879,8,0.9188390738802593,1.1359733314465252,0.994370476841959,0.1999999999999999,3.2999999999999994,displacement,9.0,25.508948723543757,23.60316550384269,28.683188534205737,3.3197703865436647,,,,False
group3,toluene_n-heptane,toluene 5% / n-heptane 95%,group3 | toluene 5% / n-heptane 95%,#bf1879,8,0.9188390738802593,1.1359733314465252,0.994370476841959,0.1999999999999999,3.2999999999999994,displacement,9.1,25.48954480101717,24.11991450448281,28.51540414188193,3.2460525421555237,,,,False
group3,toluene_n-heptane,toluene 5% / n-heptane 95%,group3 | toluene 5% / n-heptane 95%,#bf1879,8,0.9188390738802593,1.1359733314465252,0.994370476841959,0.1999999999999999,3.2999999999999994,displacement,9.2,25.48242677181453,24.318423515604497,28.428084577758867,3.22333428445416,,,,False
group3,toluene_n-heptane,toluene 5% / n-heptane 95%,group3 | toluene 5% / n-heptane 95%,#bf1879,8,0.9188390738802593,1.1359733314465252,0.994370476841959,0.1999999999999999,3.2999999999999994,displacement,9.3,25.306027531059357,24.561085383957654,27.95611287765854,2.8509677242996334,,,,False
group3,toluene_n-heptane,toluene 5% / n-heptane 95%,group3 | toluene 5% / n-heptane 95%,#bf1879,8,0.9188390738802593,1.1359733314465252,0.994370476841959,0.1999999999999999,3.2999999999999994,displacement,9.4,25.147961465243757,24.55329952512725,28.054719360128495,2.845316808002345,,,,False
group3,toluene_n-heptane,toluene 5% / n-heptane 95%,group3 | toluene 5% / n-heptane 95%,#bf1879,8,0.9188390738802593,1.1359733314465252,0.994370476841959,0.1999999999999999,3.2999999999999994,displacement,9.5,25.192724379838783,24.32567441852737,27.93018933747121,2.6814050316388003,,,,False
group3,toluene_n-heptane,toluene 5% / n-heptane 95%,group3 | toluene 5% / n-heptane 95%,#bf1879,8,0.9188390738802593,1.1359733314465252,0.994370476841959,0.1999999999999999,3.2999999999999994,displacement,9.6,25.447069115047302,24.434734189704773,28.1802291714836,3.0467236365726253,,,,False
group3,toluene_n-heptane,toluene 5% / n-heptane 95%,group3 | toluene 5% / n-heptane 95%,#bf1879,8,0.9188390738802593,1.1359733314465252,0.994370476841959,0.1999999999999999,3.2999999999999994,displacement,9.7,25.373336974617303,24.655222136481623,27.965633041770307,2.933541899416182,,,,False
group3,toluene_n-heptane,toluene 5% / n-heptane 95%,group3 | toluene 5% / n-heptane 95%,#bf1879,8,0.9188390738802593,1.1359733314465252,0.994370476841959,0.1999999999999999,3.2999999999999994,displacement,9.8,25.115321515155244,24.617588991045324,27.983050376104988,2.80241527429009,,,,False
group3,toluene_n-heptane,toluene 5% / n-heptane 95%,group3 | toluene 5% / n-heptane 95%,#bf1879,8,0.9188390738802593,1.1359733314465252,0.994370476841959,0.1999999999999999,3.2999999999999994,displacement,9.9,25.122614127878563,24.671107198822725,28.00291319305847,2.8451495111437937,,,,False
group3,toluene_n-heptane,toluene 5% / n-heptane 95%,group3 | toluene 5% / n-heptane 95%,#bf1879,8,0.9188390738802593,1.1359733314465252,0.994370476841959,0.1999999999999999,3.2999999999999994,displacement,10.0,25.149394020403214,24.86821097313992,28.152932528899267,3.0645948750669514,,,,False
group3,toluene_n-heptane,toluene 5% / n-heptane 95%,group3 | toluene 5% / n-heptane 95%,#bf1879,8,0.9188390738802593,1.1359733314465252,0.994370476841959,0.1999999999999999,3.2999999999999994,tamsd,,,,,,0.09999999999999998,0.1770205256983447,0.1369396022030448,False
group3,toluene_n-heptane,toluene 5% / n-heptane 95%,group3 | toluene 5% / n-heptane 95%,#bf1879,8,0.9188390738802593,1.1359733314465252,0.994370476841959,0.1999999999999999,3.2999999999999994,tamsd,,,,,,0.19999999999999996,0.3053295445619517,0.25889709916602055,True
group3,toluene_n-heptane,toluene 5% / n-heptane 95%,group3 | toluene 5% / n-heptane 95%,#bf1879,8,0.9188390738802593,1.1359733314465252,0.994370476841959,0.1999999999999999,3.2999999999999994,tamsd,,,,,,0.29999999999999993,0.40551021689039,0.3757739879051576,True
group3,toluene_n-heptane,toluene 5% / n-heptane 95%,group3 | toluene 5% / n-heptane 95%,#bf1879,8,0.9188390738802593,1.1359733314465252,0.994370476841959,0.1999999999999999,3.2999999999999994,tamsd,,,,,,0.3999999999999999,0.48912225794506,0.48946913002709125,True
group3,toluene_n-heptane,toluene 5% / n-heptane 95%,group3 | toluene 5% / n-heptane 95%,#bf1879,8,0.9188390738802593,1.1359733314465252,0.994370476841959,0.1999999999999999,3.2999999999999994,tamsd,,,,,,0.4999999999999999,0.5487539046270876,0.6008554619679239,True
group3,toluene_n-heptane,toluene 5% / n-heptane 95%,group3 | toluene 5% / n-heptane 95%,#bf1879,8,0.9188390738802593,1.1359733314465252,0.994370476841959,0.1999999999999999,3.2999999999999994,tamsd,,,,,,0.5999999999999999,0.662418688235118,0.7104357968445264,True
group3,toluene_n-heptane,toluene 5% / n-heptane 95%,group3 | toluene 5% / n-heptane 95%,#bf1879,8,0.9188390738802593,1.1359733314465252,0.994370476841959,0.1999999999999999,3.2999999999999994,tamsd,,,,,,0.6999999999999998,0.7698181369667563,0.818536711522336,True
group3,toluene_n-heptane,toluene 5% / n-heptane 95%,group3 | toluene 5% / n-heptane 95%,#bf1879,8,0.9188390738802593,1.1359733314465252,0.994370476841959,0.1999999999999999,3.2999999999999994,tamsd,,,,,,0.7999999999999998,0.8761392248942399,0.9253870747151335,True
group3,toluene_n-heptane,toluene 5% / n-heptane 95%,group3 | toluene 5% / n-heptane 95%,#bf1879,8,0.9188390738802593,1.1359733314465252,0.994370476841959,0.1999999999999999,3.2999999999999994,tamsd,,,,,,0.8999999999999998,0.9847907830048913,1.0311559820129657,True
group3,toluene_n-heptane,toluene 5% / n-heptane 95%,group3 | toluene 5% / n-heptane 95%,#bf1879,8,0.9188390738802593,1.1359733314465252,0.994370476841959,0.1999999999999999,3.2999999999999994,tamsd,,,,,,0.9999999999999998,1.0781265746569275,1.135973331446525,True
group3,toluene_n-heptane,toluene 5% / n-heptane 95%,group3 | toluene 5% / n-heptane 95%,#bf1879,8,0.9188390738802593,1.1359733314465252,0.994370476841959,0.1999999999999999,3.2999999999999994,tamsd,,,,,,1.0999999999999996,1.177634958451644,1.2399419469272444,True
group3,toluene_n-heptane,toluene 5% / n-heptane 95%,group3 | toluene 5% / n-heptane 95%,#bf1879,8,0.9188390738802593,1.1359733314465252,0.994370476841959,0.1999999999999999,3.2999999999999994,tamsd,,,,,,1.1999999999999997,1.26985020419611,1.343145182166,True
group3,toluene_n-heptane,toluene 5% / n-heptane 95%,group3 | toluene 5% / n-heptane 95%,#bf1879,8,0.9188390738802593,1.1359733314465252,0.994370476841959,0.1999999999999999,3.2999999999999994,tamsd,,,,,,1.2999999999999998,1.3941254997379362,1.4456519292999597,True
group3,toluene_n-heptane,toluene 5% / n-heptane 95%,group3 | toluene 5% / n-heptane 95%,#bf1879,8,0.9188390738802593,1.1359733314465252,0.994370476841959,0.1999999999999999,3.2999999999999994,tamsd,,,,,,1.3999999999999997,1.507716631969351,1.5475200509185847,True
group3,toluene_n-heptane,toluene 5% / n-heptane 95%,group3 | toluene 5% / n-heptane 95%,#bf1879,8,0.9188390738802593,1.1359733314465252,0.994370476841959,0.1999999999999999,3.2999999999999994,tamsd,,,,,,1.4999999999999996,1.6387716280188924,1.6487988095912713,True
group3,toluene_n-heptane,toluene 5% / n-heptane 95%,group3 | toluene 5% / n-heptane 95%,#bf1879,8,0.9188390738802593,1.1359733314465252,0.994370476841959,0.1999999999999999,3.2999999999999994,tamsd,,,,,,1.5999999999999996,1.7423736417734887,1.7495306353690476,True
group3,toluene_n-heptane,toluene 5% / n-heptane 95%,group3 | toluene 5% / n-heptane 95%,#bf1879,8,0.9188390738802593,1.1359733314465252,0.994370476841959,0.1999999999999999,3.2999999999999994,tamsd,,,,,,1.6999999999999997,1.8603566315296978,1.8497524419328233,True
group3,toluene_n-heptane,toluene 5% / n-heptane 95%,group3 | toluene 5% / n-heptane 95%,#bf1879,8,0.9188390738802593,1.1359733314465252,0.994370476841959,0.1999999999999999,3.2999999999999994,tamsd,,,,,,1.7999999999999996,1.9695479943828071,1.94949662651284,True
group3,toluene_n-heptane,toluene 5% / n-heptane 95%,group3 | toluene 5% / n-heptane 95%,#bf1879,8,0.9188390738802593,1.1359733314465252,0.994370476841959,0.1999999999999999,3.2999999999999994,tamsd,,,,,,1.8999999999999995,2.069245903877792,2.048791842960758,True
group3,toluene_n-heptane,toluene 5% / n-heptane 95%,group3 | toluene 5% / n-heptane 95%,#bf1879,8,0.9188390738802593,1.1359733314465252,0.994370476841959,0.1999999999999999,3.2999999999999994,tamsd,,,,,,1.9999999999999996,2.198799348927551,2.1476636087009644,True
group3,toluene_n-heptane,toluene 5% / n-heptane 95%,group3 | toluene 5% / n-heptane 95%,#bf1879,8,0.9188390738802593,1.1359733314465252,0.994370476841959,0.1999999999999999,3.2999999999999994,tamsd,,,,,,2.0999999999999996,2.30049845520058,2.2461347877983155,True
group3,toluene_n-heptane,toluene 5% / n-heptane 95%,group3 | toluene 5% / n-heptane 95%,#bf1879,8,0.9188390738802593,1.1359733314465252,0.994370476841959,0.1999999999999999,3.2999999999999994,tamsd,,,,,,2.1999999999999993,2.414388471071042,2.3442259801350125,True
group3,toluene_n-heptane,toluene 5% / n-heptane 95%,group3 | toluene 5% / n-heptane 95%,#bf1879,8,0.9188390738802593,1.1359733314465252,0.994370476841959,0.1999999999999999,3.2999999999999994,tamsd,,,,,,2.2999999999999994,2.5755994821065036,2.441955838391388,True
group3,toluene_n-heptane,toluene 5% / n-heptane 95%,group3 | toluene 5% / n-heptane 95%,#bf1879,8,0.9188390738802593,1.1359733314465252,0.994370476841959,0.1999999999999999,3.2999999999999994,tamsd,,,,,,2.3999999999999995,2.6637743518259236,2.5393413287851803,True
group3,toluene_n-heptane,toluene 5% / n-heptane 95%,group3 | toluene 5% / n-heptane 95%,#bf1879,8,0.9188390738802593,1.1359733314465252,0.994370476841959,0.1999999999999999,3.2999999999999994,tamsd,,,,,,2.4999999999999996,2.7525360474915037,2.6363979474789208,True
group3,toluene_n-heptane,toluene 5% / n-heptane 95%,group3 | toluene 5% / n-heptane 95%,#bf1879,8,0.9188390738802593,1.1359733314465252,0.994370476841959,0.1999999999999999,3.2999999999999994,tamsd,,,,,,2.5999999999999996,2.858443641050423,2.7331399016668003,True
group3,toluene_n-heptane,toluene 5% / n-heptane 95%,group3 | toluene 5% / n-heptane 95%,#bf1879,8,0.9188390738802593,1.1359733314465252,0.994370476841959,0.1999999999999999,3.2999999999999994,tamsd,,,,,,2.6999999999999993,2.9344644601083623,2.829580262243931,True
group3,toluene_n-heptane,toluene 5% / n-heptane 95%,group3 | toluene 5% / n-heptane 95%,#bf1879,8,0.9188390738802593,1.1359733314465252,0.994370476841959,0.1999999999999999,3.2999999999999994,tamsd,,,,,,2.7999999999999994,3.0014845431625266,2.9257310934058327,True
group3,toluene_n-heptane,toluene 5% / n-heptane 95%,group3 | toluene 5% / n-heptane 95%,#bf1879,8,0.9188390738802593,1.1359733314465252,0.994370476841959,0.1999999999999999,3.2999999999999994,tamsd,,,,,,2.8999999999999995,3.0653840348878614,3.0216035633642613,True
group3,toluene_n-heptane,toluene 5% / n-heptane 95%,group3 | toluene 5% / n-heptane 95%,#bf1879,8,0.9188390738802593,1.1359733314465252,0.994370476841959,0.1999999999999999,3.2999999999999994,tamsd,,,,,,2.999999999999999,3.1021809759811347,3.1172080394876214,True
group3,toluene_n-heptane,toluene 5% / n-heptane 95%,group3 | toluene 5% / n-heptane 95%,#bf1879,8,0.9188390738802593,1.1359733314465252,0.994370476841959,0.1999999999999999,3.2999999999999994,tamsd,,,,,,3.099999999999999,3.187740530891718,3.2125541705035445,True
group3,toluene_n-heptane,toluene 5% / n-heptane 95%,group3 | toluene 5% / n-heptane 95%,#bf1879,8,0.9188390738802593,1.1359733314465252,0.994370476841959,0.1999999999999999,3.2999999999999994,tamsd,,,,,,3.1999999999999993,3.252442004819823,3.3076509578838267,True
group3,toluene_n-heptane,toluene 5% / n-heptane 95%,group3 | toluene 5% / n-heptane 95%,#bf1879,8,0.9188390738802593,1.1359733314465252,0.994370476841959,0.1999999999999999,3.2999999999999994,tamsd,,,,,,3.2999999999999994,3.321868820271542,3.4025068181290217,True
