group,system,display_label,time_ps,OPA_disp_norm_A,source_workbook,source_sheet
group1,acetone_1_n-heptane_99,acetone 1% / n-heptane 99%,0.0,0.0,group1.xlsx,acetone_1_n-heptane_99
group1,acetone_1_n-heptane_99,acetone 1% / n-heptane 99%,0.1,0.4379250152996615,group1.xlsx,acetone_1_n-heptane_99
group1,acetone_1_n-heptane_99,acetone 1% / n-heptane 99%,0.2,0.8144583184275166,group1.xlsx,acetone_1_n-heptane_99
group1,acetone_1_n-heptane_99,acetone 1% / n-heptane 99%,0.3,0.4260957503309091,group1.xlsx,acetone_1_n-heptane_99
group1,acetone_1_n-heptane_99,acetone 1% / n-heptane 99%,0.4,0.7856854573060258,group1.xlsx,acetone_1_n-heptane_99
group1,acetone_1_n-heptane_99,acetone 1% / n-heptane 99%,0.5,0.6417093170061257,group1.xlsx,acetone_1_n-heptane_99
group1,acetone_1_n-heptane_99,acetone 1% / n-heptane 99%,0.6,0.7297853139858711,group1.xlsx,acetone_1_n-heptane_99
group1,acetone_1_n-heptane_99,acetone 1% / n-heptane 99%,0.7,0.7901065477846047,group1.xlsx,acetone_1_n-heptane_99
group1,acetone_1_n-heptane_99,acetone 1% / n-heptane 99%,0.8,0.4703516636010776,group1.xlsx,acetone_1_n-heptane_99
group1,acetone_1_n-heptane_99,acetone 1% / n-heptane 99%,0.9,0.5512104429112727,group1.xlsx,acetone_1_n-heptane_99
group1,acetone_1_n-heptane_99,acetone 1% / n-heptane 99%,1.0,0.5587007948777881,group1.xlsx,acetone_1_n-heptane_99
group1,acetone_1_n-heptane_99,acetone 1% / n-heptane 99%,1.1,1.277709449484103,group1.xlsx,acetone_1_n-heptane_99
group1,acetone_1_n-heptane_99,acetone 1% / n-heptane 99%,1.2,1.25417057790903,group1.xlsx,acetone_1_n-heptane_99
group1,acetone_1_n-heptane_99,acetone 1% / n-heptane 99%,1.3,1.020092518019192,group1.xlsx,acetone_1_n-heptane_99
group1,acetone_1_n-heptane_99,acetone 1% / n-heptane 99%,1.4,0.918375343377892,group1.xlsx,acetone_1_n-heptane_99
group1,acetone_1_n-heptane_99,acetone 1% / n-heptane 99%,1.5,0.9371773133841692,group1.xlsx,acetone_1_n-heptane_99
group1,acetone_1_n-heptane_99,acetone 1% / n-heptane 99%,1.6,0.9141136213208322,group1.xlsx,acetone_1_n-heptane_99
group1,acetone_1_n-heptane_99,acetone 1% / n-heptane 99%,1.7,0.7309131965736205,group1.xlsx,acetone_1_n-heptane_99
group1,acetone_1_n-heptane_99,acetone 1% / n-heptane 99%,1.8,1.003002248709426,group1.xlsx,acetone_1_n-heptane_99
group1,acetone_1_n-heptane_99,acetone 1% / n-heptane 99%,1.9,1.426089061552126,group1.xlsx,acetone_1_n-heptane_99
group1,acetone_1_n-heptane_99,acetone 1% / n-heptane 99%,2.0,1.290265164382267,group1.xlsx,acetone_1_n-heptane_99
group1,acetone_1_n-heptane_99,acetone 1% / n-heptane 99%,2.1,1.014781930067097,group1.xlsx,acetone_1_n-heptane_99
group1,acetone_1_n-heptane_99,acetone 1% / n-heptane 99%,2.2,1.486772786723136,group1.xlsx,acetone_1_n-heptane_99
group1,acetone_1_n-heptane_99,acetone 1% / n-heptane 99%,2.3,1.322375293789722,group1.xlsx,acetone_1_n-heptane_99
group1,acetone_1_n-heptane_99,acetone 1% / n-heptane 99%,2.4,1.449577046477137,group1.xlsx,acetone_1_n-heptane_99
group1,acetone_1_n-heptane_99,acetone 1% / n-heptane 99%,2.5,1.676477754122942,group1.xlsx,acetone_1_n-heptane_99
group1,acetone_1_n-heptane_99,acetone 1% / n-heptane 99%,2.6,1.705107968575058,group1.xlsx,acetone_1_n-heptane_99
group1,acetone_1_n-heptane_99,acetone 1% / n-heptane 99%,2.7,2.586990486556135,group1.xlsx,acetone_1_n-heptane_99
group1,acetone_1_n-heptane_99,acetone 1% / n-heptane 99%,2.8,1.763256240889804,group1.xlsx,acetone_1_n-heptane_99
group1,acetone_1_n-heptane_99,acetone 1% / n-heptane 99%,2.9,1.603102295648623,group1.xlsx,acetone_1_n-heptane_99
group1,acetone_1_n-heptane_99,acetone 1% / n-heptane 99%,3.0,1.620347754836184,group1.xlsx,acetone_1_n-heptane_99
group1,acetone_1_n-heptane_99,acetone 1% / n-heptane 99%,3.1,1.483080151401897,group1.xlsx,acetone_1_n-heptane_99
group1,acetone_1_n-heptane_99,acetone 1% / n-heptane 99%,3.2,1.021844220228632,group1.xlsx,acetone_1_n-heptane_99
group1,acetone_1_n-heptane_99,acetone 1% / n-heptane 99%,3.3,0.8704399604550644,group1.xlsx,acetone_1_n-heptane_99
group1,acetone_1_n-heptane_99,acetone 1% / n-heptane 99%,3.4,0.6458648802626168,group1.xlsx,acetone_1_n-heptane_99
group1,acetone_1_n-heptane_99,acetone 1% / n-heptane 99%,3.5,0.5990456725389597,group1.xlsx,acetone_1_n-heptane_99
group1,acetone_1_n-heptane_99,acetone 1% / n-heptane 99%,3.6,0.4370714836556268,group1.xlsx,acetone_1_n-heptane_99
group1,acetone_1_n-heptane_99,acetone 1% / n-heptane 99%,3.7,1.021179679813635,group1.xlsx,acetone_1_n-heptane_99
group1,acetone_1_n-heptane_99,acetone 1% / n-heptane 99%,3.8,0.7821253605685162,group1.xlsx,acetone_1_n-heptane_99
group1,acetone_1_n-heptane_99,acetone 1% / n-heptane 99%,3.9,1.009692828885525,group1.xlsx,acetone_1_n-heptane_99
group1,acetone_1_n-heptane_99,acetone 1% / n-heptane 99%,4.0,1.168580433401953,group1.xlsx,acetone_1_n-heptane_99
group1,acetone_1_n-heptane_99,acetone 1% / n-heptane 99%,4.1,1.297534402865198,group1.xlsx,acetone_1_n-heptane_99
group1,acetone_1_n-heptane_99,acetone 1% / n-heptane 99%,4.2,1.163734124911569,group1.xlsx,acetone_1_n-heptane_99
group1,acetone_1_n-heptane_99,acetone 1% / n-heptane 99%,4.3,0.9816125704526996,group1.xlsx,acetone_1_n-heptane_99
group1,acetone_1_n-heptane_99,acetone 1% / n-heptane 99%,4.4,1.021890137444126,group1.xlsx,acetone_1_n-heptane_99
group1,acetone_1_n-heptane_99,acetone 1% / n-heptane 99%,4.5,1.459443644156418,group1.xlsx,acetone_1_n-heptane_99
group1,acetone_1_n-heptane_99,acetone 1% / n-heptane 99%,4.6,1.208685379210098,group1.xlsx,acetone_1_n-heptane_99
group1,acetone_1_n-heptane_99,acetone 1% / n-heptane 99%,4.7,1.248539328991554,group1.xlsx,acetone_1_n-heptane_99
group1,acetone_1_n-heptane_99,acetone 1% / n-heptane 99%,4.8,1.695804602769383,group1.xlsx,acetone_1_n-heptane_99
group1,acetone_1_n-heptane_99,acetone 1% / n-heptane 99%,4.9,1.726604195871466,group1.xlsx,acetone_1_n-heptane_99
group1,acetone_1_n-heptane_99,acetone 1% / n-heptane 99%,5.0,1.475241449004915,group1.xlsx,acetone_1_n-heptane_99
group1,acetone_1_n-heptane_99,acetone 1% / n-heptane 99%,5.1,1.516251388658565,group1.xlsx,acetone_1_n-heptane_99
group1,acetone_1_n-heptane_99,acetone 1% / n-heptane 99%,5.2,1.436308479468024,group1.xlsx,acetone_1_n-heptane_99
group1,acetone_1_n-heptane_99,acetone 1% / n-heptane 99%,5.3,1.727403943095076,group1.xlsx,acetone_1_n-heptane_99
group1,acetone_1_n-heptane_99,acetone 1% / n-heptane 99%,5.4,1.378572044208658,group1.xlsx,acetone_1_n-heptane_99
group1,acetone_1_n-heptane_99,acetone 1% / n-heptane 99%,5.5,1.276379141066759,group1.xlsx,acetone_1_n-heptane_99
group1,acetone_1_n-heptane_99,acetone 1% / n-heptane 99%,5.6,1.286194862328513,group1.xlsx,acetone_1_n-heptane_99
group1,acetone_1_n-heptane_99,acetone 1% / n-heptane 99%,5.7,1.826806331281235,group1.xlsx,acetone_1_n-heptane_99
group1,acetone_1_n-heptane_99,acetone 1% / n-heptane 99%,5.8,2.044094109381741,group1.xlsx,acetone_1_n-heptane_99
group1,acetone_1_n-heptane_99,acetone 1% / n-heptane 99%,5.9,2.116505371199772,group1.xlsx,acetone_1_n-heptane_99
group1,acetone_1_n-heptane_99,acetone 1% / n-heptane 99%,6.0,1.832076600780299,group1.xlsx,acetone_1_n-heptane_99
group1,acetone_1_n-heptane_99,acetone 1% / n-heptane 99%,6.1,1.636874228043984,group1.xlsx,acetone_1_n-heptane_99
group1,acetone_1_n-heptane_99,acetone 1% / n-heptane 99%,6.2,2.373560866237897,group1.xlsx,acetone_1_n-heptane_99
group1,acetone_1_n-heptane_99,acetone 1% / n-heptane 99%,6.3,2.511135002812144,group1.xlsx,acetone_1_n-heptane_99
group1,acetone_1_n-heptane_99,acetone 1% / n-heptane 99%,6.4,2.860489935660219,group1.xlsx,acetone_1_n-heptane_99
group1,acetone_1_n-heptane_99,acetone 1% / n-heptane 99%,6.5,2.487258264808768,group1.xlsx,acetone_1_n-heptane_99
group1,acetone_1_n-heptane_99,acetone 1% / n-heptane 99%,6.6,2.359545270642439,group1.xlsx,acetone_1_n-heptane_99
group1,acetone_1_n-heptane_99,acetone 1% / n-heptane 99%,6.7,2.419141793245108,group1.xlsx,acetone_1_n-heptane_99
group1,acetone_1_n-heptane_99,acetone 1% / n-heptane 99%,6.8,2.51006014990757,group1.xlsx,acetone_1_n-heptane_99
group1,acetone_1_n-heptane_99,acetone 1% / n-heptane 99%,6.9,2.652331496506547,group1.xlsx,acetone_1_n-heptane_99
group1,acetone_1_n-heptane_99,acetone 1% / n-heptane 99%,7.0,2.615361613646797,group1.xlsx,acetone_1_n-heptane_99
group1,acetone_1_n-heptane_99,acetone 1% / n-heptane 99%,7.1,2.713134140909434,group1.xlsx,acetone_1_n-heptane_99
group1,acetone_1_n-heptane_99,acetone 1% / n-heptane 99%,7.2,2.285480768628767,group1.xlsx,acetone_1_n-heptane_99
group1,acetone_1_n-heptane_99,acetone 1% / n-heptane 99%,7.3,1.928296127432028,group1.xlsx,acetone_1_n-heptane_99
group1,acetone_1_n-heptane_99,acetone 1% / n-heptane 99%,7.4,2.002657108660241,group1.xlsx,acetone_1_n-heptane_99
group1,acetone_1_n-heptane_99,acetone 1% / n-heptane 99%,7.5,1.963934962063713,group1.xlsx,acetone_1_n-heptane_99
group1,acetone_1_n-heptane_99,acetone 1% / n-heptane 99%,7.6,2.112328049036931,group1.xlsx,acetone_1_n-heptane_99
group1,acetone_1_n-heptane_99,acetone 1% / n-heptane 99%,7.7,2.027922305056451,group1.xlsx,acetone_1_n-heptane_99
group1,acetone_1_n-heptane_99,acetone 1% / n-heptane 99%,7.8,2.639590206349454,group1.xlsx,acetone_1_n-heptane_99
group1,acetone_1_n-heptane_99,acetone 1% / n-heptane 99%,7.9,2.687578057685678,group1.xlsx,acetone_1_n-heptane_99
group1,acetone_1_n-heptane_99,acetone 1% / n-heptane 99%,8.0,2.468768785489367,group1.xlsx,acetone_1_n-heptane_99
group1,acetone_1_n-heptane_99,acetone 1% / n-heptane 99%,8.1,2.460727066548078,group1.xlsx,acetone_1_n-heptane_99
group1,acetone_1_n-heptane_99,acetone 1% / n-heptane 99%,8.2,2.370718834714429,group1.xlsx,acetone_1_n-heptane_99
group1,acetone_1_n-heptane_99,acetone 1% / n-heptane 99%,8.3,2.646673046610692,group1.xlsx,acetone_1_n-heptane_99
group1,acetone_1_n-heptane_99,acetone 1% / n-heptane 99%,8.4,2.402279638204557,group1.xlsx,acetone_1_n-heptane_99
group1,acetone_1_n-heptane_99,acetone 1% / n-heptane 99%,8.5,2.556378958213045,group1.xlsx,acetone_1_n-heptane_99
group1,acetone_1_n-heptane_99,acetone 1% / n-heptane 99%,8.6,1.891498511483174,group1.xlsx,acetone_1_n-heptane_99
group1,acetone_1_n-heptane_99,acetone 1% / n-heptane 99%,8.7,2.140722147567425,group1.xlsx,acetone_1_n-heptane_99
group1,acetone_1_n-heptane_99,acetone 1% / n-heptane 99%,8.8,2.060370426684393,group1.xlsx,acetone_1_n-heptane_99
group1,acetone_1_n-heptane_99,acetone 1% / n-heptane 99%,8.9,1.706669793916262,group1.xlsx,acetone_1_n-heptane_99
group1,acetone_1_n-heptane_99,acetone 1% / n-heptane 99%,9.0,1.760789813918183,group1.xlsx,acetone_1_n-heptane_99
group1,acetone_1_n-heptane_99,acetone 1% / n-heptane 99%,9.1,1.904681231561356,group1.xlsx,acetone_1_n-heptane_99
group1,acetone_1_n-heptane_99,acetone 1% / n-heptane 99%,9.2,1.687763567679863,group1.xlsx,acetone_1_n-heptane_99
group1,acetone_1_n-heptane_99,acetone 1% / n-heptane 99%,9.3,1.759528353499861,group1.xlsx,acetone_1_n-heptane_99
group1,acetone_1_n-heptane_99,acetone 1% / n-heptane 99%,9.4,1.750554915629963,group1.xlsx,acetone_1_n-heptane_99
group1,acetone_1_n-heptane_99,acetone 1% / n-heptane 99%,9.5,2.153611438476835,group1.xlsx,acetone_1_n-heptane_99
group1,acetone_1_n-heptane_99,acetone 1% / n-heptane 99%,9.6,1.696406383265802,group1.xlsx,acetone_1_n-heptane_99
group1,acetone_1_n-heptane_99,acetone 1% / n-heptane 99%,9.7,1.557319008024185,group1.xlsx,acetone_1_n-heptane_99
group1,acetone_1_n-heptane_99,acetone 1% / n-heptane 99%,9.8,1.310221265289966,group1.xlsx,acetone_1_n-heptane_99
group1,acetone_1_n-heptane_99,acetone 1% / n-heptane 99%,9.9,0.953651573772764,group1.xlsx,acetone_1_n-heptane_99
group1,acetone_1_n-heptane_99,acetone 1% / n-heptane 99%,10.0,1.160688699892435,group1.xlsx,acetone_1_n-heptane_99
group1,acetone_5_n-heptane_95,acetone 5% / n-heptane 95%,0.0,0.0,group1.xlsx,acetone_5_n-heptane_95
group1,acetone_5_n-heptane_95,acetone 5% / n-heptane 95%,0.1,0.53140335528226,group1.xlsx,acetone_5_n-heptane_95
group1,acetone_5_n-heptane_95,acetone 5% / n-heptane 95%,0.2,0.2811370164368311,group1.xlsx,acetone_5_n-heptane_95
group1,acetone_5_n-heptane_95,acetone 5% / n-heptane 95%,0.3,0.4501310589023088,group1.xlsx,acetone_5_n-heptane_95
group1,acetone_5_n-heptane_95,acetone 5% / n-heptane 95%,0.4,0.7129393061322133,group1.xlsx,acetone_5_n-heptane_95
group1,acetone_5_n-heptane_95,acetone 5% / n-heptane 95%,0.5,1.175105669207103,group1.xlsx,acetone_5_n-heptane_95
group1,acetone_5_n-heptane_95,acetone 5% / n-heptane 95%,0.6,1.08902846767084,group1.xlsx,acetone_5_n-heptane_95
group1,acetone_5_n-heptane_95,acetone 5% / n-heptane 95%,0.7,0.8229750706512392,group1.xlsx,acetone_5_n-heptane_95
group1,acetone_5_n-heptane_95,acetone 5% / n-heptane 95%,0.8,0.5758306697464886,group1.xlsx,acetone_5_n-heptane_95
group1,acetone_5_n-heptane_95,acetone 5% / n-heptane 95%,0.9,0.6402207438391704,group1.xlsx,acetone_5_n-heptane_95
group1,acetone_5_n-heptane_95,acetone 5% / n-heptane 95%,1.0,0.4578289735132306,group1.xlsx,acetone_5_n-heptane_95
group1,acetone_5_n-heptane_95,acetone 5% / n-heptane 95%,1.1,0.6717362960557695,group1.xlsx,acetone_5_n-heptane_95
group1,acetone_5_n-heptane_95,acetone 5% / n-heptane 95%,1.2,0.3110897013924018,group1.xlsx,acetone_5_n-heptane_95
group1,acetone_5_n-heptane_95,acetone 5% / n-heptane 95%,1.3,0.4862274855613683,group1.xlsx,acetone_5_n-heptane_95
group1,acetone_5_n-heptane_95,acetone 5% / n-heptane 95%,1.4,0.729713950945783,group1.xlsx,acetone_5_n-heptane_95
group1,acetone_5_n-heptane_95,acetone 5% / n-heptane 95%,1.5,1.085458586837556,group1.xlsx,acetone_5_n-heptane_95
group1,acetone_5_n-heptane_95,acetone 5% / n-heptane 95%,1.6,1.278815095380178,group1.xlsx,acetone_5_n-heptane_95
group1,acetone_5_n-heptane_95,acetone 5% / n-heptane 95%,1.7,1.24673667946245,group1.xlsx,acetone_5_n-heptane_95
group1,acetone_5_n-heptane_95,acetone 5% / n-heptane 95%,1.8,0.937518950900276,group1.xlsx,acetone_5_n-heptane_95
group1,acetone_5_n-heptane_95,acetone 5% / n-heptane 95%,1.9,0.9514663850374554,group1.xlsx,acetone_5_n-heptane_95
group1,acetone_5_n-heptane_95,acetone 5% / n-heptane 95%,2.0,0.6866687398771232,group1.xlsx,acetone_5_n-heptane_95
group1,acetone_5_n-heptane_95,acetone 5% / n-heptane 95%,2.1,0.6504045391344412,group1.xlsx,acetone_5_n-heptane_95
group1,acetone_5_n-heptane_95,acetone 5% / n-heptane 95%,2.2,1.339208315400792,group1.xlsx,acetone_5_n-heptane_95
group1,acetone_5_n-heptane_95,acetone 5% / n-heptane 95%,2.3,1.011509303298093,group1.xlsx,acetone_5_n-heptane_95
group1,acetone_5_n-heptane_95,acetone 5% / n-heptane 95%,2.4,0.6592154340638515,group1.xlsx,acetone_5_n-heptane_95
group1,acetone_5_n-heptane_95,acetone 5% / n-heptane 95%,2.5,1.055137735718791,group1.xlsx,acetone_5_n-heptane_95
group1,acetone_5_n-heptane_95,acetone 5% / n-heptane 95%,2.6,1.371937864464347,group1.xlsx,acetone_5_n-heptane_95
group1,acetone_5_n-heptane_95,acetone 5% / n-heptane 95%,2.7,1.467145037451859,group1.xlsx,acetone_5_n-heptane_95
group1,acetone_5_n-heptane_95,acetone 5% / n-heptane 95%,2.8,1.57752632973309,group1.xlsx,acetone_5_n-heptane_95
group1,acetone_5_n-heptane_95,acetone 5% / n-heptane 95%,2.9,1.651940094056616,group1.xlsx,acetone_5_n-heptane_95
group1,acetone_5_n-heptane_95,acetone 5% / n-heptane 95%,3.0,1.636501331150736,group1.xlsx,acetone_5_n-heptane_95
group1,acetone_5_n-heptane_95,acetone 5% / n-heptane 95%,3.1,1.71432027309724,group1.xlsx,acetone_5_n-heptane_95
group1,acetone_5_n-heptane_95,acetone 5% / n-heptane 95%,3.2,1.840172355054548,group1.xlsx,acetone_5_n-heptane_95
group1,acetone_5_n-heptane_95,acetone 5% / n-heptane 95%,3.3,1.94870951299088,group1.xlsx,acetone_5_n-heptane_95
group1,acetone_5_n-heptane_95,acetone 5% / n-heptane 95%,3.4,2.178254323216564,group1.xlsx,acetone_5_n-heptane_95
group1,acetone_5_n-heptane_95,acetone 5% / n-heptane 95%,3.5,2.271940008211243,group1.xlsx,acetone_5_n-heptane_95
group1,acetone_5_n-heptane_95,acetone 5% / n-heptane 95%,3.6,2.043340302747413,group1.xlsx,acetone_5_n-heptane_95
group1,acetone_5_n-heptane_95,acetone 5% / n-heptane 95%,3.7,1.845531579600887,group1.xlsx,acetone_5_n-heptane_95
group1,acetone_5_n-heptane_95,acetone 5% / n-heptane 95%,3.8,2.672992543654557,group1.xlsx,acetone_5_n-heptane_95
group1,acetone_5_n-heptane_95,acetone 5% / n-heptane 95%,3.9,2.189983774141243,group1.xlsx,acetone_5_n-heptane_95
group1,acetone_5_n-heptane_95,acetone 5% / n-heptane 95%,4.0,2.476009561577813,group1.xlsx,acetone_5_n-heptane_95
group1,acetone_5_n-heptane_95,acetone 5% / n-heptane 95%,4.1,2.73664459212541,group1.xlsx,acetone_5_n-heptane_95
group1,acetone_5_n-heptane_95,acetone 5% / n-heptane 95%,4.2,2.354554841247735,group1.xlsx,acetone_5_n-heptane_95
group1,acetone_5_n-heptane_95,acetone 5% / n-heptane 95%,4.3,1.836600909272421,group1.xlsx,acetone_5_n-heptane_95
group1,acetone_5_n-heptane_95,acetone 5% / n-heptane 95%,4.4,2.05367276957372,group1.xlsx,acetone_5_n-heptane_95
group1,acetone_5_n-heptane_95,acetone 5% / n-heptane 95%,4.5,1.969296214219318,group1.xlsx,acetone_5_n-heptane_95
group1,acetone_5_n-heptane_95,acetone 5% / n-heptane 95%,4.6,2.413211581734046,group1.xlsx,acetone_5_n-heptane_95
group1,acetone_5_n-heptane_95,acetone 5% / n-heptane 95%,4.7,1.999975640177235,group1.xlsx,acetone_5_n-heptane_95
group1,acetone_5_n-heptane_95,acetone 5% / n-heptane 95%,4.8,1.422796978790789,group1.xlsx,acetone_5_n-heptane_95
group1,acetone_5_n-heptane_95,acetone 5% / n-heptane 95%,4.9,1.152207900355705,group1.xlsx,acetone_5_n-heptane_95
group1,acetone_5_n-heptane_95,acetone 5% / n-heptane 95%,5.0,1.151224671592749,group1.xlsx,acetone_5_n-heptane_95
group1,acetone_5_n-heptane_95,acetone 5% / n-heptane 95%,5.1,1.082823310066829,group1.xlsx,acetone_5_n-heptane_95
group1,acetone_5_n-heptane_95,acetone 5% / n-heptane 95%,5.2,1.027336720117824,group1.xlsx,acetone_5_n-heptane_95
group1,acetone_5_n-heptane_95,acetone 5% / n-heptane 95%,5.3,1.348475609566748,group1.xlsx,acetone_5_n-heptane_95
group1,acetone_5_n-heptane_95,acetone 5% / n-heptane 95%,5.4,1.841069271935829,group1.xlsx,acetone_5_n-heptane_95
group1,acetone_5_n-heptane_95,acetone 5% / n-heptane 95%,5.5,2.254458532539498,group1.xlsx,acetone_5_n-heptane_95
group1,acetone_5_n-heptane_95,acetone 5% / n-heptane 95%,5.6,2.348130583256374,group1.xlsx,acetone_5_n-heptane_95
group1,acetone_5_n-heptane_95,acetone 5% / n-heptane 95%,5.7,2.342713345700161,group1.xlsx,acetone_5_n-heptane_95
group1,acetone_5_n-heptane_95,acetone 5% / n-heptane 95%,5.8,2.678272400521739,group1.xlsx,acetone_5_n-heptane_95
group1,acetone_5_n-heptane_95,acetone 5% / n-heptane 95%,5.9,2.602404912588499,group1.xlsx,acetone_5_n-heptane_95
group1,acetone_5_n-heptane_95,acetone 5% / n-heptane 95%,6.0,3.116007385394362,group1.xlsx,acetone_5_n-heptane_95
group1,acetone_5_n-heptane_95,acetone 5% / n-heptane 95%,6.1,3.210666800614848,group1.xlsx,acetone_5_n-heptane_95
group1,acetone_5_n-heptane_95,acetone 5% / n-heptane 95%,6.2,3.503594915076636,group1.xlsx,acetone_5_n-heptane_95
group1,acetone_5_n-heptane_95,acetone 5% / n-heptane 95%,6.3,3.570287803440409,group1.xlsx,acetone_5_n-heptane_95
group1,acetone_5_n-heptane_95,acetone 5% / n-heptane 95%,6.4,3.343468254722096,group1.xlsx,acetone_5_n-heptane_95
group1,acetone_5_n-heptane_95,acetone 5% / n-heptane 95%,6.5,3.470633522046644,group1.xlsx,acetone_5_n-heptane_95
group1,acetone_5_n-heptane_95,acetone 5% / n-heptane 95%,6.6,3.957311022647856,group1.xlsx,acetone_5_n-heptane_95
group1,acetone_5_n-heptane_95,acetone 5% / n-heptane 95%,6.7,3.833048503814223,group1.xlsx,acetone_5_n-heptane_95
group1,acetone_5_n-heptane_95,acetone 5% / n-heptane 95%,6.8,4.238715947386497,group1.xlsx,acetone_5_n-heptane_95
group1,acetone_5_n-heptane_95,acetone 5% / n-heptane 95%,6.9,4.006898155015743,group1.xlsx,acetone_5_n-heptane_95
group1,acetone_5_n-heptane_95,acetone 5% / n-heptane 95%,7.0,3.760171784229158,group1.xlsx,acetone_5_n-heptane_95
group1,acetone_5_n-heptane_95,acetone 5% / n-heptane 95%,7.1,3.994538661302975,group1.xlsx,acetone_5_n-heptane_95
group1,acetone_5_n-heptane_95,acetone 5% / n-heptane 95%,7.2,3.342996106531209,group1.xlsx,acetone_5_n-heptane_95
group1,acetone_5_n-heptane_95,acetone 5% / n-heptane 95%,7.3,2.877098519780924,group1.xlsx,acetone_5_n-heptane_95
group1,acetone_5_n-heptane_95,acetone 5% / n-heptane 95%,7.4,2.564960947220676,group1.xlsx,acetone_5_n-heptane_95
group1,acetone_5_n-heptane_95,acetone 5% / n-heptane 95%,7.5,3.06809554238162,group1.xlsx,acetone_5_n-heptane_95
group1,acetone_5_n-heptane_95,acetone 5% / n-heptane 95%,7.6,3.229631951863145,group1.xlsx,acetone_5_n-heptane_95
group1,acetone_5_n-heptane_95,acetone 5% / n-heptane 95%,7.7,3.649588771186782,group1.xlsx,acetone_5_n-heptane_95
group1,acetone_5_n-heptane_95,acetone 5% / n-heptane 95%,7.8,3.951792606691161,group1.xlsx,acetone_5_n-heptane_95
group1,acetone_5_n-heptane_95,acetone 5% / n-heptane 95%,7.9,4.492507855843249,group1.xlsx,acetone_5_n-heptane_95
group1,acetone_5_n-heptane_95,acetone 5% / n-heptane 95%,8.0,4.277696310121578,group1.xlsx,acetone_5_n-heptane_95
group1,acetone_5_n-heptane_95,acetone 5% / n-heptane 95%,8.1,3.875743906197507,group1.xlsx,acetone_5_n-heptane_95
group1,acetone_5_n-heptane_95,acetone 5% / n-heptane 95%,8.2,3.812507361718932,group1.xlsx,acetone_5_n-heptane_95
group1,acetone_5_n-heptane_95,acetone 5% / n-heptane 95%,8.3,4.209118072479914,group1.xlsx,acetone_5_n-heptane_95
group1,acetone_5_n-heptane_95,acetone 5% / n-heptane 95%,8.4,4.839490224227826,group1.xlsx,acetone_5_n-heptane_95
group1,acetone_5_n-heptane_95,acetone 5% / n-heptane 95%,8.5,4.866905788379102,group1.xlsx,acetone_5_n-heptane_95
group1,acetone_5_n-heptane_95,acetone 5% / n-heptane 95%,8.6,5.190761480455908,group1.xlsx,acetone_5_n-heptane_95
group1,acetone_5_n-heptane_95,acetone 5% / n-heptane 95%,8.7,5.168494652514478,group1.xlsx,acetone_5_n-heptane_95
group1,acetone_5_n-heptane_95,acetone 5% / n-heptane 95%,8.8,5.361712760643148,group1.xlsx,acetone_5_n-heptane_95
group1,acetone_5_n-heptane_95,acetone 5% / n-heptane 95%,8.9,4.642019055190355,group1.xlsx,acetone_5_n-heptane_95
group1,acetone_5_n-heptane_95,acetone 5% / n-heptane 95%,9.0,4.577388260445638,group1.xlsx,acetone_5_n-heptane_95
group1,acetone_5_n-heptane_95,acetone 5% / n-heptane 95%,9.1,4.112600898201769,group1.xlsx,acetone_5_n-heptane_95
group1,acetone_5_n-heptane_95,acetone 5% / n-heptane 95%,9.2,4.106500458590382,group1.xlsx,acetone_5_n-heptane_95
group1,acetone_5_n-heptane_95,acetone 5% / n-heptane 95%,9.3,4.561755278838329,group1.xlsx,acetone_5_n-heptane_95
group1,acetone_5_n-heptane_95,acetone 5% / n-heptane 95%,9.4,4.469607209624419,group1.xlsx,acetone_5_n-heptane_95
group1,acetone_5_n-heptane_95,acetone 5% / n-heptane 95%,9.5,4.18683279289463,group1.xlsx,acetone_5_n-heptane_95
group1,acetone_5_n-heptane_95,acetone 5% / n-heptane 95%,9.6,4.09584103282073,group1.xlsx,acetone_5_n-heptane_95
group1,acetone_5_n-heptane_95,acetone 5% / n-heptane 95%,9.7,4.12907280969554,group1.xlsx,acetone_5_n-heptane_95
group1,acetone_5_n-heptane_95,acetone 5% / n-heptane 95%,9.8,4.460236090939525,group1.xlsx,acetone_5_n-heptane_95
group1,acetone_5_n-heptane_95,acetone 5% / n-heptane 95%,9.9,4.599358521299528,group1.xlsx,acetone_5_n-heptane_95
group1,acetone_5_n-heptane_95,acetone 5% / n-heptane 95%,10.0,4.356893083234796,group1.xlsx,acetone_5_n-heptane_95
group1,acetone_10_n-heptane_90,acetone 10% / n-heptane 90%,0.0,0.0,group1.xlsx,acetone_10_n-heptane_90
group1,acetone_10_n-heptane_90,acetone 10% / n-heptane 90%,0.1,0.8010237453083835,group1.xlsx,acetone_10_n-heptane_90
group1,acetone_10_n-heptane_90,acetone 10% / n-heptane 90%,0.2,0.7998610361851347,group1.xlsx,acetone_10_n-heptane_90
group1,acetone_10_n-heptane_90,acetone 10% / n-heptane 90%,0.3,0.7491402656740119,group1.xlsx,acetone_10_n-heptane_90
group1,acetone_10_n-heptane_90,acetone 10% / n-heptane 90%,0.4,0.850728200735711,group1.xlsx,acetone_10_n-heptane_90
group1,acetone_10_n-heptane_90,acetone 10% / n-heptane 90%,0.5,0.9743897922998264,group1.xlsx,acetone_10_n-heptane_90
group1,acetone_10_n-heptane_90,acetone 10% / n-heptane 90%,0.6,1.090899481369016,group1.xlsx,acetone_10_n-heptane_90
group1,acetone_10_n-heptane_90,acetone 10% / n-heptane 90%,0.7,0.5902093932318447,group1.xlsx,acetone_10_n-heptane_90
group1,acetone_10_n-heptane_90,acetone 10% / n-heptane 90%,0.8,0.7580683699901237,group1.xlsx,acetone_10_n-heptane_90
group1,acetone_10_n-heptane_90,acetone 10% / n-heptane 90%,0.9,0.7994975809660532,group1.xlsx,acetone_10_n-heptane_90
group1,acetone_10_n-heptane_90,acetone 10% / n-heptane 90%,1.0,0.6166920026618824,group1.xlsx,acetone_10_n-heptane_90
group1,acetone_10_n-heptane_90,acetone 10% / n-heptane 90%,1.1,0.892275481653243,group1.xlsx,acetone_10_n-heptane_90
group1,acetone_10_n-heptane_90,acetone 10% / n-heptane 90%,1.2,1.034301807100833,group1.xlsx,acetone_10_n-heptane_90
group1,acetone_10_n-heptane_90,acetone 10% / n-heptane 90%,1.3,1.032833579760892,group1.xlsx,acetone_10_n-heptane_90
group1,acetone_10_n-heptane_90,acetone 10% / n-heptane 90%,1.4,0.9500922742320512,group1.xlsx,acetone_10_n-heptane_90
group1,acetone_10_n-heptane_90,acetone 10% / n-heptane 90%,1.5,0.8510228491325473,group1.xlsx,acetone_10_n-heptane_90
group1,acetone_10_n-heptane_90,acetone 10% / n-heptane 90%,1.6,0.9506421782194112,group1.xlsx,acetone_10_n-heptane_90
group1,acetone_10_n-heptane_90,acetone 10% / n-heptane 90%,1.7,1.541426759259303,group1.xlsx,acetone_10_n-heptane_90
group1,acetone_10_n-heptane_90,acetone 10% / n-heptane 90%,1.8,1.592816155972625,group1.xlsx,acetone_10_n-heptane_90
group1,acetone_10_n-heptane_90,acetone 10% / n-heptane 90%,1.9,1.779819186237141,group1.xlsx,acetone_10_n-heptane_90
group1,acetone_10_n-heptane_90,acetone 10% / n-heptane 90%,2.0,1.740611465967582,group1.xlsx,acetone_10_n-heptane_90
group1,acetone_10_n-heptane_90,acetone 10% / n-heptane 90%,2.1,1.627047354352195,group1.xlsx,acetone_10_n-heptane_90
group1,acetone_10_n-heptane_90,acetone 10% / n-heptane 90%,2.2,1.93691106009675,group1.xlsx,acetone_10_n-heptane_90
group1,acetone_10_n-heptane_90,acetone 10% / n-heptane 90%,2.3,1.573683473069228,group1.xlsx,acetone_10_n-heptane_90
group1,acetone_10_n-heptane_90,acetone 10% / n-heptane 90%,2.4,1.644480259038225,group1.xlsx,acetone_10_n-heptane_90
group1,acetone_10_n-heptane_90,acetone 10% / n-heptane 90%,2.5,1.98772222078651,group1.xlsx,acetone_10_n-heptane_90
group1,acetone_10_n-heptane_90,acetone 10% / n-heptane 90%,2.6,2.107727063218182,group1.xlsx,acetone_10_n-heptane_90
group1,acetone_10_n-heptane_90,acetone 10% / n-heptane 90%,2.7,1.813357589495567,group1.xlsx,acetone_10_n-heptane_90
group1,acetone_10_n-heptane_90,acetone 10% / n-heptane 90%,2.8,1.303635936867987,group1.xlsx,acetone_10_n-heptane_90
group1,acetone_10_n-heptane_90,acetone 10% / n-heptane 90%,2.9,1.369076995822833,group1.xlsx,acetone_10_n-heptane_90
group1,acetone_10_n-heptane_90,acetone 10% / n-heptane 90%,3.0,1.373333214878858,group1.xlsx,acetone_10_n-heptane_90
group1,acetone_10_n-heptane_90,acetone 10% / n-heptane 90%,3.1,1.519516513397241,group1.xlsx,acetone_10_n-heptane_90
group1,acetone_10_n-heptane_90,acetone 10% / n-heptane 90%,3.2,1.477270194277572,group1.xlsx,acetone_10_n-heptane_90
group1,acetone_10_n-heptane_90,acetone 10% / n-heptane 90%,3.3,1.031571168600617,group1.xlsx,acetone_10_n-heptane_90
group1,acetone_10_n-heptane_90,acetone 10% / n-heptane 90%,3.4,1.638041654252256,group1.xlsx,acetone_10_n-heptane_90
group1,acetone_10_n-heptane_90,acetone 10% / n-heptane 90%,3.5,1.977948928786803,group1.xlsx,acetone_10_n-heptane_90
group1,acetone_10_n-heptane_90,acetone 10% / n-heptane 90%,3.6,1.62718905795676,group1.xlsx,acetone_10_n-heptane_90
group1,acetone_10_n-heptane_90,acetone 10% / n-heptane 90%,3.7,1.180384620277695,group1.xlsx,acetone_10_n-heptane_90
group1,acetone_10_n-heptane_90,acetone 10% / n-heptane 90%,3.8,1.477585111275548,group1.xlsx,acetone_10_n-heptane_90
group1,acetone_10_n-heptane_90,acetone 10% / n-heptane 90%,3.9,0.9884064504891752,group1.xlsx,acetone_10_n-heptane_90
group1,acetone_10_n-heptane_90,acetone 10% / n-heptane 90%,4.0,0.9228717475123758,group1.xlsx,acetone_10_n-heptane_90
group1,acetone_10_n-heptane_90,acetone 10% / n-heptane 90%,4.1,0.9430656583553928,group1.xlsx,acetone_10_n-heptane_90
group1,acetone_10_n-heptane_90,acetone 10% / n-heptane 90%,4.2,0.7776748036747725,group1.xlsx,acetone_10_n-heptane_90
group1,acetone_10_n-heptane_90,acetone 10% / n-heptane 90%,4.3,0.934252959895026,group1.xlsx,acetone_10_n-heptane_90
group1,acetone_10_n-heptane_90,acetone 10% / n-heptane 90%,4.4,0.9172242942498864,group1.xlsx,acetone_10_n-heptane_90
group1,acetone_10_n-heptane_90,acetone 10% / n-heptane 90%,4.5,0.7831713299143589,group1.xlsx,acetone_10_n-heptane_90
group1,acetone_10_n-heptane_90,acetone 10% / n-heptane 90%,4.6,0.4168272315082018,group1.xlsx,acetone_10_n-heptane_90
group1,acetone_10_n-heptane_90,acetone 10% / n-heptane 90%,4.7,0.3794872827118694,group1.xlsx,acetone_10_n-heptane_90
group1,acetone_10_n-heptane_90,acetone 10% / n-heptane 90%,4.8,0.3454526737697495,group1.xlsx,acetone_10_n-heptane_90
group1,acetone_10_n-heptane_90,acetone 10% / n-heptane 90%,4.9,0.5363088363952607,group1.xlsx,acetone_10_n-heptane_90
group1,acetone_10_n-heptane_90,acetone 10% / n-heptane 90%,5.0,0.5601337973669026,group1.xlsx,acetone_10_n-heptane_90
group1,acetone_10_n-heptane_90,acetone 10% / n-heptane 90%,5.1,0.5126939930191041,group1.xlsx,acetone_10_n-heptane_90
group1,acetone_10_n-heptane_90,acetone 10% / n-heptane 90%,5.2,0.2658751300154846,group1.xlsx,acetone_10_n-heptane_90
group1,acetone_10_n-heptane_90,acetone 10% / n-heptane 90%,5.3,0.164778789182263,group1.xlsx,acetone_10_n-heptane_90
group1,acetone_10_n-heptane_90,acetone 10% / n-heptane 90%,5.4,0.6636138105624289,group1.xlsx,acetone_10_n-heptane_90
group1,acetone_10_n-heptane_90,acetone 10% / n-heptane 90%,5.5,0.5656442441628796,group1.xlsx,acetone_10_n-heptane_90
group1,acetone_10_n-heptane_90,acetone 10% / n-heptane 90%,5.6,0.2594436723490459,group1.xlsx,acetone_10_n-heptane_90
group1,acetone_10_n-heptane_90,acetone 10% / n-heptane 90%,5.7,0.4743761047521346,group1.xlsx,acetone_10_n-heptane_90
group1,acetone_10_n-heptane_90,acetone 10% / n-heptane 90%,5.8,0.3377994832579658,group1.xlsx,acetone_10_n-heptane_90
group1,acetone_10_n-heptane_90,acetone 10% / n-heptane 90%,5.9,0.6756982708292599,group1.xlsx,acetone_10_n-heptane_90
group1,acetone_10_n-heptane_90,acetone 10% / n-heptane 90%,6.0,0.739655423281493,group1.xlsx,acetone_10_n-heptane_90
group1,acetone_10_n-heptane_90,acetone 10% / n-heptane 90%,6.1,0.7491313548151168,group1.xlsx,acetone_10_n-heptane_90
group1,acetone_10_n-heptane_90,acetone 10% / n-heptane 90%,6.2,0.978272506325476,group1.xlsx,acetone_10_n-heptane_90
group1,acetone_10_n-heptane_90,acetone 10% / n-heptane 90%,6.3,0.68092257314939,group1.xlsx,acetone_10_n-heptane_90
group1,acetone_10_n-heptane_90,acetone 10% / n-heptane 90%,6.4,0.6960689153440947,group1.xlsx,acetone_10_n-heptane_90
group1,acetone_10_n-heptane_90,acetone 10% / n-heptane 90%,6.5,0.7609130846836996,group1.xlsx,acetone_10_n-heptane_90
group1,acetone_10_n-heptane_90,acetone 10% / n-heptane 90%,6.6,0.5226575055707513,group1.xlsx,acetone_10_n-heptane_90
group1,acetone_10_n-heptane_90,acetone 10% / n-heptane 90%,6.7,0.5604840704004532,group1.xlsx,acetone_10_n-heptane_90
group1,acetone_10_n-heptane_90,acetone 10% / n-heptane 90%,6.8,1.032940583187602,group1.xlsx,acetone_10_n-heptane_90
group1,acetone_10_n-heptane_90,acetone 10% / n-heptane 90%,6.9,0.8126257593518117,group1.xlsx,acetone_10_n-heptane_90
group1,acetone_10_n-heptane_90,acetone 10% / n-heptane 90%,7.0,0.7823097094038479,group1.xlsx,acetone_10_n-heptane_90
group1,acetone_10_n-heptane_90,acetone 10% / n-heptane 90%,7.1,1.042424047601783,group1.xlsx,acetone_10_n-heptane_90
group1,acetone_10_n-heptane_90,acetone 10% / n-heptane 90%,7.2,0.7663987090986252,group1.xlsx,acetone_10_n-heptane_90
group1,acetone_10_n-heptane_90,acetone 10% / n-heptane 90%,7.3,0.7686852524075315,group1.xlsx,acetone_10_n-heptane_90
group1,acetone_10_n-heptane_90,acetone 10% / n-heptane 90%,7.4,0.7879019466878525,group1.xlsx,acetone_10_n-heptane_90
group1,acetone_10_n-heptane_90,acetone 10% / n-heptane 90%,7.5,1.019218635428996,group1.xlsx,acetone_10_n-heptane_90
group1,acetone_10_n-heptane_90,acetone 10% / n-heptane 90%,7.6,1.526471261658662,group1.xlsx,acetone_10_n-heptane_90
group1,acetone_10_n-heptane_90,acetone 10% / n-heptane 90%,7.7,1.485166473539008,group1.xlsx,acetone_10_n-heptane_90
group1,acetone_10_n-heptane_90,acetone 10% / n-heptane 90%,7.8,2.067322395975035,group1.xlsx,acetone_10_n-heptane_90
group1,acetone_10_n-heptane_90,acetone 10% / n-heptane 90%,7.9,2.06098481178847,group1.xlsx,acetone_10_n-heptane_90
group1,acetone_10_n-heptane_90,acetone 10% / n-heptane 90%,8.0,2.739291223437639,group1.xlsx,acetone_10_n-heptane_90
group1,acetone_10_n-heptane_90,acetone 10% / n-heptane 90%,8.1,2.535906557944331,group1.xlsx,acetone_10_n-heptane_90
group1,acetone_10_n-heptane_90,acetone 10% / n-heptane 90%,8.2,2.567952133849172,group1.xlsx,acetone_10_n-heptane_90
group1,acetone_10_n-heptane_90,acetone 10% / n-heptane 90%,8.3,2.640953961966539,group1.xlsx,acetone_10_n-heptane_90
group1,acetone_10_n-heptane_90,acetone 10% / n-heptane 90%,8.4,3.056655757308397,group1.xlsx,acetone_10_n-heptane_90
group1,acetone_10_n-heptane_90,acetone 10% / n-heptane 90%,8.5,2.549245218053757,group1.xlsx,acetone_10_n-heptane_90
group1,acetone_10_n-heptane_90,acetone 10% / n-heptane 90%,8.6,2.743512187629177,group1.xlsx,acetone_10_n-heptane_90
group1,acetone_10_n-heptane_90,acetone 10% / n-heptane 90%,8.7,2.680964342748724,group1.xlsx,acetone_10_n-heptane_90
group1,acetone_10_n-heptane_90,acetone 10% / n-heptane 90%,8.8,3.09793745131974,group1.xlsx,acetone_10_n-heptane_90
group1,acetone_10_n-heptane_90,acetone 10% / n-heptane 90%,8.9,3.207358868351044,group1.xlsx,acetone_10_n-heptane_90
group1,acetone_10_n-heptane_90,acetone 10% / n-heptane 90%,9.0,3.237800621256525,group1.xlsx,acetone_10_n-heptane_90
group1,acetone_10_n-heptane_90,acetone 10% / n-heptane 90%,9.1,3.335864150769942,group1.xlsx,acetone_10_n-heptane_90
group1,acetone_10_n-heptane_90,acetone 10% / n-heptane 90%,9.2,3.310618062541866,group1.xlsx,acetone_10_n-heptane_90
group1,acetone_10_n-heptane_90,acetone 10% / n-heptane 90%,9.3,3.340645394753901,group1.xlsx,acetone_10_n-heptane_90
group1,acetone_10_n-heptane_90,acetone 10% / n-heptane 90%,9.4,3.700027734768301,group1.xlsx,acetone_10_n-heptane_90
group1,acetone_10_n-heptane_90,acetone 10% / n-heptane 90%,9.5,3.513835831751461,group1.xlsx,acetone_10_n-heptane_90
group1,acetone_10_n-heptane_90,acetone 10% / n-heptane 90%,9.6,3.014297941388715,group1.xlsx,acetone_10_n-heptane_90
group1,acetone_10_n-heptane_90,acetone 10% / n-heptane 90%,9.7,3.80133884450274,group1.xlsx,acetone_10_n-heptane_90
group1,acetone_10_n-heptane_90,acetone 10% / n-heptane 90%,9.8,3.949019018686985,group1.xlsx,acetone_10_n-heptane_90
group1,acetone_10_n-heptane_90,acetone 10% / n-heptane 90%,9.9,3.752733345966956,group1.xlsx,acetone_10_n-heptane_90
group1,acetone_10_n-heptane_90,acetone 10% / n-heptane 90%,10.0,3.794395793084319,group1.xlsx,acetone_10_n-heptane_90
group1,acetone_20_n-heptane_80,acetone 20% / n-heptane 80%,0.0,0.0,group1.xlsx,acetone_20_n-heptane_80
group1,acetone_20_n-heptane_80,acetone 20% / n-heptane 80%,0.1,0.5509069772493806,group1.xlsx,acetone_20_n-heptane_80
group1,acetone_20_n-heptane_80,acetone 20% / n-heptane 80%,0.2,0.2553082575247679,group1.xlsx,acetone_20_n-heptane_80
group1,acetone_20_n-heptane_80,acetone 20% / n-heptane 80%,0.3,0.5927197084085921,group1.xlsx,acetone_20_n-heptane_80
group1,acetone_20_n-heptane_80,acetone 20% / n-heptane 80%,0.4,0.4534746565559222,group1.xlsx,acetone_20_n-heptane_80
group1,acetone_20_n-heptane_80,acetone 20% / n-heptane 80%,0.5,0.5832457413613125,group1.xlsx,acetone_20_n-heptane_80
group1,acetone_20_n-heptane_80,acetone 20% / n-heptane 80%,0.6,0.7867985772739413,group1.xlsx,acetone_20_n-heptane_80
group1,acetone_20_n-heptane_80,acetone 20% / n-heptane 80%,0.7,0.9429872340380252,group1.xlsx,acetone_20_n-heptane_80
group1,acetone_20_n-heptane_80,acetone 20% / n-heptane 80%,0.8,0.7086005146765575,group1.xlsx,acetone_20_n-heptane_80
group1,acetone_20_n-heptane_80,acetone 20% / n-heptane 80%,0.9,0.7140329301565593,group1.xlsx,acetone_20_n-heptane_80
group1,acetone_20_n-heptane_80,acetone 20% / n-heptane 80%,1.0,0.5005939381807886,group1.xlsx,acetone_20_n-heptane_80
group1,acetone_20_n-heptane_80,acetone 20% / n-heptane 80%,1.1,0.6109305576640583,group1.xlsx,acetone_20_n-heptane_80
group1,acetone_20_n-heptane_80,acetone 20% / n-heptane 80%,1.2,0.2558628442465432,group1.xlsx,acetone_20_n-heptane_80
group1,acetone_20_n-heptane_80,acetone 20% / n-heptane 80%,1.3,0.5738491292588962,group1.xlsx,acetone_20_n-heptane_80
group1,acetone_20_n-heptane_80,acetone 20% / n-heptane 80%,1.4,0.4912487958981535,group1.xlsx,acetone_20_n-heptane_80
group1,acetone_20_n-heptane_80,acetone 20% / n-heptane 80%,1.5,0.4728520346823179,group1.xlsx,acetone_20_n-heptane_80
group1,acetone_20_n-heptane_80,acetone 20% / n-heptane 80%,1.6,0.5364251586347824,group1.xlsx,acetone_20_n-heptane_80
group1,acetone_20_n-heptane_80,acetone 20% / n-heptane 80%,1.7,0.51451608490147,group1.xlsx,acetone_20_n-heptane_80
group1,acetone_20_n-heptane_80,acetone 20% / n-heptane 80%,1.8,0.4447177394506541,group1.xlsx,acetone_20_n-heptane_80
group1,acetone_20_n-heptane_80,acetone 20% / n-heptane 80%,1.9,0.91246087865672,group1.xlsx,acetone_20_n-heptane_80
group1,acetone_20_n-heptane_80,acetone 20% / n-heptane 80%,2.0,0.501064271724587,group1.xlsx,acetone_20_n-heptane_80
group1,acetone_20_n-heptane_80,acetone 20% / n-heptane 80%,2.1,0.6742651449997709,group1.xlsx,acetone_20_n-heptane_80
group1,acetone_20_n-heptane_80,acetone 20% / n-heptane 80%,2.2,0.5047391649721092,group1.xlsx,acetone_20_n-heptane_80
group1,acetone_20_n-heptane_80,acetone 20% / n-heptane 80%,2.3,0.5558714176889911,group1.xlsx,acetone_20_n-heptane_80
group1,acetone_20_n-heptane_80,acetone 20% / n-heptane 80%,2.4,0.4949278679008572,group1.xlsx,acetone_20_n-heptane_80
group1,acetone_20_n-heptane_80,acetone 20% / n-heptane 80%,2.5,0.4319490284113339,group1.xlsx,acetone_20_n-heptane_80
group1,acetone_20_n-heptane_80,acetone 20% / n-heptane 80%,2.6,0.6976902879612269,group1.xlsx,acetone_20_n-heptane_80
group1,acetone_20_n-heptane_80,acetone 20% / n-heptane 80%,2.7,0.7483188993920863,group1.xlsx,acetone_20_n-heptane_80
group1,acetone_20_n-heptane_80,acetone 20% / n-heptane 80%,2.8,0.6177698652843621,group1.xlsx,acetone_20_n-heptane_80
group1,acetone_20_n-heptane_80,acetone 20% / n-heptane 80%,2.9,1.137918838599515,group1.xlsx,acetone_20_n-heptane_80
group1,acetone_20_n-heptane_80,acetone 20% / n-heptane 80%,3.0,1.329905227813934,group1.xlsx,acetone_20_n-heptane_80
group1,acetone_20_n-heptane_80,acetone 20% / n-heptane 80%,3.1,1.633928027940412,group1.xlsx,acetone_20_n-heptane_80
group1,acetone_20_n-heptane_80,acetone 20% / n-heptane 80%,3.2,1.350157879001045,group1.xlsx,acetone_20_n-heptane_80
group1,acetone_20_n-heptane_80,acetone 20% / n-heptane 80%,3.3,1.245710190525077,group1.xlsx,acetone_20_n-heptane_80
group1,acetone_20_n-heptane_80,acetone 20% / n-heptane 80%,3.4,0.6812954025380715,group1.xlsx,acetone_20_n-heptane_80
group1,acetone_20_n-heptane_80,acetone 20% / n-heptane 80%,3.5,0.4635479891170267,group1.xlsx,acetone_20_n-heptane_80
group1,acetone_20_n-heptane_80,acetone 20% / n-heptane 80%,3.6,0.3243963609781782,group1.xlsx,acetone_20_n-heptane_80
group1,acetone_20_n-heptane_80,acetone 20% / n-heptane 80%,3.7,0.372608502047537,group1.xlsx,acetone_20_n-heptane_80
group1,acetone_20_n-heptane_80,acetone 20% / n-heptane 80%,3.8,0.5612846291255158,group1.xlsx,acetone_20_n-heptane_80
group1,acetone_20_n-heptane_80,acetone 20% / n-heptane 80%,3.9,0.8625304996858764,group1.xlsx,acetone_20_n-heptane_80
group1,acetone_20_n-heptane_80,acetone 20% / n-heptane 80%,4.0,0.8862907832679277,group1.xlsx,acetone_20_n-heptane_80
group1,acetone_20_n-heptane_80,acetone 20% / n-heptane 80%,4.1,0.9936457583587174,group1.xlsx,acetone_20_n-heptane_80
group1,acetone_20_n-heptane_80,acetone 20% / n-heptane 80%,4.2,0.930158895112542,group1.xlsx,acetone_20_n-heptane_80
group1,acetone_20_n-heptane_80,acetone 20% / n-heptane 80%,4.3,0.8051603667189703,group1.xlsx,acetone_20_n-heptane_80
group1,acetone_20_n-heptane_80,acetone 20% / n-heptane 80%,4.4,0.7769441947237166,group1.xlsx,acetone_20_n-heptane_80
group1,acetone_20_n-heptane_80,acetone 20% / n-heptane 80%,4.5,0.9400050880890102,group1.xlsx,acetone_20_n-heptane_80
group1,acetone_20_n-heptane_80,acetone 20% / n-heptane 80%,4.6,1.002068200894847,group1.xlsx,acetone_20_n-heptane_80
group1,acetone_20_n-heptane_80,acetone 20% / n-heptane 80%,4.7,1.241248073527337,group1.xlsx,acetone_20_n-heptane_80
group1,acetone_20_n-heptane_80,acetone 20% / n-heptane 80%,4.8,1.151352522537097,group1.xlsx,acetone_20_n-heptane_80
group1,acetone_20_n-heptane_80,acetone 20% / n-heptane 80%,4.9,1.304212190877309,group1.xlsx,acetone_20_n-heptane_80
group1,acetone_20_n-heptane_80,acetone 20% / n-heptane 80%,5.0,1.044887626285014,group1.xlsx,acetone_20_n-heptane_80
group1,acetone_20_n-heptane_80,acetone 20% / n-heptane 80%,5.1,1.175249085493242,group1.xlsx,acetone_20_n-heptane_80
group1,acetone_20_n-heptane_80,acetone 20% / n-heptane 80%,5.2,1.074085795100557,group1.xlsx,acetone_20_n-heptane_80
group1,acetone_20_n-heptane_80,acetone 20% / n-heptane 80%,5.3,1.2460738685376,group1.xlsx,acetone_20_n-heptane_80
group1,acetone_20_n-heptane_80,acetone 20% / n-heptane 80%,5.4,1.757107064751745,group1.xlsx,acetone_20_n-heptane_80
group1,acetone_20_n-heptane_80,acetone 20% / n-heptane 80%,5.5,1.55245096627154,group1.xlsx,acetone_20_n-heptane_80
group1,acetone_20_n-heptane_80,acetone 20% / n-heptane 80%,5.6,1.840951388508433,group1.xlsx,acetone_20_n-heptane_80
group1,acetone_20_n-heptane_80,acetone 20% / n-heptane 80%,5.7,1.920966488370303,group1.xlsx,acetone_20_n-heptane_80
group1,acetone_20_n-heptane_80,acetone 20% / n-heptane 80%,5.8,2.142532666571122,group1.xlsx,acetone_20_n-heptane_80
group1,acetone_20_n-heptane_80,acetone 20% / n-heptane 80%,5.9,2.313553050897497,group1.xlsx,acetone_20_n-heptane_80
group1,acetone_20_n-heptane_80,acetone 20% / n-heptane 80%,6.0,2.493982417250529,group1.xlsx,acetone_20_n-heptane_80
group1,acetone_20_n-heptane_80,acetone 20% / n-heptane 80%,6.1,2.745999754445943,group1.xlsx,acetone_20_n-heptane_80
group1,acetone_20_n-heptane_80,acetone 20% / n-heptane 80%,6.2,3.117792220487444,group1.xlsx,acetone_20_n-heptane_80
group1,acetone_20_n-heptane_80,acetone 20% / n-heptane 80%,6.3,2.83058529086014,group1.xlsx,acetone_20_n-heptane_80
group1,acetone_20_n-heptane_80,acetone 20% / n-heptane 80%,6.4,2.666415992021109,group1.xlsx,acetone_20_n-heptane_80
group1,acetone_20_n-heptane_80,acetone 20% / n-heptane 80%,6.5,2.876998531155646,group1.xlsx,acetone_20_n-heptane_80
group1,acetone_20_n-heptane_80,acetone 20% / n-heptane 80%,6.6,2.525772753296716,group1.xlsx,acetone_20_n-heptane_80
group1,acetone_20_n-heptane_80,acetone 20% / n-heptane 80%,6.7,2.829626624555902,group1.xlsx,acetone_20_n-heptane_80
group1,acetone_20_n-heptane_80,acetone 20% / n-heptane 80%,6.8,2.756061966155479,group1.xlsx,acetone_20_n-heptane_80
group1,acetone_20_n-heptane_80,acetone 20% / n-heptane 80%,6.9,2.603942744778103,group1.xlsx,acetone_20_n-heptane_80
group1,acetone_20_n-heptane_80,acetone 20% / n-heptane 80%,7.0,2.453474037860605,group1.xlsx,acetone_20_n-heptane_80
group1,acetone_20_n-heptane_80,acetone 20% / n-heptane 80%,7.1,2.701766851475954,group1.xlsx,acetone_20_n-heptane_80
group1,acetone_20_n-heptane_80,acetone 20% / n-heptane 80%,7.2,2.897978652551816,group1.xlsx,acetone_20_n-heptane_80
group1,acetone_20_n-heptane_80,acetone 20% / n-heptane 80%,7.3,2.885477679892781,group1.xlsx,acetone_20_n-heptane_80
group1,acetone_20_n-heptane_80,acetone 20% / n-heptane 80%,7.4,2.151292067785285,group1.xlsx,acetone_20_n-heptane_80
group1,acetone_20_n-heptane_80,acetone 20% / n-heptane 80%,7.5,2.189072498526505,group1.xlsx,acetone_20_n-heptane_80
group1,acetone_20_n-heptane_80,acetone 20% / n-heptane 80%,7.6,2.259243338260375,group1.xlsx,acetone_20_n-heptane_80
group1,acetone_20_n-heptane_80,acetone 20% / n-heptane 80%,7.7,2.693532669962459,group1.xlsx,acetone_20_n-heptane_80
group1,acetone_20_n-heptane_80,acetone 20% / n-heptane 80%,7.8,2.738495447998313,group1.xlsx,acetone_20_n-heptane_80
group1,acetone_20_n-heptane_80,acetone 20% / n-heptane 80%,7.9,2.617422058857812,group1.xlsx,acetone_20_n-heptane_80
group1,acetone_20_n-heptane_80,acetone 20% / n-heptane 80%,8.0,2.916836805766669,group1.xlsx,acetone_20_n-heptane_80
group1,acetone_20_n-heptane_80,acetone 20% / n-heptane 80%,8.1,2.935603259824999,group1.xlsx,acetone_20_n-heptane_80
group1,acetone_20_n-heptane_80,acetone 20% / n-heptane 80%,8.2,2.822750010155802,group1.xlsx,acetone_20_n-heptane_80
group1,acetone_20_n-heptane_80,acetone 20% / n-heptane 80%,8.3,3.019095538717121,group1.xlsx,acetone_20_n-heptane_80
group1,acetone_20_n-heptane_80,acetone 20% / n-heptane 80%,8.4,2.793429364392526,group1.xlsx,acetone_20_n-heptane_80
group1,acetone_20_n-heptane_80,acetone 20% / n-heptane 80%,8.5,2.851033265063228,group1.xlsx,acetone_20_n-heptane_80
group1,acetone_20_n-heptane_80,acetone 20% / n-heptane 80%,8.6,3.04755330737648,group1.xlsx,acetone_20_n-heptane_80
group1,acetone_20_n-heptane_80,acetone 20% / n-heptane 80%,8.7,2.550655615656645,group1.xlsx,acetone_20_n-heptane_80
group1,acetone_20_n-heptane_80,acetone 20% / n-heptane 80%,8.8,2.420170635105445,group1.xlsx,acetone_20_n-heptane_80
group1,acetone_20_n-heptane_80,acetone 20% / n-heptane 80%,8.9,2.520601339136317,group1.xlsx,acetone_20_n-heptane_80
group1,acetone_20_n-heptane_80,acetone 20% / n-heptane 80%,9.0,3.28048103585954,group1.xlsx,acetone_20_n-heptane_80
group1,acetone_20_n-heptane_80,acetone 20% / n-heptane 80%,9.1,3.061834646416105,group1.xlsx,acetone_20_n-heptane_80
group1,acetone_20_n-heptane_80,acetone 20% / n-heptane 80%,9.2,2.715218006096288,group1.xlsx,acetone_20_n-heptane_80
group1,acetone_20_n-heptane_80,acetone 20% / n-heptane 80%,9.3,2.980735801972568,group1.xlsx,acetone_20_n-heptane_80
group1,acetone_20_n-heptane_80,acetone 20% / n-heptane 80%,9.4,2.841787784545369,group1.xlsx,acetone_20_n-heptane_80
group1,acetone_20_n-heptane_80,acetone 20% / n-heptane 80%,9.5,3.236605046161328,group1.xlsx,acetone_20_n-heptane_80
group1,acetone_20_n-heptane_80,acetone 20% / n-heptane 80%,9.6,3.51733758135755,group1.xlsx,acetone_20_n-heptane_80
group1,acetone_20_n-heptane_80,acetone 20% / n-heptane 80%,9.7,3.005472416874268,group1.xlsx,acetone_20_n-heptane_80
group1,acetone_20_n-heptane_80,acetone 20% / n-heptane 80%,9.8,2.932377529258896,group1.xlsx,acetone_20_n-heptane_80
group1,acetone_20_n-heptane_80,acetone 20% / n-heptane 80%,9.9,3.126002334697398,group1.xlsx,acetone_20_n-heptane_80
group1,acetone_20_n-heptane_80,acetone 20% / n-heptane 80%,10.0,3.071413958082365,group1.xlsx,acetone_20_n-heptane_80
group1,acetone_30_n-heptane_70,acetone 30% / n-heptane 70%,0.0,0.0,group1.xlsx,acetone_30_n-heptane_70
group1,acetone_30_n-heptane_70,acetone 30% / n-heptane 70%,0.1,1.064701395829995,group1.xlsx,acetone_30_n-heptane_70
group1,acetone_30_n-heptane_70,acetone 30% / n-heptane 70%,0.2,1.186118449325141,group1.xlsx,acetone_30_n-heptane_70
group1,acetone_30_n-heptane_70,acetone 30% / n-heptane 70%,0.3,1.055921810670956,group1.xlsx,acetone_30_n-heptane_70
group1,acetone_30_n-heptane_70,acetone 30% / n-heptane 70%,0.4,1.41203288579582,group1.xlsx,acetone_30_n-heptane_70
group1,acetone_30_n-heptane_70,acetone 30% / n-heptane 70%,0.5,1.144473589744697,group1.xlsx,acetone_30_n-heptane_70
group1,acetone_30_n-heptane_70,acetone 30% / n-heptane 70%,0.6,0.8657593671999134,group1.xlsx,acetone_30_n-heptane_70
group1,acetone_30_n-heptane_70,acetone 30% / n-heptane 70%,0.7,0.6551823111198545,group1.xlsx,acetone_30_n-heptane_70
group1,acetone_30_n-heptane_70,acetone 30% / n-heptane 70%,0.8,0.6978878705849232,group1.xlsx,acetone_30_n-heptane_70
group1,acetone_30_n-heptane_70,acetone 30% / n-heptane 70%,0.9,0.980666186961292,group1.xlsx,acetone_30_n-heptane_70
group1,acetone_30_n-heptane_70,acetone 30% / n-heptane 70%,1.0,1.088839415641827,group1.xlsx,acetone_30_n-heptane_70
group1,acetone_30_n-heptane_70,acetone 30% / n-heptane 70%,1.1,1.197951400745931,group1.xlsx,acetone_30_n-heptane_70
group1,acetone_30_n-heptane_70,acetone 30% / n-heptane 70%,1.2,0.9219213354799644,group1.xlsx,acetone_30_n-heptane_70
group1,acetone_30_n-heptane_70,acetone 30% / n-heptane 70%,1.3,1.057214394701838,group1.xlsx,acetone_30_n-heptane_70
group1,acetone_30_n-heptane_70,acetone 30% / n-heptane 70%,1.4,1.161648700988226,group1.xlsx,acetone_30_n-heptane_70
group1,acetone_30_n-heptane_70,acetone 30% / n-heptane 70%,1.5,1.322024366328644,group1.xlsx,acetone_30_n-heptane_70
group1,acetone_30_n-heptane_70,acetone 30% / n-heptane 70%,1.6,1.355200302820356,group1.xlsx,acetone_30_n-heptane_70
group1,acetone_30_n-heptane_70,acetone 30% / n-heptane 70%,1.7,1.347858251189207,group1.xlsx,acetone_30_n-heptane_70
group1,acetone_30_n-heptane_70,acetone 30% / n-heptane 70%,1.8,1.449947330425333,group1.xlsx,acetone_30_n-heptane_70
group1,acetone_30_n-heptane_70,acetone 30% / n-heptane 70%,1.9,1.0290735410276,group1.xlsx,acetone_30_n-heptane_70
group1,acetone_30_n-heptane_70,acetone 30% / n-heptane 70%,2.0,1.075226347858503,group1.xlsx,acetone_30_n-heptane_70
group1,acetone_30_n-heptane_70,acetone 30% / n-heptane 70%,2.1,0.95563032175199,group1.xlsx,acetone_30_n-heptane_70
group1,acetone_30_n-heptane_70,acetone 30% / n-heptane 70%,2.2,1.334053675802524,group1.xlsx,acetone_30_n-heptane_70
group1,acetone_30_n-heptane_70,acetone 30% / n-heptane 70%,2.3,1.432141626656269,group1.xlsx,acetone_30_n-heptane_70
group1,acetone_30_n-heptane_70,acetone 30% / n-heptane 70%,2.4,1.437207304592069,group1.xlsx,acetone_30_n-heptane_70
group1,acetone_30_n-heptane_70,acetone 30% / n-heptane 70%,2.5,1.637631943010369,group1.xlsx,acetone_30_n-heptane_70
group1,acetone_30_n-heptane_70,acetone 30% / n-heptane 70%,2.6,1.327978740172862,group1.xlsx,acetone_30_n-heptane_70
group1,acetone_30_n-heptane_70,acetone 30% / n-heptane 70%,2.7,1.259147125572175,group1.xlsx,acetone_30_n-heptane_70
group1,acetone_30_n-heptane_70,acetone 30% / n-heptane 70%,2.8,1.444184838670604,group1.xlsx,acetone_30_n-heptane_70
group1,acetone_30_n-heptane_70,acetone 30% / n-heptane 70%,2.9,1.636147647386349,group1.xlsx,acetone_30_n-heptane_70
group1,acetone_30_n-heptane_70,acetone 30% / n-heptane 70%,3.0,1.515478152083826,group1.xlsx,acetone_30_n-heptane_70
group1,acetone_30_n-heptane_70,acetone 30% / n-heptane 70%,3.1,2.00786398152432,group1.xlsx,acetone_30_n-heptane_70
group1,acetone_30_n-heptane_70,acetone 30% / n-heptane 70%,3.2,2.395881856311734,group1.xlsx,acetone_30_n-heptane_70
group1,acetone_30_n-heptane_70,acetone 30% / n-heptane 70%,3.3,1.994594876290793,group1.xlsx,acetone_30_n-heptane_70
group1,acetone_30_n-heptane_70,acetone 30% / n-heptane 70%,3.4,1.681488194345787,group1.xlsx,acetone_30_n-heptane_70
group1,acetone_30_n-heptane_70,acetone 30% / n-heptane 70%,3.5,1.805992294878545,group1.xlsx,acetone_30_n-heptane_70
group1,acetone_30_n-heptane_70,acetone 30% / n-heptane 70%,3.6,1.734186638382969,group1.xlsx,acetone_30_n-heptane_70
group1,acetone_30_n-heptane_70,acetone 30% / n-heptane 70%,3.7,1.409485023503531,group1.xlsx,acetone_30_n-heptane_70
group1,acetone_30_n-heptane_70,acetone 30% / n-heptane 70%,3.8,1.682239384763319,group1.xlsx,acetone_30_n-heptane_70
group1,acetone_30_n-heptane_70,acetone 30% / n-heptane 70%,3.9,1.394924213822566,group1.xlsx,acetone_30_n-heptane_70
group1,acetone_30_n-heptane_70,acetone 30% / n-heptane 70%,4.0,1.532823936183028,group1.xlsx,acetone_30_n-heptane_70
group1,acetone_30_n-heptane_70,acetone 30% / n-heptane 70%,4.1,1.406986707113602,group1.xlsx,acetone_30_n-heptane_70
group1,acetone_30_n-heptane_70,acetone 30% / n-heptane 70%,4.2,1.172956283150837,group1.xlsx,acetone_30_n-heptane_70
group1,acetone_30_n-heptane_70,acetone 30% / n-heptane 70%,4.3,1.299287123795527,group1.xlsx,acetone_30_n-heptane_70
group1,acetone_30_n-heptane_70,acetone 30% / n-heptane 70%,4.4,0.8860300636223168,group1.xlsx,acetone_30_n-heptane_70
group1,acetone_30_n-heptane_70,acetone 30% / n-heptane 70%,4.5,0.990746689880978,group1.xlsx,acetone_30_n-heptane_70
group1,acetone_30_n-heptane_70,acetone 30% / n-heptane 70%,4.6,0.8081079706623122,group1.xlsx,acetone_30_n-heptane_70
group1,acetone_30_n-heptane_70,acetone 30% / n-heptane 70%,4.7,0.8362360439827391,group1.xlsx,acetone_30_n-heptane_70
group1,acetone_30_n-heptane_70,acetone 30% / n-heptane 70%,4.8,0.8952458153160148,group1.xlsx,acetone_30_n-heptane_70
group1,acetone_30_n-heptane_70,acetone 30% / n-heptane 70%,4.9,1.047308467036999,group1.xlsx,acetone_30_n-heptane_70
group1,acetone_30_n-heptane_70,acetone 30% / n-heptane 70%,5.0,1.046715218357062,group1.xlsx,acetone_30_n-heptane_70
group1,acetone_30_n-heptane_70,acetone 30% / n-heptane 70%,5.1,0.5768622950137389,group1.xlsx,acetone_30_n-heptane_70
group1,acetone_30_n-heptane_70,acetone 30% / n-heptane 70%,5.2,0.9885978799928092,group1.xlsx,acetone_30_n-heptane_70
group1,acetone_30_n-heptane_70,acetone 30% / n-heptane 70%,5.3,1.361986742049258,group1.xlsx,acetone_30_n-heptane_70
group1,acetone_30_n-heptane_70,acetone 30% / n-heptane 70%,5.4,1.150519787361142,group1.xlsx,acetone_30_n-heptane_70
group1,acetone_30_n-heptane_70,acetone 30% / n-heptane 70%,5.5,1.28773047147976,group1.xlsx,acetone_30_n-heptane_70
group1,acetone_30_n-heptane_70,acetone 30% / n-heptane 70%,5.6,1.115758972853341,group1.xlsx,acetone_30_n-heptane_70
group1,acetone_30_n-heptane_70,acetone 30% / n-heptane 70%,5.7,1.029099733684628,group1.xlsx,acetone_30_n-heptane_70
group1,acetone_30_n-heptane_70,acetone 30% / n-heptane 70%,5.8,0.719020244999211,group1.xlsx,acetone_30_n-heptane_70
group1,acetone_30_n-heptane_70,acetone 30% / n-heptane 70%,5.9,0.6419887033303684,group1.xlsx,acetone_30_n-heptane_70
group1,acetone_30_n-heptane_70,acetone 30% / n-heptane 70%,6.0,0.8056807694662207,group1.xlsx,acetone_30_n-heptane_70
group1,acetone_30_n-heptane_70,acetone 30% / n-heptane 70%,6.1,0.8378120698001241,group1.xlsx,acetone_30_n-heptane_70
group1,acetone_30_n-heptane_70,acetone 30% / n-heptane 70%,6.2,0.9090670806247764,group1.xlsx,acetone_30_n-heptane_70
group1,acetone_30_n-heptane_70,acetone 30% / n-heptane 70%,6.3,0.7324665669463843,group1.xlsx,acetone_30_n-heptane_70
group1,acetone_30_n-heptane_70,acetone 30% / n-heptane 70%,6.4,1.259608397871054,group1.xlsx,acetone_30_n-heptane_70
group1,acetone_30_n-heptane_70,acetone 30% / n-heptane 70%,6.5,1.372320768884186,group1.xlsx,acetone_30_n-heptane_70
group1,acetone_30_n-heptane_70,acetone 30% / n-heptane 70%,6.6,1.265687534978103,group1.xlsx,acetone_30_n-heptane_70
group1,acetone_30_n-heptane_70,acetone 30% / n-heptane 70%,6.7,1.395343254374399,group1.xlsx,acetone_30_n-heptane_70
group1,acetone_30_n-heptane_70,acetone 30% / n-heptane 70%,6.8,1.821170874237674,group1.xlsx,acetone_30_n-heptane_70
group1,acetone_30_n-heptane_70,acetone 30% / n-heptane 70%,6.9,1.421599036285008,group1.xlsx,acetone_30_n-heptane_70
group1,acetone_30_n-heptane_70,acetone 30% / n-heptane 70%,7.0,1.149600997796303,group1.xlsx,acetone_30_n-heptane_70
group1,acetone_30_n-heptane_70,acetone 30% / n-heptane 70%,7.1,1.088438201043359,group1.xlsx,acetone_30_n-heptane_70
group1,acetone_30_n-heptane_70,acetone 30% / n-heptane 70%,7.2,0.8823725195957127,group1.xlsx,acetone_30_n-heptane_70
group1,acetone_30_n-heptane_70,acetone 30% / n-heptane 70%,7.3,0.909374330339252,group1.xlsx,acetone_30_n-heptane_70
group1,acetone_30_n-heptane_70,acetone 30% / n-heptane 70%,7.4,1.187715453812669,group1.xlsx,acetone_30_n-heptane_70
group1,acetone_30_n-heptane_70,acetone 30% / n-heptane 70%,7.5,0.9999035799019916,group1.xlsx,acetone_30_n-heptane_70
group1,acetone_30_n-heptane_70,acetone 30% / n-heptane 70%,7.6,1.083567166759674,group1.xlsx,acetone_30_n-heptane_70
group1,acetone_30_n-heptane_70,acetone 30% / n-heptane 70%,7.7,1.148051170422002,group1.xlsx,acetone_30_n-heptane_70
group1,acetone_30_n-heptane_70,acetone 30% / n-heptane 70%,7.8,1.787557651220262,group1.xlsx,acetone_30_n-heptane_70
group1,acetone_30_n-heptane_70,acetone 30% / n-heptane 70%,7.9,1.912286182067589,group1.xlsx,acetone_30_n-heptane_70
group1,acetone_30_n-heptane_70,acetone 30% / n-heptane 70%,8.0,1.772727776318738,group1.xlsx,acetone_30_n-heptane_70
group1,acetone_30_n-heptane_70,acetone 30% / n-heptane 70%,8.1,1.819322070399934,group1.xlsx,acetone_30_n-heptane_70
group1,acetone_30_n-heptane_70,acetone 30% / n-heptane 70%,8.2,1.252928346733071,group1.xlsx,acetone_30_n-heptane_70
group1,acetone_30_n-heptane_70,acetone 30% / n-heptane 70%,8.3,1.077245560513752,group1.xlsx,acetone_30_n-heptane_70
group1,acetone_30_n-heptane_70,acetone 30% / n-heptane 70%,8.4,0.7871980823110214,group1.xlsx,acetone_30_n-heptane_70
group1,acetone_30_n-heptane_70,acetone 30% / n-heptane 70%,8.5,1.505597606718026,group1.xlsx,acetone_30_n-heptane_70
group1,acetone_30_n-heptane_70,acetone 30% / n-heptane 70%,8.6,1.496304300681607,group1.xlsx,acetone_30_n-heptane_70
group1,acetone_30_n-heptane_70,acetone 30% / n-heptane 70%,8.7,1.029790139716309,group1.xlsx,acetone_30_n-heptane_70
group1,acetone_30_n-heptane_70,acetone 30% / n-heptane 70%,8.8,1.099173424764574,group1.xlsx,acetone_30_n-heptane_70
group1,acetone_30_n-heptane_70,acetone 30% / n-heptane 70%,8.9,1.197355832022656,group1.xlsx,acetone_30_n-heptane_70
group1,acetone_30_n-heptane_70,acetone 30% / n-heptane 70%,9.0,1.306016212310411,group1.xlsx,acetone_30_n-heptane_70
group1,acetone_30_n-heptane_70,acetone 30% / n-heptane 70%,9.1,1.577452135312332,group1.xlsx,acetone_30_n-heptane_70
group1,acetone_30_n-heptane_70,acetone 30% / n-heptane 70%,9.2,1.293788284355446,group1.xlsx,acetone_30_n-heptane_70
group1,acetone_30_n-heptane_70,acetone 30% / n-heptane 70%,9.3,1.27539960253007,group1.xlsx,acetone_30_n-heptane_70
group1,acetone_30_n-heptane_70,acetone 30% / n-heptane 70%,9.4,1.017462811943507,group1.xlsx,acetone_30_n-heptane_70
group1,acetone_30_n-heptane_70,acetone 30% / n-heptane 70%,9.5,1.387279318957088,group1.xlsx,acetone_30_n-heptane_70
group1,acetone_30_n-heptane_70,acetone 30% / n-heptane 70%,9.6,2.016063805013762,group1.xlsx,acetone_30_n-heptane_70
group1,acetone_30_n-heptane_70,acetone 30% / n-heptane 70%,9.7,2.311311751219479,group1.xlsx,acetone_30_n-heptane_70
group1,acetone_30_n-heptane_70,acetone 30% / n-heptane 70%,9.8,1.892460249250681,group1.xlsx,acetone_30_n-heptane_70
group1,acetone_30_n-heptane_70,acetone 30% / n-heptane 70%,9.9,2.122420626557421,group1.xlsx,acetone_30_n-heptane_70
group1,acetone_30_n-heptane_70,acetone 30% / n-heptane 70%,10.0,2.105166487481709,group1.xlsx,acetone_30_n-heptane_70
group1,acetone_40_n-heptane_60,acetone 40% / n-heptane 60%,0.0,0.0,group1.xlsx,acetone_40_n-heptane_60
group1,acetone_40_n-heptane_60,acetone 40% / n-heptane 60%,0.1,0.5731934456260459,group1.xlsx,acetone_40_n-heptane_60
group1,acetone_40_n-heptane_60,acetone 40% / n-heptane 60%,0.2,0.5313697591305423,group1.xlsx,acetone_40_n-heptane_60
group1,acetone_40_n-heptane_60,acetone 40% / n-heptane 60%,0.3,0.779673550342653,group1.xlsx,acetone_40_n-heptane_60
group1,acetone_40_n-heptane_60,acetone 40% / n-heptane 60%,0.4,1.112246888699467,group1.xlsx,acetone_40_n-heptane_60
group1,acetone_40_n-heptane_60,acetone 40% / n-heptane 60%,0.5,1.274435617878299,group1.xlsx,acetone_40_n-heptane_60
group1,acetone_40_n-heptane_60,acetone 40% / n-heptane 60%,0.6,1.426598055272185,group1.xlsx,acetone_40_n-heptane_60
group1,acetone_40_n-heptane_60,acetone 40% / n-heptane 60%,0.7,1.644559974046319,group1.xlsx,acetone_40_n-heptane_60
group1,acetone_40_n-heptane_60,acetone 40% / n-heptane 60%,0.8,1.317483296932993,group1.xlsx,acetone_40_n-heptane_60
group1,acetone_40_n-heptane_60,acetone 40% / n-heptane 60%,0.9,1.793499976930689,group1.xlsx,acetone_40_n-heptane_60
group1,acetone_40_n-heptane_60,acetone 40% / n-heptane 60%,1.0,1.91351907226016,group1.xlsx,acetone_40_n-heptane_60
group1,acetone_40_n-heptane_60,acetone 40% / n-heptane 60%,1.1,1.589791520164654,group1.xlsx,acetone_40_n-heptane_60
group1,acetone_40_n-heptane_60,acetone 40% / n-heptane 60%,1.2,1.132839545383131,group1.xlsx,acetone_40_n-heptane_60
group1,acetone_40_n-heptane_60,acetone 40% / n-heptane 60%,1.3,1.412700749245542,group1.xlsx,acetone_40_n-heptane_60
group1,acetone_40_n-heptane_60,acetone 40% / n-heptane 60%,1.4,1.445813909730221,group1.xlsx,acetone_40_n-heptane_60
group1,acetone_40_n-heptane_60,acetone 40% / n-heptane 60%,1.5,1.787262628325778,group1.xlsx,acetone_40_n-heptane_60
group1,acetone_40_n-heptane_60,acetone 40% / n-heptane 60%,1.6,1.714745231948737,group1.xlsx,acetone_40_n-heptane_60
group1,acetone_40_n-heptane_60,acetone 40% / n-heptane 60%,1.7,1.323685913466368,group1.xlsx,acetone_40_n-heptane_60
group1,acetone_40_n-heptane_60,acetone 40% / n-heptane 60%,1.8,1.260971870083326,group1.xlsx,acetone_40_n-heptane_60
group1,acetone_40_n-heptane_60,acetone 40% / n-heptane 60%,1.9,1.482794355797212,group1.xlsx,acetone_40_n-heptane_60
group1,acetone_40_n-heptane_60,acetone 40% / n-heptane 60%,2.0,1.361035996531268,group1.xlsx,acetone_40_n-heptane_60
group1,acetone_40_n-heptane_60,acetone 40% / n-heptane 60%,2.1,1.695655060237876,group1.xlsx,acetone_40_n-heptane_60
group1,acetone_40_n-heptane_60,acetone 40% / n-heptane 60%,2.2,1.467864573534845,group1.xlsx,acetone_40_n-heptane_60
group1,acetone_40_n-heptane_60,acetone 40% / n-heptane 60%,2.3,1.189130062779501,group1.xlsx,acetone_40_n-heptane_60
group1,acetone_40_n-heptane_60,acetone 40% / n-heptane 60%,2.4,1.545389690385609,group1.xlsx,acetone_40_n-heptane_60
group1,acetone_40_n-heptane_60,acetone 40% / n-heptane 60%,2.5,1.840747826105102,group1.xlsx,acetone_40_n-heptane_60
group1,acetone_40_n-heptane_60,acetone 40% / n-heptane 60%,2.6,1.734620232794863,group1.xlsx,acetone_40_n-heptane_60
group1,acetone_40_n-heptane_60,acetone 40% / n-heptane 60%,2.7,1.650035689825376,group1.xlsx,acetone_40_n-heptane_60
group1,acetone_40_n-heptane_60,acetone 40% / n-heptane 60%,2.8,1.353996523110966,group1.xlsx,acetone_40_n-heptane_60
group1,acetone_40_n-heptane_60,acetone 40% / n-heptane 60%,2.9,1.509125335140258,group1.xlsx,acetone_40_n-heptane_60
group1,acetone_40_n-heptane_60,acetone 40% / n-heptane 60%,3.0,0.9760011703525574,group1.xlsx,acetone_40_n-heptane_60
group1,acetone_40_n-heptane_60,acetone 40% / n-heptane 60%,3.1,1.111584144339358,group1.xlsx,acetone_40_n-heptane_60
group1,acetone_40_n-heptane_60,acetone 40% / n-heptane 60%,3.2,0.8884447070018818,group1.xlsx,acetone_40_n-heptane_60
group1,acetone_40_n-heptane_60,acetone 40% / n-heptane 60%,3.3,1.047834116903496,group1.xlsx,acetone_40_n-heptane_60
group1,acetone_40_n-heptane_60,acetone 40% / n-heptane 60%,3.4,0.9129812196454627,group1.xlsx,acetone_40_n-heptane_60
group1,acetone_40_n-heptane_60,acetone 40% / n-heptane 60%,3.5,0.9132175416662136,group1.xlsx,acetone_40_n-heptane_60
group1,acetone_40_n-heptane_60,acetone 40% / n-heptane 60%,3.6,0.9843052409105736,group1.xlsx,acetone_40_n-heptane_60
group1,acetone_40_n-heptane_60,acetone 40% / n-heptane 60%,3.7,1.098142292481864,group1.xlsx,acetone_40_n-heptane_60
group1,acetone_40_n-heptane_60,acetone 40% / n-heptane 60%,3.8,0.9089970214213032,group1.xlsx,acetone_40_n-heptane_60
group1,acetone_40_n-heptane_60,acetone 40% / n-heptane 60%,3.9,0.7032291207014187,group1.xlsx,acetone_40_n-heptane_60
group1,acetone_40_n-heptane_60,acetone 40% / n-heptane 60%,4.0,0.64580981326657,group1.xlsx,acetone_40_n-heptane_60
group1,acetone_40_n-heptane_60,acetone 40% / n-heptane 60%,4.1,0.7177728834798202,group1.xlsx,acetone_40_n-heptane_60
group1,acetone_40_n-heptane_60,acetone 40% / n-heptane 60%,4.2,0.9590096182970632,group1.xlsx,acetone_40_n-heptane_60
group1,acetone_40_n-heptane_60,acetone 40% / n-heptane 60%,4.3,0.7789629600241945,group1.xlsx,acetone_40_n-heptane_60
group1,acetone_40_n-heptane_60,acetone 40% / n-heptane 60%,4.4,1.161809978302147,group1.xlsx,acetone_40_n-heptane_60
group1,acetone_40_n-heptane_60,acetone 40% / n-heptane 60%,4.5,0.9499960377927716,group1.xlsx,acetone_40_n-heptane_60
group1,acetone_40_n-heptane_60,acetone 40% / n-heptane 60%,4.6,0.7657096103603189,group1.xlsx,acetone_40_n-heptane_60
group1,acetone_40_n-heptane_60,acetone 40% / n-heptane 60%,4.7,1.088405737145966,group1.xlsx,acetone_40_n-heptane_60
group1,acetone_40_n-heptane_60,acetone 40% / n-heptane 60%,4.8,0.8672864021035668,group1.xlsx,acetone_40_n-heptane_60
group1,acetone_40_n-heptane_60,acetone 40% / n-heptane 60%,4.9,0.8092576742015213,group1.xlsx,acetone_40_n-heptane_60
group1,acetone_40_n-heptane_60,acetone 40% / n-heptane 60%,5.0,1.080726419575365,group1.xlsx,acetone_40_n-heptane_60
group1,acetone_40_n-heptane_60,acetone 40% / n-heptane 60%,5.1,1.397822401149734,group1.xlsx,acetone_40_n-heptane_60
group1,acetone_40_n-heptane_60,acetone 40% / n-heptane 60%,5.2,1.348886308518469,group1.xlsx,acetone_40_n-heptane_60
group1,acetone_40_n-heptane_60,acetone 40% / n-heptane 60%,5.3,1.380148803974261,group1.xlsx,acetone_40_n-heptane_60
group1,acetone_40_n-heptane_60,acetone 40% / n-heptane 60%,5.4,1.230864656952334,group1.xlsx,acetone_40_n-heptane_60
group1,acetone_40_n-heptane_60,acetone 40% / n-heptane 60%,5.5,1.296438001264036,group1.xlsx,acetone_40_n-heptane_60
group1,acetone_40_n-heptane_60,acetone 40% / n-heptane 60%,5.6,1.068465931249346,group1.xlsx,acetone_40_n-heptane_60
group1,acetone_40_n-heptane_60,acetone 40% / n-heptane 60%,5.7,1.038787897660856,group1.xlsx,acetone_40_n-heptane_60
group1,acetone_40_n-heptane_60,acetone 40% / n-heptane 60%,5.8,1.184838976421031,group1.xlsx,acetone_40_n-heptane_60
group1,acetone_40_n-heptane_60,acetone 40% / n-heptane 60%,5.9,1.639815839055859,group1.xlsx,acetone_40_n-heptane_60
group1,acetone_40_n-heptane_60,acetone 40% / n-heptane 60%,6.0,1.423843328107549,group1.xlsx,acetone_40_n-heptane_60
group1,acetone_40_n-heptane_60,acetone 40% / n-heptane 60%,6.1,1.584286085251519,group1.xlsx,acetone_40_n-heptane_60
group1,acetone_40_n-heptane_60,acetone 40% / n-heptane 60%,6.2,1.523189674251595,group1.xlsx,acetone_40_n-heptane_60
group1,acetone_40_n-heptane_60,acetone 40% / n-heptane 60%,6.3,1.298428221188102,group1.xlsx,acetone_40_n-heptane_60
group1,acetone_40_n-heptane_60,acetone 40% / n-heptane 60%,6.4,1.18085030057421,group1.xlsx,acetone_40_n-heptane_60
group1,acetone_40_n-heptane_60,acetone 40% / n-heptane 60%,6.5,1.243591755731225,group1.xlsx,acetone_40_n-heptane_60
group1,acetone_40_n-heptane_60,acetone 40% / n-heptane 60%,6.6,1.369552418543405,group1.xlsx,acetone_40_n-heptane_60
group1,acetone_40_n-heptane_60,acetone 40% / n-heptane 60%,6.7,1.577894069305324,group1.xlsx,acetone_40_n-heptane_60
group1,acetone_40_n-heptane_60,acetone 40% / n-heptane 60%,6.8,1.659643233257359,group1.xlsx,acetone_40_n-heptane_60
group1,acetone_40_n-heptane_60,acetone 40% / n-heptane 60%,6.9,1.571942319899083,group1.xlsx,acetone_40_n-heptane_60
group1,acetone_40_n-heptane_60,acetone 40% / n-heptane 60%,7.0,1.348558589422939,group1.xlsx,acetone_40_n-heptane_60
group1,acetone_40_n-heptane_60,acetone 40% / n-heptane 60%,7.1,1.535982203583022,group1.xlsx,acetone_40_n-heptane_60
group1,acetone_40_n-heptane_60,acetone 40% / n-heptane 60%,7.2,1.730013353869784,group1.xlsx,acetone_40_n-heptane_60
group1,acetone_40_n-heptane_60,acetone 40% / n-heptane 60%,7.3,1.247511344015171,group1.xlsx,acetone_40_n-heptane_60
group1,acetone_40_n-heptane_60,acetone 40% / n-heptane 60%,7.4,1.34237094444877,group1.xlsx,acetone_40_n-heptane_60
group1,acetone_40_n-heptane_60,acetone 40% / n-heptane 60%,7.5,1.530854408193576,group1.xlsx,acetone_40_n-heptane_60
group1,acetone_40_n-heptane_60,acetone 40% / n-heptane 60%,7.6,1.161421978498857,group1.xlsx,acetone_40_n-heptane_60
group1,acetone_40_n-heptane_60,acetone 40% / n-heptane 60%,7.7,0.829341345121378,group1.xlsx,acetone_40_n-heptane_60
group1,acetone_40_n-heptane_60,acetone 40% / n-heptane 60%,7.8,1.248227181416699,group1.xlsx,acetone_40_n-heptane_60
group1,acetone_40_n-heptane_60,acetone 40% / n-heptane 60%,7.9,1.462994932317752,group1.xlsx,acetone_40_n-heptane_60
group1,acetone_40_n-heptane_60,acetone 40% / n-heptane 60%,8.0,1.482555807079806,group1.xlsx,acetone_40_n-heptane_60
group1,acetone_40_n-heptane_60,acetone 40% / n-heptane 60%,8.1,1.398325853179549,group1.xlsx,acetone_40_n-heptane_60
group1,acetone_40_n-heptane_60,acetone 40% / n-heptane 60%,8.2,1.204997749122477,group1.xlsx,acetone_40_n-heptane_60
group1,acetone_40_n-heptane_60,acetone 40% / n-heptane 60%,8.3,1.485780925365835,group1.xlsx,acetone_40_n-heptane_60
group1,acetone_40_n-heptane_60,acetone 40% / n-heptane 60%,8.4,1.333690938815439,group1.xlsx,acetone_40_n-heptane_60
group1,acetone_40_n-heptane_60,acetone 40% / n-heptane 60%,8.5,1.366739622119203,group1.xlsx,acetone_40_n-heptane_60
group1,acetone_40_n-heptane_60,acetone 40% / n-heptane 60%,8.6,1.469849422063505,group1.xlsx,acetone_40_n-heptane_60
group1,acetone_40_n-heptane_60,acetone 40% / n-heptane 60%,8.7,1.511152125313368,group1.xlsx,acetone_40_n-heptane_60
group1,acetone_40_n-heptane_60,acetone 40% / n-heptane 60%,8.8,1.786056706925223,group1.xlsx,acetone_40_n-heptane_60
group1,acetone_40_n-heptane_60,acetone 40% / n-heptane 60%,8.9,1.331315962831771,group1.xlsx,acetone_40_n-heptane_60
group1,acetone_40_n-heptane_60,acetone 40% / n-heptane 60%,9.0,1.185936920268388,group1.xlsx,acetone_40_n-heptane_60
group1,acetone_40_n-heptane_60,acetone 40% / n-heptane 60%,9.1,1.549180566469005,group1.xlsx,acetone_40_n-heptane_60
group1,acetone_40_n-heptane_60,acetone 40% / n-heptane 60%,9.2,1.917258700745705,group1.xlsx,acetone_40_n-heptane_60
group1,acetone_40_n-heptane_60,acetone 40% / n-heptane 60%,9.3,2.075398772301893,group1.xlsx,acetone_40_n-heptane_60
group1,acetone_40_n-heptane_60,acetone 40% / n-heptane 60%,9.4,2.356356046935818,group1.xlsx,acetone_40_n-heptane_60
group1,acetone_40_n-heptane_60,acetone 40% / n-heptane 60%,9.5,2.3494635353814,group1.xlsx,acetone_40_n-heptane_60
group1,acetone_40_n-heptane_60,acetone 40% / n-heptane 60%,9.6,2.56225441783222,group1.xlsx,acetone_40_n-heptane_60
group1,acetone_40_n-heptane_60,acetone 40% / n-heptane 60%,9.7,2.468719364618494,group1.xlsx,acetone_40_n-heptane_60
group1,acetone_40_n-heptane_60,acetone 40% / n-heptane 60%,9.8,2.241531694205942,group1.xlsx,acetone_40_n-heptane_60
group1,acetone_40_n-heptane_60,acetone 40% / n-heptane 60%,9.9,2.072729409452079,group1.xlsx,acetone_40_n-heptane_60
group1,acetone_40_n-heptane_60,acetone 40% / n-heptane 60%,10.0,1.815901473265309,group1.xlsx,acetone_40_n-heptane_60
group1,acetone_50_n-heptane_50,acetone 50% / n-heptane 50%,0.0,0.0,group1.xlsx,acetone_50_n-heptane_50
group1,acetone_50_n-heptane_50,acetone 50% / n-heptane 50%,0.1,0.4218178652411591,group1.xlsx,acetone_50_n-heptane_50
group1,acetone_50_n-heptane_50,acetone 50% / n-heptane 50%,0.2,0.2682767090278576,group1.xlsx,acetone_50_n-heptane_50
group1,acetone_50_n-heptane_50,acetone 50% / n-heptane 50%,0.3,0.6040829330067132,group1.xlsx,acetone_50_n-heptane_50
group1,acetone_50_n-heptane_50,acetone 50% / n-heptane 50%,0.4,1.101264034088821,group1.xlsx,acetone_50_n-heptane_50
group1,acetone_50_n-heptane_50,acetone 50% / n-heptane 50%,0.5,1.206535660494838,group1.xlsx,acetone_50_n-heptane_50
group1,acetone_50_n-heptane_50,acetone 50% / n-heptane 50%,0.6,0.6616065116835944,group1.xlsx,acetone_50_n-heptane_50
group1,acetone_50_n-heptane_50,acetone 50% / n-heptane 50%,0.7,0.668421597548181,group1.xlsx,acetone_50_n-heptane_50
group1,acetone_50_n-heptane_50,acetone 50% / n-heptane 50%,0.8,0.4917226166921479,group1.xlsx,acetone_50_n-heptane_50
group1,acetone_50_n-heptane_50,acetone 50% / n-heptane 50%,0.9,0.574053191832884,group1.xlsx,acetone_50_n-heptane_50
group1,acetone_50_n-heptane_50,acetone 50% / n-heptane 50%,1.0,0.8746734494255662,group1.xlsx,acetone_50_n-heptane_50
group1,acetone_50_n-heptane_50,acetone 50% / n-heptane 50%,1.1,0.7899939165647548,group1.xlsx,acetone_50_n-heptane_50
group1,acetone_50_n-heptane_50,acetone 50% / n-heptane 50%,1.2,0.5958984007255106,group1.xlsx,acetone_50_n-heptane_50
group1,acetone_50_n-heptane_50,acetone 50% / n-heptane 50%,1.3,0.8421365235850832,group1.xlsx,acetone_50_n-heptane_50
group1,acetone_50_n-heptane_50,acetone 50% / n-heptane 50%,1.4,0.9115584614473308,group1.xlsx,acetone_50_n-heptane_50
group1,acetone_50_n-heptane_50,acetone 50% / n-heptane 50%,1.5,0.6583892759762174,group1.xlsx,acetone_50_n-heptane_50
group1,acetone_50_n-heptane_50,acetone 50% / n-heptane 50%,1.6,0.599888364493532,group1.xlsx,acetone_50_n-heptane_50
group1,acetone_50_n-heptane_50,acetone 50% / n-heptane 50%,1.7,0.9318197205039526,group1.xlsx,acetone_50_n-heptane_50
group1,acetone_50_n-heptane_50,acetone 50% / n-heptane 50%,1.8,1.208985769241226,group1.xlsx,acetone_50_n-heptane_50
group1,acetone_50_n-heptane_50,acetone 50% / n-heptane 50%,1.9,1.325583296872006,group1.xlsx,acetone_50_n-heptane_50
group1,acetone_50_n-heptane_50,acetone 50% / n-heptane 50%,2.0,1.20513581588399,group1.xlsx,acetone_50_n-heptane_50
group1,acetone_50_n-heptane_50,acetone 50% / n-heptane 50%,2.1,1.456754584717213,group1.xlsx,acetone_50_n-heptane_50
group1,acetone_50_n-heptane_50,acetone 50% / n-heptane 50%,2.2,1.63756543801307,group1.xlsx,acetone_50_n-heptane_50
group1,acetone_50_n-heptane_50,acetone 50% / n-heptane 50%,2.3,1.610296814325649,group1.xlsx,acetone_50_n-heptane_50
group1,acetone_50_n-heptane_50,acetone 50% / n-heptane 50%,2.4,1.349514239731877,group1.xlsx,acetone_50_n-heptane_50
group1,acetone_50_n-heptane_50,acetone 50% / n-heptane 50%,2.5,1.55830451424879,group1.xlsx,acetone_50_n-heptane_50
group1,acetone_50_n-heptane_50,acetone 50% / n-heptane 50%,2.6,1.802267826612612,group1.xlsx,acetone_50_n-heptane_50
group1,acetone_50_n-heptane_50,acetone 50% / n-heptane 50%,2.7,1.566443646699187,group1.xlsx,acetone_50_n-heptane_50
group1,acetone_50_n-heptane_50,acetone 50% / n-heptane 50%,2.8,1.36307440381491,group1.xlsx,acetone_50_n-heptane_50
group1,acetone_50_n-heptane_50,acetone 50% / n-heptane 50%,2.9,1.356559030318201,group1.xlsx,acetone_50_n-heptane_50
group1,acetone_50_n-heptane_50,acetone 50% / n-heptane 50%,3.0,1.228190332993222,group1.xlsx,acetone_50_n-heptane_50
group1,acetone_50_n-heptane_50,acetone 50% / n-heptane 50%,3.1,1.336175742299347,group1.xlsx,acetone_50_n-heptane_50
group1,acetone_50_n-heptane_50,acetone 50% / n-heptane 50%,3.2,1.487492127100934,group1.xlsx,acetone_50_n-heptane_50
group1,acetone_50_n-heptane_50,acetone 50% / n-heptane 50%,3.3,1.731963000807902,group1.xlsx,acetone_50_n-heptane_50
group1,acetone_50_n-heptane_50,acetone 50% / n-heptane 50%,3.4,1.623277207846494,group1.xlsx,acetone_50_n-heptane_50
group1,acetone_50_n-heptane_50,acetone 50% / n-heptane 50%,3.5,1.514720909210348,group1.xlsx,acetone_50_n-heptane_50
group1,acetone_50_n-heptane_50,acetone 50% / n-heptane 50%,3.6,1.740008118006338,group1.xlsx,acetone_50_n-heptane_50
group1,acetone_50_n-heptane_50,acetone 50% / n-heptane 50%,3.7,1.713691444112423,group1.xlsx,acetone_50_n-heptane_50
group1,acetone_50_n-heptane_50,acetone 50% / n-heptane 50%,3.8,1.816473733437793,group1.xlsx,acetone_50_n-heptane_50
group1,acetone_50_n-heptane_50,acetone 50% / n-heptane 50%,3.9,1.891715671451921,group1.xlsx,acetone_50_n-heptane_50
group1,acetone_50_n-heptane_50,acetone 50% / n-heptane 50%,4.0,1.689255593004643,group1.xlsx,acetone_50_n-heptane_50
group1,acetone_50_n-heptane_50,acetone 50% / n-heptane 50%,4.1,1.734039488363523,group1.xlsx,acetone_50_n-heptane_50
group1,acetone_50_n-heptane_50,acetone 50% / n-heptane 50%,4.2,1.605185338069372,group1.xlsx,acetone_50_n-heptane_50
group1,acetone_50_n-heptane_50,acetone 50% / n-heptane 50%,4.3,1.805520489030205,group1.xlsx,acetone_50_n-heptane_50
group1,acetone_50_n-heptane_50,acetone 50% / n-heptane 50%,4.4,1.937368041771718,group1.xlsx,acetone_50_n-heptane_50
group1,acetone_50_n-heptane_50,acetone 50% / n-heptane 50%,4.5,1.963312344642199,group1.xlsx,acetone_50_n-heptane_50
group1,acetone_50_n-heptane_50,acetone 50% / n-heptane 50%,4.6,2.108235781007059,group1.xlsx,acetone_50_n-heptane_50
group1,acetone_50_n-heptane_50,acetone 50% / n-heptane 50%,4.7,2.107636992935672,group1.xlsx,acetone_50_n-heptane_50
group1,acetone_50_n-heptane_50,acetone 50% / n-heptane 50%,4.8,2.259386263483758,group1.xlsx,acetone_50_n-heptane_50
group1,acetone_50_n-heptane_50,acetone 50% / n-heptane 50%,4.9,2.189071539629882,group1.xlsx,acetone_50_n-heptane_50
group1,acetone_50_n-heptane_50,acetone 50% / n-heptane 50%,5.0,1.773366493758156,group1.xlsx,acetone_50_n-heptane_50
group1,acetone_50_n-heptane_50,acetone 50% / n-heptane 50%,5.1,1.526177662441051,group1.xlsx,acetone_50_n-heptane_50
group1,acetone_50_n-heptane_50,acetone 50% / n-heptane 50%,5.2,1.738005159819942,group1.xlsx,acetone_50_n-heptane_50
group1,acetone_50_n-heptane_50,acetone 50% / n-heptane 50%,5.3,2.26398952359498,group1.xlsx,acetone_50_n-heptane_50
group1,acetone_50_n-heptane_50,acetone 50% / n-heptane 50%,5.4,2.157041741616098,group1.xlsx,acetone_50_n-heptane_50
group1,acetone_50_n-heptane_50,acetone 50% / n-heptane 50%,5.5,1.788800967281658,group1.xlsx,acetone_50_n-heptane_50
group1,acetone_50_n-heptane_50,acetone 50% / n-heptane 50%,5.6,1.336993455066252,group1.xlsx,acetone_50_n-heptane_50
group1,acetone_50_n-heptane_50,acetone 50% / n-heptane 50%,5.7,0.8074898060711876,group1.xlsx,acetone_50_n-heptane_50
group1,acetone_50_n-heptane_50,acetone 50% / n-heptane 50%,5.8,1.117141277029482,group1.xlsx,acetone_50_n-heptane_50
group1,acetone_50_n-heptane_50,acetone 50% / n-heptane 50%,5.9,1.615492907387236,group1.xlsx,acetone_50_n-heptane_50
group1,acetone_50_n-heptane_50,acetone 50% / n-heptane 50%,6.0,1.368888465166468,group1.xlsx,acetone_50_n-heptane_50
group1,acetone_50_n-heptane_50,acetone 50% / n-heptane 50%,6.1,1.32359093663928,group1.xlsx,acetone_50_n-heptane_50
group1,acetone_50_n-heptane_50,acetone 50% / n-heptane 50%,6.2,0.7354302587252559,group1.xlsx,acetone_50_n-heptane_50
group1,acetone_50_n-heptane_50,acetone 50% / n-heptane 50%,6.3,0.642255603326652,group1.xlsx,acetone_50_n-heptane_50
group1,acetone_50_n-heptane_50,acetone 50% / n-heptane 50%,6.4,0.622373189211252,group1.xlsx,acetone_50_n-heptane_50
group1,acetone_50_n-heptane_50,acetone 50% / n-heptane 50%,6.5,0.9217263106421668,group1.xlsx,acetone_50_n-heptane_50
group1,acetone_50_n-heptane_50,acetone 50% / n-heptane 50%,6.6,1.285869537841595,group1.xlsx,acetone_50_n-heptane_50
group1,acetone_50_n-heptane_50,acetone 50% / n-heptane 50%,6.7,1.393402349265418,group1.xlsx,acetone_50_n-heptane_50
group1,acetone_50_n-heptane_50,acetone 50% / n-heptane 50%,6.8,1.202827072952843,group1.xlsx,acetone_50_n-heptane_50
group1,acetone_50_n-heptane_50,acetone 50% / n-heptane 50%,6.9,1.040902874521643,group1.xlsx,acetone_50_n-heptane_50
group1,acetone_50_n-heptane_50,acetone 50% / n-heptane 50%,7.0,1.438703703878571,group1.xlsx,acetone_50_n-heptane_50
group1,acetone_50_n-heptane_50,acetone 50% / n-heptane 50%,7.1,0.7456427092029874,group1.xlsx,acetone_50_n-heptane_50
group1,acetone_50_n-heptane_50,acetone 50% / n-heptane 50%,7.2,0.978761979459642,group1.xlsx,acetone_50_n-heptane_50
group1,acetone_50_n-heptane_50,acetone 50% / n-heptane 50%,7.3,0.9548835238342496,group1.xlsx,acetone_50_n-heptane_50
group1,acetone_50_n-heptane_50,acetone 50% / n-heptane 50%,7.4,1.003417222280894,group1.xlsx,acetone_50_n-heptane_50
group1,acetone_50_n-heptane_50,acetone 50% / n-heptane 50%,7.5,0.7018574638024376,group1.xlsx,acetone_50_n-heptane_50
group1,acetone_50_n-heptane_50,acetone 50% / n-heptane 50%,7.6,0.7762429617258371,group1.xlsx,acetone_50_n-heptane_50
group1,acetone_50_n-heptane_50,acetone 50% / n-heptane 50%,7.7,0.6794545705213895,group1.xlsx,acetone_50_n-heptane_50
group1,acetone_50_n-heptane_50,acetone 50% / n-heptane 50%,7.8,0.532727722502914,group1.xlsx,acetone_50_n-heptane_50
group1,acetone_50_n-heptane_50,acetone 50% / n-heptane 50%,7.9,1.29502625098061,group1.xlsx,acetone_50_n-heptane_50
group1,acetone_50_n-heptane_50,acetone 50% / n-heptane 50%,8.0,1.160634681342005,group1.xlsx,acetone_50_n-heptane_50
group1,acetone_50_n-heptane_50,acetone 50% / n-heptane 50%,8.1,1.465542051094324,group1.xlsx,acetone_50_n-heptane_50
group1,acetone_50_n-heptane_50,acetone 50% / n-heptane 50%,8.2,1.654806281623549,group1.xlsx,acetone_50_n-heptane_50
group1,acetone_50_n-heptane_50,acetone 50% / n-heptane 50%,8.3,1.082217570975919,group1.xlsx,acetone_50_n-heptane_50
group1,acetone_50_n-heptane_50,acetone 50% / n-heptane 50%,8.4,0.9754221780872804,group1.xlsx,acetone_50_n-heptane_50
group1,acetone_50_n-heptane_50,acetone 50% / n-heptane 50%,8.5,0.7039351227423175,group1.xlsx,acetone_50_n-heptane_50
group1,acetone_50_n-heptane_50,acetone 50% / n-heptane 50%,8.6,0.7725746860420891,group1.xlsx,acetone_50_n-heptane_50
group1,acetone_50_n-heptane_50,acetone 50% / n-heptane 50%,8.7,0.8868242166916495,group1.xlsx,acetone_50_n-heptane_50
group1,acetone_50_n-heptane_50,acetone 50% / n-heptane 50%,8.8,0.6006712473471791,group1.xlsx,acetone_50_n-heptane_50
group1,acetone_50_n-heptane_50,acetone 50% / n-heptane 50%,8.9,1.171636893899128,group1.xlsx,acetone_50_n-heptane_50
group1,acetone_50_n-heptane_50,acetone 50% / n-heptane 50%,9.0,0.7552296558640008,group1.xlsx,acetone_50_n-heptane_50
group1,acetone_50_n-heptane_50,acetone 50% / n-heptane 50%,9.1,0.7111430704809669,group1.xlsx,acetone_50_n-heptane_50
group1,acetone_50_n-heptane_50,acetone 50% / n-heptane 50%,9.2,0.659478958333102,group1.xlsx,acetone_50_n-heptane_50
group1,acetone_50_n-heptane_50,acetone 50% / n-heptane 50%,9.3,0.1472807688127663,group1.xlsx,acetone_50_n-heptane_50
group1,acetone_50_n-heptane_50,acetone 50% / n-heptane 50%,9.4,0.59246846300857,group1.xlsx,acetone_50_n-heptane_50
group1,acetone_50_n-heptane_50,acetone 50% / n-heptane 50%,9.5,0.3810009392904032,group1.xlsx,acetone_50_n-heptane_50
group1,acetone_50_n-heptane_50,acetone 50% / n-heptane 50%,9.6,0.5980756620791081,group1.xlsx,acetone_50_n-heptane_50
group1,acetone_50_n-heptane_50,acetone 50% / n-heptane 50%,9.7,0.9675263858041696,group1.xlsx,acetone_50_n-heptane_50
group1,acetone_50_n-heptane_50,acetone 50% / n-heptane 50%,9.8,1.144968646138369,group1.xlsx,acetone_50_n-heptane_50
group1,acetone_50_n-heptane_50,acetone 50% / n-heptane 50%,9.9,0.9363109701065224,group1.xlsx,acetone_50_n-heptane_50
group1,acetone_50_n-heptane_50,acetone 50% / n-heptane 50%,10.0,1.420512658486554,group1.xlsx,acetone_50_n-heptane_50
group3,isopropanol_5_n-heptane_95,isopropanol 5% / n-heptane 95%,0.0,0.0,group3.xlsx,isopropanol_5_n-heptane_95
group3,isopropanol_5_n-heptane_95,isopropanol 5% / n-heptane 95%,0.1,0.490212739280083,group3.xlsx,isopropanol_5_n-heptane_95
group3,isopropanol_5_n-heptane_95,isopropanol 5% / n-heptane 95%,0.2,0.5498136546279722,group3.xlsx,isopropanol_5_n-heptane_95
group3,isopropanol_5_n-heptane_95,isopropanol 5% / n-heptane 95%,0.3,0.6269872516702695,group3.xlsx,isopropanol_5_n-heptane_95
group3,isopropanol_5_n-heptane_95,isopropanol 5% / n-heptane 95%,0.4,1.216851257752078,group3.xlsx,isopropanol_5_n-heptane_95
group3,isopropanol_5_n-heptane_95,isopropanol 5% / n-heptane 95%,0.5,1.434036107753461,group3.xlsx,isopropanol_5_n-heptane_95
group3,isopropanol_5_n-heptane_95,isopropanol 5% / n-heptane 95%,0.6,1.440773137113827,group3.xlsx,isopropanol_5_n-heptane_95
group3,isopropanol_5_n-heptane_95,isopropanol 5% / n-heptane 95%,0.7,1.490499122282731,group3.xlsx,isopropanol_5_n-heptane_95
group3,isopropanol_5_n-heptane_95,isopropanol 5% / n-heptane 95%,0.8,1.803050604546027,group3.xlsx,isopropanol_5_n-heptane_95
group3,isopropanol_5_n-heptane_95,isopropanol 5% / n-heptane 95%,0.9,1.596368301565863,group3.xlsx,isopropanol_5_n-heptane_95
group3,isopropanol_5_n-heptane_95,isopropanol 5% / n-heptane 95%,1.0,2.023773129994158,group3.xlsx,isopropanol_5_n-heptane_95
group3,isopropanol_5_n-heptane_95,isopropanol 5% / n-heptane 95%,1.1,1.848170724788594,group3.xlsx,isopropanol_5_n-heptane_95
group3,isopropanol_5_n-heptane_95,isopropanol 5% / n-heptane 95%,1.2,2.155053041315021,group3.xlsx,isopropanol_5_n-heptane_95
group3,isopropanol_5_n-heptane_95,isopropanol 5% / n-heptane 95%,1.3,2.244364000821782,group3.xlsx,isopropanol_5_n-heptane_95
group3,isopropanol_5_n-heptane_95,isopropanol 5% / n-heptane 95%,1.4,2.69825622217168,group3.xlsx,isopropanol_5_n-heptane_95
group3,isopropanol_5_n-heptane_95,isopropanol 5% / n-heptane 95%,1.5,2.696146499916227,group3.xlsx,isopropanol_5_n-heptane_95
group3,isopropanol_5_n-heptane_95,isopropanol 5% / n-heptane 95%,1.6,2.812819751348711,group3.xlsx,isopropanol_5_n-heptane_95
group3,isopropanol_5_n-heptane_95,isopropanol 5% / n-heptane 95%,1.7,2.615435755286644,group3.xlsx,isopropanol_5_n-heptane_95
group3,isopropanol_5_n-heptane_95,isopropanol 5% / n-heptane 95%,1.8,2.265392315652345,group3.xlsx,isopropanol_5_n-heptane_95
group3,isopropanol_5_n-heptane_95,isopropanol 5% / n-heptane 95%,1.9,2.506309534355899,group3.xlsx,isopropanol_5_n-heptane_95
group3,isopropanol_5_n-heptane_95,isopropanol 5% / n-heptane 95%,2.0,2.606239512925759,group3.xlsx,isopropanol_5_n-heptane_95
group3,isopropanol_5_n-heptane_95,isopropanol 5% / n-heptane 95%,2.1,2.637472231903952,group3.xlsx,isopropanol_5_n-heptane_95
group3,isopropanol_5_n-heptane_95,isopropanol 5% / n-heptane 95%,2.2,2.691157986638482,group3.xlsx,isopropanol_5_n-heptane_95
group3,isopropanol_5_n-heptane_95,isopropanol 5% / n-heptane 95%,2.3,2.72624394254797,group3.xlsx,isopropanol_5_n-heptane_95
group3,isopropanol_5_n-heptane_95,isopropanol 5% / n-heptane 95%,2.4,2.680930634472545,group3.xlsx,isopropanol_5_n-heptane_95
group3,isopropanol_5_n-heptane_95,isopropanol 5% / n-heptane 95%,2.5,2.633781747954402,group3.xlsx,isopropanol_5_n-heptane_95
group3,isopropanol_5_n-heptane_95,isopropanol 5% / n-heptane 95%,2.6,2.275782480850969,group3.xlsx,isopropanol_5_n-heptane_95
group3,isopropanol_5_n-heptane_95,isopropanol 5% / n-heptane 95%,2.7,2.4734204629421,group3.xlsx,isopropanol_5_n-heptane_95
group3,isopropanol_5_n-heptane_95,isopropanol 5% / n-heptane 95%,2.8,2.551658656148436,group3.xlsx,isopropanol_5_n-heptane_95
group3,isopropanol_5_n-heptane_95,isopropanol 5% / n-heptane 95%,2.9,2.222714347408941,group3.xlsx,isopropanol_5_n-heptane_95
group3,isopropanol_5_n-heptane_95,isopropanol 5% / n-heptane 95%,3.0,2.444256158335152,group3.xlsx,isopropanol_5_n-heptane_95
group3,isopropanol_5_n-heptane_95,isopropanol 5% / n-heptane 95%,3.1,2.696548337436494,group3.xlsx,isopropanol_5_n-heptane_95
group3,isopropanol_5_n-heptane_95,isopropanol 5% / n-heptane 95%,3.2,2.885726482143004,group3.xlsx,isopropanol_5_n-heptane_95
group3,isopropanol_5_n-heptane_95,isopropanol 5% / n-heptane 95%,3.3,2.997067995958066,group3.xlsx,isopropanol_5_n-heptane_95
group3,isopropanol_5_n-heptane_95,isopropanol 5% / n-heptane 95%,3.4,3.160670798240083,group3.xlsx,isopropanol_5_n-heptane_95
group3,isopropanol_5_n-heptane_95,isopropanol 5% / n-heptane 95%,3.5,3.226455078392011,group3.xlsx,isopropanol_5_n-heptane_95
group3,isopropanol_5_n-heptane_95,isopropanol 5% / n-heptane 95%,3.6,3.651283756804614,group3.xlsx,isopropanol_5_n-heptane_95
group3,isopropanol_5_n-heptane_95,isopropanol 5% / n-heptane 95%,3.7,3.441580731502141,group3.xlsx,isopropanol_5_n-heptane_95
group3,isopropanol_5_n-heptane_95,isopropanol 5% / n-heptane 95%,3.8,3.168679782017478,group3.xlsx,isopropanol_5_n-heptane_95
group3,isopropanol_5_n-heptane_95,isopropanol 5% / n-heptane 95%,3.9,3.20169322381492,group3.xlsx,isopropanol_5_n-heptane_95
group3,isopropanol_5_n-heptane_95,isopropanol 5% / n-heptane 95%,4.0,2.980090099249306,group3.xlsx,isopropanol_5_n-heptane_95
group3,isopropanol_5_n-heptane_95,isopropanol 5% / n-heptane 95%,4.1,2.853328611951842,group3.xlsx,isopropanol_5_n-heptane_95
group3,isopropanol_5_n-heptane_95,isopropanol 5% / n-heptane 95%,4.2,2.546295942427855,group3.xlsx,isopropanol_5_n-heptane_95
group3,isopropanol_5_n-heptane_95,isopropanol 5% / n-heptane 95%,4.3,2.31165081815125,group3.xlsx,isopropanol_5_n-heptane_95
group3,isopropanol_5_n-heptane_95,isopropanol 5% / n-heptane 95%,4.4,2.371877203011052,group3.xlsx,isopropanol_5_n-heptane_95
group3,isopropanol_5_n-heptane_95,isopropanol 5% / n-heptane 95%,4.5,1.93942879571481,group3.xlsx,isopropanol_5_n-heptane_95
group3,isopropanol_5_n-heptane_95,isopropanol 5% / n-heptane 95%,4.6,1.6717474562153,group3.xlsx,isopropanol_5_n-heptane_95
group3,isopropanol_5_n-heptane_95,isopropanol 5% / n-heptane 95%,4.7,1.265754490607478,group3.xlsx,isopropanol_5_n-heptane_95
group3,isopropanol_5_n-heptane_95,isopropanol 5% / n-heptane 95%,4.8,1.669050553733452,group3.xlsx,isopropanol_5_n-heptane_95
group3,isopropanol_5_n-heptane_95,isopropanol 5% / n-heptane 95%,4.9,1.270526474390546,group3.xlsx,isopropanol_5_n-heptane_95
group3,isopropanol_5_n-heptane_95,isopropanol 5% / n-heptane 95%,5.0,1.573090475516592,group3.xlsx,isopropanol_5_n-heptane_95
group3,isopropanol_5_n-heptane_95,isopropanol 5% / n-heptane 95%,5.1,1.71021731235495,group3.xlsx,isopropanol_5_n-heptane_95
group3,isopropanol_5_n-heptane_95,isopropanol 5% / n-heptane 95%,5.2,1.410074333614423,group3.xlsx,isopropanol_5_n-heptane_95
group3,isopropanol_5_n-heptane_95,isopropanol 5% / n-heptane 95%,5.3,1.156919191133962,group3.xlsx,isopropanol_5_n-heptane_95
group3,isopropanol_5_n-heptane_95,isopropanol 5% / n-heptane 95%,5.4,1.312729592725907,group3.xlsx,isopropanol_5_n-heptane_95
group3,isopropanol_5_n-heptane_95,isopropanol 5% / n-heptane 95%,5.5,0.8206214223641866,group3.xlsx,isopropanol_5_n-heptane_95
group3,isopropanol_5_n-heptane_95,isopropanol 5% / n-heptane 95%,5.6,1.550933177678265,group3.xlsx,isopropanol_5_n-heptane_95
group3,isopropanol_5_n-heptane_95,isopropanol 5% / n-heptane 95%,5.7,2.105835020913093,group3.xlsx,isopropanol_5_n-heptane_95
group3,isopropanol_5_n-heptane_95,isopropanol 5% / n-heptane 95%,5.8,2.136992496081977,group3.xlsx,isopropanol_5_n-heptane_95
group3,isopropanol_5_n-heptane_95,isopropanol 5% / n-heptane 95%,5.9,1.546434585301788,group3.xlsx,isopropanol_5_n-heptane_95
group3,isopropanol_5_n-heptane_95,isopropanol 5% / n-heptane 95%,6.0,1.56718163200722,group3.xlsx,isopropanol_5_n-heptane_95
group3,isopropanol_5_n-heptane_95,isopropanol 5% / n-heptane 95%,6.1,1.72662011441547,group3.xlsx,isopropanol_5_n-heptane_95
group3,isopropanol_5_n-heptane_95,isopropanol 5% / n-heptane 95%,6.2,2.099016273560864,group3.xlsx,isopropanol_5_n-heptane_95
group3,isopropanol_5_n-heptane_95,isopropanol 5% / n-heptane 95%,6.3,2.009509837541422,group3.xlsx,isopropanol_5_n-heptane_95
group3,isopropanol_5_n-heptane_95,isopropanol 5% / n-heptane 95%,6.4,1.743902900080841,group3.xlsx,isopropanol_5_n-heptane_95
group3,isopropanol_5_n-heptane_95,isopropanol 5% / n-heptane 95%,6.5,2.054896145783689,group3.xlsx,isopropanol_5_n-heptane_95
group3,isopropanol_5_n-heptane_95,isopropanol 5% / n-heptane 95%,6.6,2.126475367985681,group3.xlsx,isopropanol_5_n-heptane_95
group3,isopropanol_5_n-heptane_95,isopropanol 5% / n-heptane 95%,6.7,1.337508953706627,group3.xlsx,isopropanol_5_n-heptane_95
group3,isopropanol_5_n-heptane_95,isopropanol 5% / n-heptane 95%,6.8,1.254682447229104,group3.xlsx,isopropanol_5_n-heptane_95
group3,isopropanol_5_n-heptane_95,isopropanol 5% / n-heptane 95%,6.9,1.43887856425397,group3.xlsx,isopropanol_5_n-heptane_95
group3,isopropanol_5_n-heptane_95,isopropanol 5% / n-heptane 95%,7.0,1.766978365471803,group3.xlsx,isopropanol_5_n-heptane_95
group3,isopropanol_5_n-heptane_95,isopropanol 5% / n-heptane 95%,7.1,1.953263279363112,group3.xlsx,isopropanol_5_n-heptane_95
group3,isopropanol_5_n-heptane_95,isopropanol 5% / n-heptane 95%,7.2,1.661918971960969,group3.xlsx,isopropanol_5_n-heptane_95
group3,isopropanol_5_n-heptane_95,isopropanol 5% / n-heptane 95%,7.3,2.093130846944526,group3.xlsx,isopropanol_5_n-heptane_95
group3,isopropanol_5_n-heptane_95,isopropanol 5% / n-heptane 95%,7.4,2.246825086379698,group3.xlsx,isopropanol_5_n-heptane_95
group3,isopropanol_5_n-heptane_95,isopropanol 5% / n-heptane 95%,7.5,1.769578734766093,group3.xlsx,isopropanol_5_n-heptane_95
group3,isopropanol_5_n-heptane_95,isopropanol 5% / n-heptane 95%,7.6,1.882216036977461,group3.xlsx,isopropanol_5_n-heptane_95
group3,isopropanol_5_n-heptane_95,isopropanol 5% / n-heptane 95%,7.7,1.871849540511386,group3.xlsx,isopropanol_5_n-heptane_95
group3,isopropanol_5_n-heptane_95,isopropanol 5% / n-heptane 95%,7.8,1.98832203245357,group3.xlsx,isopropanol_5_n-heptane_95
group3,isopropanol_5_n-heptane_95,isopropanol 5% / n-heptane 95%,7.9,2.178848722161064,group3.xlsx,isopropanol_5_n-heptane_95
group3,isopropanol_5_n-heptane_95,isopropanol 5% / n-heptane 95%,8.0,2.381807296656044,group3.xlsx,isopropanol_5_n-heptane_95
group3,isopropanol_5_n-heptane_95,isopropanol 5% / n-heptane 95%,8.1,2.468962630628534,group3.xlsx,isopropanol_5_n-heptane_95
group3,isopropanol_5_n-heptane_95,isopropanol 5% / n-heptane 95%,8.2,2.671610229991477,group3.xlsx,isopropanol_5_n-heptane_95
group3,isopropanol_5_n-heptane_95,isopropanol 5% / n-heptane 95%,8.3,2.622568240776856,group3.xlsx,isopropanol_5_n-heptane_95
group3,isopropanol_5_n-heptane_95,isopropanol 5% / n-heptane 95%,8.4,2.512732941650388,group3.xlsx,isopropanol_5_n-heptane_95
group3,isopropanol_5_n-heptane_95,isopropanol 5% / n-heptane 95%,8.5,2.567204098613889,group3.xlsx,isopropanol_5_n-heptane_95
group3,isopropanol_5_n-heptane_95,isopropanol 5% / n-heptane 95%,8.6,2.570824472242368,group3.xlsx,isopropanol_5_n-heptane_95
group3,isopropanol_5_n-heptane_95,isopropanol 5% / n-heptane 95%,8.7,2.490638792376025,group3.xlsx,isopropanol_5_n-heptane_95
group3,isopropanol_5_n-heptane_95,isopropanol 5% / n-heptane 95%,8.8,2.717023891288162,group3.xlsx,isopropanol_5_n-heptane_95
group3,isopropanol_5_n-heptane_95,isopropanol 5% / n-heptane 95%,8.9,2.568582667376095,group3.xlsx,isopropanol_5_n-heptane_95
group3,isopropanol_5_n-heptane_95,isopropanol 5% / n-heptane 95%,9.0,2.669546489041942,group3.xlsx,isopropanol_5_n-heptane_95
group3,isopropanol_5_n-heptane_95,isopropanol 5% / n-heptane 95%,9.1,2.744476835747611,group3.xlsx,isopropanol_5_n-heptane_95
group3,isopropanol_5_n-heptane_95,isopropanol 5% / n-heptane 95%,9.2,2.476252604850962,group3.xlsx,isopropanol_5_n-heptane_95
group3,isopropanol_5_n-heptane_95,isopropanol 5% / n-heptane 95%,9.3,2.667954836053555,group3.xlsx,isopropanol_5_n-heptane_95
group3,isopropanol_5_n-heptane_95,isopropanol 5% / n-heptane 95%,9.4,2.940423963435129,group3.xlsx,isopropanol_5_n-heptane_95
group3,isopropanol_5_n-heptane_95,isopropanol 5% / n-heptane 95%,9.5,2.867383050444667,group3.xlsx,isopropanol_5_n-heptane_95
group3,isopropanol_5_n-heptane_95,isopropanol 5% / n-heptane 95%,9.6,3.039796656437836,group3.xlsx,isopropanol_5_n-heptane_95
group3,isopropanol_5_n-heptane_95,isopropanol 5% / n-heptane 95%,9.7,3.424107511907068,group3.xlsx,isopropanol_5_n-heptane_95
group3,isopropanol_5_n-heptane_95,isopropanol 5% / n-heptane 95%,9.8,3.289750664988563,group3.xlsx,isopropanol_5_n-heptane_95
group3,isopropanol_5_n-heptane_95,isopropanol 5% / n-heptane 95%,9.9,2.990375954515682,group3.xlsx,isopropanol_5_n-heptane_95
group3,isopropanol_5_n-heptane_95,isopropanol 5% / n-heptane 95%,10.0,3.036810237528931,group3.xlsx,isopropanol_5_n-heptane_95
group3,thf_n-heptane,THF 5% / n-heptane 95%,0.0,0.0,group3.xlsx,thf_n-heptane
group3,thf_n-heptane,THF 5% / n-heptane 95%,0.1,0.4569364497781933,group3.xlsx,thf_n-heptane
group3,thf_n-heptane,THF 5% / n-heptane 95%,0.2,0.1401193708278296,group3.xlsx,thf_n-heptane
group3,thf_n-heptane,THF 5% / n-heptane 95%,0.3,0.3184639642559041,group3.xlsx,thf_n-heptane
group3,thf_n-heptane,THF 5% / n-heptane 95%,0.4,0.4202063044061393,group3.xlsx,thf_n-heptane
group3,thf_n-heptane,THF 5% / n-heptane 95%,0.5,0.4258382195564444,group3.xlsx,thf_n-heptane
group3,thf_n-heptane,THF 5% / n-heptane 95%,0.6,0.630422596247245,group3.xlsx,thf_n-heptane
group3,thf_n-heptane,THF 5% / n-heptane 95%,0.7,1.043093377450172,group3.xlsx,thf_n-heptane
group3,thf_n-heptane,THF 5% / n-heptane 95%,0.8,1.273376519126854,group3.xlsx,thf_n-heptane
group3,thf_n-heptane,THF 5% / n-heptane 95%,0.9,1.443644806544697,group3.xlsx,thf_n-heptane
group3,thf_n-heptane,THF 5% / n-heptane 95%,1.0,0.9138461795056516,group3.xlsx,thf_n-heptane
group3,thf_n-heptane,THF 5% / n-heptane 95%,1.1,0.870695994487471,group3.xlsx,thf_n-heptane
group3,thf_n-heptane,THF 5% / n-heptane 95%,1.2,0.9280092007000268,group3.xlsx,thf_n-heptane
group3,thf_n-heptane,THF 5% / n-heptane 95%,1.3,0.7564800612677004,group3.xlsx,thf_n-heptane
group3,thf_n-heptane,THF 5% / n-heptane 95%,1.4,0.9957354710328316,group3.xlsx,thf_n-heptane
group3,thf_n-heptane,THF 5% / n-heptane 95%,1.5,0.7061632621728837,group3.xlsx,thf_n-heptane
group3,thf_n-heptane,THF 5% / n-heptane 95%,1.6,0.8098732849786683,group3.xlsx,thf_n-heptane
group3,thf_n-heptane,THF 5% / n-heptane 95%,1.7,1.021720544263798,group3.xlsx,thf_n-heptane
group3,thf_n-heptane,THF 5% / n-heptane 95%,1.8,0.8813993719770379,group3.xlsx,thf_n-heptane
group3,thf_n-heptane,THF 5% / n-heptane 95%,1.9,1.474691789082256,group3.xlsx,thf_n-heptane
group3,thf_n-heptane,THF 5% / n-heptane 95%,2.0,2.056005568481966,group3.xlsx,thf_n-heptane
group3,thf_n-heptane,THF 5% / n-heptane 95%,2.1,1.915976366922879,group3.xlsx,thf_n-heptane
group3,thf_n-heptane,THF 5% / n-heptane 95%,2.2,2.130963899662637,group3.xlsx,thf_n-heptane
group3,thf_n-heptane,THF 5% / n-heptane 95%,2.3,2.17273435788069,group3.xlsx,thf_n-heptane
group3,thf_n-heptane,THF 5% / n-heptane 95%,2.4,1.650132241250412,group3.xlsx,thf_n-heptane
group3,thf_n-heptane,THF 5% / n-heptane 95%,2.5,1.104861551068796,group3.xlsx,thf_n-heptane
group3,thf_n-heptane,THF 5% / n-heptane 95%,2.6,0.9420327890942812,group3.xlsx,thf_n-heptane
group3,thf_n-heptane,THF 5% / n-heptane 95%,2.7,1.208423569653814,group3.xlsx,thf_n-heptane
group3,thf_n-heptane,THF 5% / n-heptane 95%,2.8,1.100051889339424,group3.xlsx,thf_n-heptane
group3,thf_n-heptane,THF 5% / n-heptane 95%,2.9,1.111520612995776,group3.xlsx,thf_n-heptane
group3,thf_n-heptane,THF 5% / n-heptane 95%,3.0,1.000290087966694,group3.xlsx,thf_n-heptane
group3,thf_n-heptane,THF 5% / n-heptane 95%,3.1,1.072565298184615,group3.xlsx,thf_n-heptane
group3,thf_n-heptane,THF 5% / n-heptane 95%,3.2,0.7282517332598993,group3.xlsx,thf_n-heptane
group3,thf_n-heptane,THF 5% / n-heptane 95%,3.3,0.7608356373879226,group3.xlsx,thf_n-heptane
group3,thf_n-heptane,THF 5% / n-heptane 95%,3.4,0.55043539072332,group3.xlsx,thf_n-heptane
group3,thf_n-heptane,THF 5% / n-heptane 95%,3.5,0.8652727128670212,group3.xlsx,thf_n-heptane
group3,thf_n-heptane,THF 5% / n-heptane 95%,3.6,1.094604215826922,group3.xlsx,thf_n-heptane
group3,thf_n-heptane,THF 5% / n-heptane 95%,3.7,1.0211878802743,group3.xlsx,thf_n-heptane
group3,thf_n-heptane,THF 5% / n-heptane 95%,3.8,1.573373257316736,group3.xlsx,thf_n-heptane
group3,thf_n-heptane,THF 5% / n-heptane 95%,3.9,1.018556257388101,group3.xlsx,thf_n-heptane
group3,thf_n-heptane,THF 5% / n-heptane 95%,4.0,1.095991859048647,group3.xlsx,thf_n-heptane
group3,thf_n-heptane,THF 5% / n-heptane 95%,4.1,1.098648538092206,group3.xlsx,thf_n-heptane
group3,thf_n-heptane,THF 5% / n-heptane 95%,4.2,1.03595807397903,group3.xlsx,thf_n-heptane
group3,thf_n-heptane,THF 5% / n-heptane 95%,4.3,1.361572004348693,group3.xlsx,thf_n-heptane
group3,thf_n-heptane,THF 5% / n-heptane 95%,4.4,1.213479501957437,group3.xlsx,thf_n-heptane
group3,thf_n-heptane,THF 5% / n-heptane 95%,4.5,1.013095902722338,group3.xlsx,thf_n-heptane
group3,thf_n-heptane,THF 5% / n-heptane 95%,4.6,1.039392498654223,group3.xlsx,thf_n-heptane
group3,thf_n-heptane,THF 5% / n-heptane 95%,4.7,0.9809298461707322,group3.xlsx,thf_n-heptane
group3,thf_n-heptane,THF 5% / n-heptane 95%,4.8,1.164229568169552,group3.xlsx,thf_n-heptane
group3,thf_n-heptane,THF 5% / n-heptane 95%,4.9,0.7592425386316503,group3.xlsx,thf_n-heptane
group3,thf_n-heptane,THF 5% / n-heptane 95%,5.0,0.6056957891633059,group3.xlsx,thf_n-heptane
group3,thf_n-heptane,THF 5% / n-heptane 95%,5.1,0.3610005702457386,group3.xlsx,thf_n-heptane
group3,thf_n-heptane,THF 5% / n-heptane 95%,5.2,0.6793228230829161,group3.xlsx,thf_n-heptane
group3,thf_n-heptane,THF 5% / n-heptane 95%,5.3,0.991295386727524,group3.xlsx,thf_n-heptane
group3,thf_n-heptane,THF 5% / n-heptane 95%,5.4,0.7007027266398224,group3.xlsx,thf_n-heptane
group3,thf_n-heptane,THF 5% / n-heptane 95%,5.5,0.7699249524329352,group3.xlsx,thf_n-heptane
group3,thf_n-heptane,THF 5% / n-heptane 95%,5.6,1.119887008346981,group3.xlsx,thf_n-heptane
group3,thf_n-heptane,THF 5% / n-heptane 95%,5.7,1.123976245111261,group3.xlsx,thf_n-heptane
group3,thf_n-heptane,THF 5% / n-heptane 95%,5.8,0.7625520441184283,group3.xlsx,thf_n-heptane
group3,thf_n-heptane,THF 5% / n-heptane 95%,5.9,0.7387574786884855,group3.xlsx,thf_n-heptane
group3,thf_n-heptane,THF 5% / n-heptane 95%,6.0,0.4262324597656556,group3.xlsx,thf_n-heptane
group3,thf_n-heptane,THF 5% / n-heptane 95%,6.1,0.7043291269561666,group3.xlsx,thf_n-heptane
group3,thf_n-heptane,THF 5% / n-heptane 95%,6.2,0.8408901463011494,group3.xlsx,thf_n-heptane
group3,thf_n-heptane,THF 5% / n-heptane 95%,6.3,1.176674548234089,group3.xlsx,thf_n-heptane
group3,thf_n-heptane,THF 5% / n-heptane 95%,6.4,1.392050370993198,group3.xlsx,thf_n-heptane
group3,thf_n-heptane,THF 5% / n-heptane 95%,6.5,1.15532409727258,group3.xlsx,thf_n-heptane
group3,thf_n-heptane,THF 5% / n-heptane 95%,6.6,1.357523511238057,group3.xlsx,thf_n-heptane
group3,thf_n-heptane,THF 5% / n-heptane 95%,6.7,1.58753778521901,group3.xlsx,thf_n-heptane
group3,thf_n-heptane,THF 5% / n-heptane 95%,6.8,1.372944497322398,group3.xlsx,thf_n-heptane
group3,thf_n-heptane,THF 5% / n-heptane 95%,6.9,1.442072656407473,group3.xlsx,thf_n-heptane
group3,thf_n-heptane,THF 5% / n-heptane 95%,7.0,1.581193254176757,group3.xlsx,thf_n-heptane
group3,thf_n-heptane,THF 5% / n-heptane 95%,7.1,1.566208572297678,group3.xlsx,thf_n-heptane
group3,thf_n-heptane,THF 5% / n-heptane 95%,7.2,1.686179895988686,group3.xlsx,thf_n-heptane
group3,thf_n-heptane,THF 5% / n-heptane 95%,7.3,1.288093715722643,group3.xlsx,thf_n-heptane
group3,thf_n-heptane,THF 5% / n-heptane 95%,7.4,1.188453210951697,group3.xlsx,thf_n-heptane
group3,thf_n-heptane,THF 5% / n-heptane 95%,7.5,0.9495327098757276,group3.xlsx,thf_n-heptane
group3,thf_n-heptane,THF 5% / n-heptane 95%,7.6,0.7795758885957245,group3.xlsx,thf_n-heptane
group3,thf_n-heptane,THF 5% / n-heptane 95%,7.7,0.6278912892422237,group3.xlsx,thf_n-heptane
group3,thf_n-heptane,THF 5% / n-heptane 95%,7.8,0.5587711796797458,group3.xlsx,thf_n-heptane
group3,thf_n-heptane,THF 5% / n-heptane 95%,7.9,0.8182181515318325,group3.xlsx,thf_n-heptane
group3,thf_n-heptane,THF 5% / n-heptane 95%,8.0,0.8392921944980648,group3.xlsx,thf_n-heptane
group3,thf_n-heptane,THF 5% / n-heptane 95%,8.1,0.8513361392207784,group3.xlsx,thf_n-heptane
group3,thf_n-heptane,THF 5% / n-heptane 95%,8.2,0.6140833697585776,group3.xlsx,thf_n-heptane
group3,thf_n-heptane,THF 5% / n-heptane 95%,8.3,0.9297692588634844,group3.xlsx,thf_n-heptane
group3,thf_n-heptane,THF 5% / n-heptane 95%,8.4,0.2203106133033546,group3.xlsx,thf_n-heptane
group3,thf_n-heptane,THF 5% / n-heptane 95%,8.5,0.46974451706297,group3.xlsx,thf_n-heptane
group3,thf_n-heptane,THF 5% / n-heptane 95%,8.6,0.7168948963468612,group3.xlsx,thf_n-heptane
group3,thf_n-heptane,THF 5% / n-heptane 95%,8.7,0.2113531055048689,group3.xlsx,thf_n-heptane
group3,thf_n-heptane,THF 5% / n-heptane 95%,8.8,0.5597260269071901,group3.xlsx,thf_n-heptane
group3,thf_n-heptane,THF 5% / n-heptane 95%,8.9,0.6239026974980106,group3.xlsx,thf_n-heptane
group3,thf_n-heptane,THF 5% / n-heptane 95%,9.0,0.4711431394760485,group3.xlsx,thf_n-heptane
group3,thf_n-heptane,THF 5% / n-heptane 95%,9.1,0.4203577200934381,group3.xlsx,thf_n-heptane
group3,thf_n-heptane,THF 5% / n-heptane 95%,9.2,0.5387639253178429,group3.xlsx,thf_n-heptane
group3,thf_n-heptane,THF 5% / n-heptane 95%,9.3,0.4132302674061968,group3.xlsx,thf_n-heptane
group3,thf_n-heptane,THF 5% / n-heptane 95%,9.4,0.8887993446022653,group3.xlsx,thf_n-heptane
group3,thf_n-heptane,THF 5% / n-heptane 95%,9.5,1.366927695829359,group3.xlsx,thf_n-heptane
group3,thf_n-heptane,THF 5% / n-heptane 95%,9.6,1.530943652461754,group3.xlsx,thf_n-heptane
group3,thf_n-heptane,THF 5% / n-heptane 95%,9.7,1.659910920937256,group3.xlsx,thf_n-heptane
group3,thf_n-heptane,THF 5% / n-heptane 95%,9.8,1.480752017225886,group3.xlsx,thf_n-heptane
group3,thf_n-heptane,THF 5% / n-heptane 95%,9.9,1.268592027369294,group3.xlsx,thf_n-heptane
group3,thf_n-heptane,THF 5% / n-heptane 95%,10.0,1.084135815812856,group3.xlsx,thf_n-heptane
group3,thf_toluene,THF 5% / toluene 95%,0.0,0.0,group3.xlsx,thf_toluene
group3,thf_toluene,THF 5% / toluene 95%,0.1,0.4188722945000126,group3.xlsx,thf_toluene
group3,thf_toluene,THF 5% / toluene 95%,0.2,0.8583723723573913,group3.xlsx,thf_toluene
group3,thf_toluene,THF 5% / toluene 95%,0.3,1.01583656157576,group3.xlsx,thf_toluene
group3,thf_toluene,THF 5% / toluene 95%,0.4,0.7060583281752075,group3.xlsx,thf_toluene
group3,thf_toluene,THF 5% / toluene 95%,0.5,0.8405419941320335,group3.xlsx,thf_toluene
group3,thf_toluene,THF 5% / toluene 95%,0.6,1.208355189859605,group3.xlsx,thf_toluene
group3,thf_toluene,THF 5% / toluene 95%,0.7,1.311316397961416,group3.xlsx,thf_toluene
group3,thf_toluene,THF 5% / toluene 95%,0.8,0.9765736409940106,group3.xlsx,thf_toluene
group3,thf_toluene,THF 5% / toluene 95%,0.9,0.5503895531482927,group3.xlsx,thf_toluene
group3,thf_toluene,THF 5% / toluene 95%,1.0,0.6045977743428358,group3.xlsx,thf_toluene
group3,thf_toluene,THF 5% / toluene 95%,1.1,0.9698581062674688,group3.xlsx,thf_toluene
group3,thf_toluene,THF 5% / toluene 95%,1.2,0.8921925993669205,group3.xlsx,thf_toluene
group3,thf_toluene,THF 5% / toluene 95%,1.3,0.8942602908288024,group3.xlsx,thf_toluene
group3,thf_toluene,THF 5% / toluene 95%,1.4,0.8564970996810739,group3.xlsx,thf_toluene
group3,thf_toluene,THF 5% / toluene 95%,1.5,0.4089272351460673,group3.xlsx,thf_toluene
group3,thf_toluene,THF 5% / toluene 95%,1.6,0.6500450419099312,group3.xlsx,thf_toluene
group3,thf_toluene,THF 5% / toluene 95%,1.7,0.8602629476035311,group3.xlsx,thf_toluene
group3,thf_toluene,THF 5% / toluene 95%,1.8,0.9053436014378792,group3.xlsx,thf_toluene
group3,thf_toluene,THF 5% / toluene 95%,1.9,1.591634063498685,group3.xlsx,thf_toluene
group3,thf_toluene,THF 5% / toluene 95%,2.0,1.080447013534536,group3.xlsx,thf_toluene
group3,thf_toluene,THF 5% / toluene 95%,2.1,1.315923591020101,group3.xlsx,thf_toluene
group3,thf_toluene,THF 5% / toluene 95%,2.2,1.368191775931129,group3.xlsx,thf_toluene
group3,thf_toluene,THF 5% / toluene 95%,2.3,1.494364464704676,group3.xlsx,thf_toluene
group3,thf_toluene,THF 5% / toluene 95%,2.4,1.624433419812387,group3.xlsx,thf_toluene
group3,thf_toluene,THF 5% / toluene 95%,2.5,1.695373412147232,group3.xlsx,thf_toluene
group3,thf_toluene,THF 5% / toluene 95%,2.6,1.662339398493172,group3.xlsx,thf_toluene
group3,thf_toluene,THF 5% / toluene 95%,2.7,1.73337346669825,group3.xlsx,thf_toluene
group3,thf_toluene,THF 5% / toluene 95%,2.8,1.766219190504384,group3.xlsx,thf_toluene
group3,thf_toluene,THF 5% / toluene 95%,2.9,1.64535814053862,group3.xlsx,thf_toluene
group3,thf_toluene,THF 5% / toluene 95%,3.0,1.856303674517982,group3.xlsx,thf_toluene
group3,thf_toluene,THF 5% / toluene 95%,3.1,1.867490704068652,group3.xlsx,thf_toluene
group3,thf_toluene,THF 5% / toluene 95%,3.2,1.690025932839518,group3.xlsx,thf_toluene
group3,thf_toluene,THF 5% / toluene 95%,3.3,1.727501650642459,group3.xlsx,thf_toluene
group3,thf_toluene,THF 5% / toluene 95%,3.4,1.605996094265578,group3.xlsx,thf_toluene
group3,thf_toluene,THF 5% / toluene 95%,3.5,1.714067388242218,group3.xlsx,thf_toluene
group3,thf_toluene,THF 5% / toluene 95%,3.6,2.072313539908542,group3.xlsx,thf_toluene
group3,thf_toluene,THF 5% / toluene 95%,3.7,1.709586425788671,group3.xlsx,thf_toluene
group3,thf_toluene,THF 5% / toluene 95%,3.8,1.387009676124698,group3.xlsx,thf_toluene
group3,thf_toluene,THF 5% / toluene 95%,3.9,1.509164193280041,group3.xlsx,thf_toluene
group3,thf_toluene,THF 5% / toluene 95%,4.0,1.282322275401252,group3.xlsx,thf_toluene
group3,thf_toluene,THF 5% / toluene 95%,4.1,1.478537691644188,group3.xlsx,thf_toluene
group3,thf_toluene,THF 5% / toluene 95%,4.2,1.427296059929108,group3.xlsx,thf_toluene
group3,thf_toluene,THF 5% / toluene 95%,4.3,1.558515925916015,group3.xlsx,thf_toluene
group3,thf_toluene,THF 5% / toluene 95%,4.4,1.604967576020512,group3.xlsx,thf_toluene
group3,thf_toluene,THF 5% / toluene 95%,4.5,1.43982075109233,group3.xlsx,thf_toluene
group3,thf_toluene,THF 5% / toluene 95%,4.6,1.842235879504225,group3.xlsx,thf_toluene
group3,thf_toluene,THF 5% / toluene 95%,4.7,1.833391874044708,group3.xlsx,thf_toluene
group3,thf_toluene,THF 5% / toluene 95%,4.8,1.917614761775983,group3.xlsx,thf_toluene
group3,thf_toluene,THF 5% / toluene 95%,4.9,2.261105519827783,group3.xlsx,thf_toluene
group3,thf_toluene,THF 5% / toluene 95%,5.0,2.137858274947712,group3.xlsx,thf_toluene
group3,thf_toluene,THF 5% / toluene 95%,5.1,1.740311407604189,group3.xlsx,thf_toluene
group3,thf_toluene,THF 5% / toluene 95%,5.2,2.102840700885572,group3.xlsx,thf_toluene
group3,thf_toluene,THF 5% / toluene 95%,5.3,2.337258037640992,group3.xlsx,thf_toluene
group3,thf_toluene,THF 5% / toluene 95%,5.4,1.952211201854504,group3.xlsx,thf_toluene
group3,thf_toluene,THF 5% / toluene 95%,5.5,1.783834093153796,group3.xlsx,thf_toluene
group3,thf_toluene,THF 5% / toluene 95%,5.6,1.845906793407515,group3.xlsx,thf_toluene
group3,thf_toluene,THF 5% / toluene 95%,5.7,2.448440099250292,group3.xlsx,thf_toluene
group3,thf_toluene,THF 5% / toluene 95%,5.8,1.97788719793816,group3.xlsx,thf_toluene
group3,thf_toluene,THF 5% / toluene 95%,5.9,1.505844946155013,group3.xlsx,thf_toluene
group3,thf_toluene,THF 5% / toluene 95%,6.0,1.41436851394724,group3.xlsx,thf_toluene
group3,thf_toluene,THF 5% / toluene 95%,6.1,1.441515754982829,group3.xlsx,thf_toluene
group3,thf_toluene,THF 5% / toluene 95%,6.2,1.617974907246057,group3.xlsx,thf_toluene
group3,thf_toluene,THF 5% / toluene 95%,6.3,2.013305969115357,group3.xlsx,thf_toluene
group3,thf_toluene,THF 5% / toluene 95%,6.4,1.660629034235076,group3.xlsx,thf_toluene
group3,thf_toluene,THF 5% / toluene 95%,6.5,1.495923550986519,group3.xlsx,thf_toluene
group3,thf_toluene,THF 5% / toluene 95%,6.6,1.258605904173042,group3.xlsx,thf_toluene
group3,thf_toluene,THF 5% / toluene 95%,6.7,0.9309759608909584,group3.xlsx,thf_toluene
group3,thf_toluene,THF 5% / toluene 95%,6.8,1.136420494376619,group3.xlsx,thf_toluene
group3,thf_toluene,THF 5% / toluene 95%,6.9,1.013079002700718,group3.xlsx,thf_toluene
group3,thf_toluene,THF 5% / toluene 95%,7.0,1.398767470705673,group3.xlsx,thf_toluene
group3,thf_toluene,THF 5% / toluene 95%,7.1,1.233316880939795,group3.xlsx,thf_toluene
group3,thf_toluene,THF 5% / toluene 95%,7.2,0.9733024307912532,group3.xlsx,thf_toluene
group3,thf_toluene,THF 5% / toluene 95%,7.3,1.188195715769141,group3.xlsx,thf_toluene
group3,thf_toluene,THF 5% / toluene 95%,7.4,0.8926382505390584,group3.xlsx,thf_toluene
group3,thf_toluene,THF 5% / toluene 95%,7.5,0.5750921499884308,group3.xlsx,thf_toluene
group3,thf_toluene,THF 5% / toluene 95%,7.6,0.6316408231537264,group3.xlsx,thf_toluene
group3,thf_toluene,THF 5% / toluene 95%,7.7,0.4429117934924763,group3.xlsx,thf_toluene
group3,thf_toluene,THF 5% / toluene 95%,7.8,1.010830686403441,group3.xlsx,thf_toluene
group3,thf_toluene,THF 5% / toluene 95%,7.9,0.8579239458923447,group3.xlsx,thf_toluene
group3,thf_toluene,THF 5% / toluene 95%,8.0,0.8192169939207112,group3.xlsx,thf_toluene
group3,thf_toluene,THF 5% / toluene 95%,8.1,0.776880147610862,group3.xlsx,thf_toluene
group3,thf_toluene,THF 5% / toluene 95%,8.2,1.188566422343581,group3.xlsx,thf_toluene
group3,thf_toluene,THF 5% / toluene 95%,8.3,1.017796274436558,group3.xlsx,thf_toluene
group3,thf_toluene,THF 5% / toluene 95%,8.4,1.09395212685312,group3.xlsx,thf_toluene
group3,thf_toluene,THF 5% / toluene 95%,8.5,1.201151828924226,group3.xlsx,thf_toluene
group3,thf_toluene,THF 5% / toluene 95%,8.6,1.064076880158308,group3.xlsx,thf_toluene
group3,thf_toluene,THF 5% / toluene 95%,8.7,0.9827737912902657,group3.xlsx,thf_toluene
group3,thf_toluene,THF 5% / toluene 95%,8.8,0.7115689526788059,group3.xlsx,thf_toluene
group3,thf_toluene,THF 5% / toluene 95%,8.9,1.299491528502674,group3.xlsx,thf_toluene
group3,thf_toluene,THF 5% / toluene 95%,9.0,1.45267515620958,group3.xlsx,thf_toluene
group3,thf_toluene,THF 5% / toluene 95%,9.1,1.045861125367466,group3.xlsx,thf_toluene
group3,thf_toluene,THF 5% / toluene 95%,9.2,1.548260730554483,group3.xlsx,thf_toluene
group3,thf_toluene,THF 5% / toluene 95%,9.3,1.68479480984341,group3.xlsx,thf_toluene
group3,thf_toluene,THF 5% / toluene 95%,9.4,1.625177013909762,group3.xlsx,thf_toluene
group3,thf_toluene,THF 5% / toluene 95%,9.5,1.869053744182371,group3.xlsx,thf_toluene
group3,thf_toluene,THF 5% / toluene 95%,9.6,1.589051609278835,group3.xlsx,thf_toluene
group3,thf_toluene,THF 5% / toluene 95%,9.7,1.716603982948256,group3.xlsx,thf_toluene
group3,thf_toluene,THF 5% / toluene 95%,9.8,1.58434498947141,group3.xlsx,thf_toluene
group3,thf_toluene,THF 5% / toluene 95%,9.9,1.787787326352092,group3.xlsx,thf_toluene
group3,thf_toluene,THF 5% / toluene 95%,10.0,1.302420970545016,group3.xlsx,thf_toluene
group3,toluene_n-heptane,toluene 5% / n-heptane 95%,0.0,0.0,group3.xlsx,toluene_n-heptane
group3,toluene_n-heptane,toluene 5% / n-heptane 95%,0.1,0.7413231889240769,group3.xlsx,toluene_n-heptane
group3,toluene_n-heptane,toluene 5% / n-heptane 95%,0.2,0.8953903488375243,group3.xlsx,toluene_n-heptane
group3,toluene_n-heptane,toluene 5% / n-heptane 95%,0.3,1.274400887176343,group3.xlsx,toluene_n-heptane
group3,toluene_n-heptane,toluene 5% / n-heptane 95%,0.4,1.694700199406235,group3.xlsx,toluene_n-heptane
group3,toluene_n-heptane,toluene 5% / n-heptane 95%,0.5,1.56850230750495,group3.xlsx,toluene_n-heptane
group3,toluene_n-heptane,toluene 5% / n-heptane 95%,0.6,1.557170154628383,group3.xlsx,toluene_n-heptane
group3,toluene_n-heptane,toluene 5% / n-heptane 95%,0.7,1.348037056174359,group3.xlsx,toluene_n-heptane
group3,toluene_n-heptane,toluene 5% / n-heptane 95%,0.8,0.7721062365351988,group3.xlsx,toluene_n-heptane
group3,toluene_n-heptane,toluene 5% / n-heptane 95%,0.9,1.17256284434629,group3.xlsx,toluene_n-heptane
group3,toluene_n-heptane,toluene 5% / n-heptane 95%,1.0,1.174865999950283,group3.xlsx,toluene_n-heptane
group3,toluene_n-heptane,toluene 5% / n-heptane 95%,1.1,1.182297410689866,group3.xlsx,toluene_n-heptane
group3,toluene_n-heptane,toluene 5% / n-heptane 95%,1.2,1.249768516815964,group3.xlsx,toluene_n-heptane
group3,toluene_n-heptane,toluene 5% / n-heptane 95%,1.3,1.341126815945181,group3.xlsx,toluene_n-heptane
group3,toluene_n-heptane,toluene 5% / n-heptane 95%,1.4,1.253289860373063,group3.xlsx,toluene_n-heptane
group3,toluene_n-heptane,toluene 5% / n-heptane 95%,1.5,1.403313464132931,group3.xlsx,toluene_n-heptane
group3,toluene_n-heptane,toluene 5% / n-heptane 95%,1.6,1.761110119021547,group3.xlsx,toluene_n-heptane
group3,toluene_n-heptane,toluene 5% / n-heptane 95%,1.7,1.820540967022024,group3.xlsx,toluene_n-heptane
group3,toluene_n-heptane,toluene 5% / n-heptane 95%,1.8,1.97944909515469,group3.xlsx,toluene_n-heptane
group3,toluene_n-heptane,toluene 5% / n-heptane 95%,1.9,1.897227688816714,group3.xlsx,toluene_n-heptane
group3,toluene_n-heptane,toluene 5% / n-heptane 95%,2.0,2.076483253320106,group3.xlsx,toluene_n-heptane
group3,toluene_n-heptane,toluene 5% / n-heptane 95%,2.1,1.89080928338155,group3.xlsx,toluene_n-heptane
group3,toluene_n-heptane,toluene 5% / n-heptane 95%,2.2,1.800406010474598,group3.xlsx,toluene_n-heptane
group3,toluene_n-heptane,toluene 5% / n-heptane 95%,2.3,2.486903308586336,group3.xlsx,toluene_n-heptane
group3,toluene_n-heptane,toluene 5% / n-heptane 95%,2.4,2.580194046512265,group3.xlsx,toluene_n-heptane
group3,toluene_n-heptane,toluene 5% / n-heptane 95%,2.5,2.687865969460929,group3.xlsx,toluene_n-heptane
group3,toluene_n-heptane,toluene 5% / n-heptane 95%,2.6,2.677806492362939,group3.xlsx,toluene_n-heptane
group3,toluene_n-heptane,toluene 5% / n-heptane 95%,2.7,2.757555600466988,group3.xlsx,toluene_n-heptane
group3,toluene_n-heptane,toluene 5% / n-heptane 95%,2.8,2.764356251059673,group3.xlsx,toluene_n-heptane
group3,toluene_n-heptane,toluene 5% / n-heptane 95%,2.9,2.682577562990212,group3.xlsx,toluene_n-heptane
group3,toluene_n-heptane,toluene 5% / n-heptane 95%,3.0,2.573020613701921,group3.xlsx,toluene_n-heptane
group3,toluene_n-heptane,toluene 5% / n-heptane 95%,3.1,2.405699808891157,group3.xlsx,toluene_n-heptane
group3,toluene_n-heptane,toluene 5% / n-heptane 95%,3.2,2.354812976405506,group3.xlsx,toluene_n-heptane
group3,toluene_n-heptane,toluene 5% / n-heptane 95%,3.3,2.27614516012347,group3.xlsx,toluene_n-heptane
group3,toluene_n-heptane,toluene 5% / n-heptane 95%,3.4,2.594067230174306,group3.xlsx,toluene_n-heptane
group3,toluene_n-heptane,toluene 5% / n-heptane 95%,3.5,2.513014083413244,group3.xlsx,toluene_n-heptane
group3,toluene_n-heptane,toluene 5% / n-heptane 95%,3.6,1.827812621800323,group3.xlsx,toluene_n-heptane
group3,toluene_n-heptane,toluene 5% / n-heptane 95%,3.7,1.927383306108023,group3.xlsx,toluene_n-heptane
group3,toluene_n-heptane,toluene 5% / n-heptane 95%,3.8,1.755607541311628,group3.xlsx,toluene_n-heptane
group3,toluene_n-heptane,toluene 5% / n-heptane 95%,3.9,1.67597077895969,group3.xlsx,toluene_n-heptane
group3,toluene_n-heptane,toluene 5% / n-heptane 95%,4.0,1.567291843806689,group3.xlsx,toluene_n-heptane
group3,toluene_n-heptane,toluene 5% / n-heptane 95%,4.1,1.60963166233612,group3.xlsx,toluene_n-heptane
group3,toluene_n-heptane,toluene 5% / n-heptane 95%,4.2,1.7510253290573,group3.xlsx,toluene_n-heptane
group3,toluene_n-heptane,toluene 5% / n-heptane 95%,4.3,2.029833272949403,group3.xlsx,toluene_n-heptane
group3,toluene_n-heptane,toluene 5% / n-heptane 95%,4.4,2.184940673558937,group3.xlsx,toluene_n-heptane
group3,toluene_n-heptane,toluene 5% / n-heptane 95%,4.5,1.802137303896756,group3.xlsx,toluene_n-heptane
group3,toluene_n-heptane,toluene 5% / n-heptane 95%,4.6,1.648404982795016,group3.xlsx,toluene_n-heptane
group3,toluene_n-heptane,toluene 5% / n-heptane 95%,4.7,2.173919840667824,group3.xlsx,toluene_n-heptane
group3,toluene_n-heptane,toluene 5% / n-heptane 95%,4.8,1.968877649975287,group3.xlsx,toluene_n-heptane
group3,toluene_n-heptane,toluene 5% / n-heptane 95%,4.9,1.920647289840142,group3.xlsx,toluene_n-heptane
group3,toluene_n-heptane,toluene 5% / n-heptane 95%,5.0,2.055612606459229,group3.xlsx,toluene_n-heptane
group3,toluene_n-heptane,toluene 5% / n-heptane 95%,5.1,1.888774233786914,group3.xlsx,toluene_n-heptane
group3,toluene_n-heptane,toluene 5% / n-heptane 95%,5.2,1.880046240774615,group3.xlsx,toluene_n-heptane
group3,toluene_n-heptane,toluene 5% / n-heptane 95%,5.3,2.069824189009491,group3.xlsx,toluene_n-heptane
group3,toluene_n-heptane,toluene 5% / n-heptane 95%,5.4,1.607564868288057,group3.xlsx,toluene_n-heptane
group3,toluene_n-heptane,toluene 5% / n-heptane 95%,5.5,1.792912745870477,group3.xlsx,toluene_n-heptane
group3,toluene_n-heptane,toluene 5% / n-heptane 95%,5.6,1.788178407090404,group3.xlsx,toluene_n-heptane
group3,toluene_n-heptane,toluene 5% / n-heptane 95%,5.7,2.14991708276478,group3.xlsx,toluene_n-heptane
group3,toluene_n-heptane,toluene 5% / n-heptane 95%,5.8,2.428843755747268,group3.xlsx,toluene_n-heptane
group3,toluene_n-heptane,toluene 5% / n-heptane 95%,5.9,2.260500390342634,group3.xlsx,toluene_n-heptane
group3,toluene_n-heptane,toluene 5% / n-heptane 95%,6.0,2.281580816470051,group3.xlsx,toluene_n-heptane
group3,toluene_n-heptane,toluene 5% / n-heptane 95%,6.1,2.418000377923443,group3.xlsx,toluene_n-heptane
group3,toluene_n-heptane,toluene 5% / n-heptane 95%,6.2,2.877813221516078,group3.xlsx,toluene_n-heptane
group3,toluene_n-heptane,toluene 5% / n-heptane 95%,6.3,2.788328079821608,group3.xlsx,toluene_n-heptane
group3,toluene_n-heptane,toluene 5% / n-heptane 95%,6.4,2.577094171706499,group3.xlsx,toluene_n-heptane
group3,toluene_n-heptane,toluene 5% / n-heptane 95%,6.5,2.822764288842265,group3.xlsx,toluene_n-heptane
group3,toluene_n-heptane,toluene 5% / n-heptane 95%,6.6,2.940668453293412,group3.xlsx,toluene_n-heptane
group3,toluene_n-heptane,toluene 5% / n-heptane 95%,6.7,2.83115795630461,group3.xlsx,toluene_n-heptane
group3,toluene_n-heptane,toluene 5% / n-heptane 95%,6.8,3.086440583392627,group3.xlsx,toluene_n-heptane
group3,toluene_n-heptane,toluene 5% / n-heptane 95%,6.9,3.444576189964684,group3.xlsx,toluene_n-heptane
group3,toluene_n-heptane,toluene 5% / n-heptane 95%,7.0,3.186238380640187,group3.xlsx,toluene_n-heptane
group3,toluene_n-heptane,toluene 5% / n-heptane 95%,7.1,3.190384490086647,group3.xlsx,toluene_n-heptane
group3,toluene_n-heptane,toluene 5% / n-heptane 95%,7.2,3.300001220622692,group3.xlsx,toluene_n-heptane
group3,toluene_n-heptane,toluene 5% / n-heptane 95%,7.3,3.116482594966916,group3.xlsx,toluene_n-heptane
group3,toluene_n-heptane,toluene 5% / n-heptane 95%,7.4,3.434630572542791,group3.xlsx,toluene_n-heptane
group3,toluene_n-heptane,toluene 5% / n-heptane 95%,7.5,3.149235359295742,group3.xlsx,toluene_n-heptane
group3,toluene_n-heptane,toluene 5% / n-heptane 95%,7.6,2.930882607225076,group3.xlsx,toluene_n-heptane
group3,toluene_n-heptane,toluene 5% / n-heptane 95%,7.7,3.318878678623062,group3.xlsx,toluene_n-heptane
group3,toluene_n-heptane,toluene 5% / n-heptane 95%,7.8,3.235114957579882,group3.xlsx,toluene_n-heptane
group3,toluene_n-heptane,toluene 5% / n-heptane 95%,7.9,3.199555873398426,group3.xlsx,toluene_n-heptane
group3,toluene_n-heptane,toluene 5% / n-heptane 95%,8.0,3.205684353885739,group3.xlsx,toluene_n-heptane
group3,toluene_n-heptane,toluene 5% / n-heptane 95%,8.1,2.366755816060417,group3.xlsx,toluene_n-heptane
group3,toluene_n-heptane,toluene 5% / n-heptane 95%,8.2,2.6554285511376,group3.xlsx,toluene_n-heptane
group3,toluene_n-heptane,toluene 5% / n-heptane 95%,8.3,2.677604839784559,group3.xlsx,toluene_n-heptane
group3,toluene_n-heptane,toluene 5% / n-heptane 95%,8.4,2.979561191543885,group3.xlsx,toluene_n-heptane
group3,toluene_n-heptane,toluene 5% / n-heptane 95%,8.5,2.240529433290526,group3.xlsx,toluene_n-heptane
group3,toluene_n-heptane,toluene 5% / n-heptane 95%,8.6,2.324594997485792,group3.xlsx,toluene_n-heptane
group3,toluene_n-heptane,toluene 5% / n-heptane 95%,8.7,2.710077523174514,group3.xlsx,toluene_n-heptane
group3,toluene_n-heptane,toluene 5% / n-heptane 95%,8.8,2.91276173314454,group3.xlsx,toluene_n-heptane
group3,toluene_n-heptane,toluene 5% / n-heptane 95%,8.9,3.294143580947517,group3.xlsx,toluene_n-heptane
group3,toluene_n-heptane,toluene 5% / n-heptane 95%,9.0,3.319770386543665,group3.xlsx,toluene_n-heptane
group3,toluene_n-heptane,toluene 5% / n-heptane 95%,9.1,3.246052542155523,group3.xlsx,toluene_n-heptane
group3,toluene_n-heptane,toluene 5% / n-heptane 95%,9.2,3.22333428445416,group3.xlsx,toluene_n-heptane
group3,toluene_n-heptane,toluene 5% / n-heptane 95%,9.3,2.850967724299633,group3.xlsx,toluene_n-heptane
group3,toluene_n-heptane,toluene 5% / n-heptane 95%,9.4,2.845316808002345,group3.xlsx,toluene_n-heptane
group3,toluene_n-heptane,toluene 5% / n-heptane 95%,9.5,2.6814050316388,group3.xlsx,toluene_n-heptane
group3,toluene_n-heptane,toluene 5% / n-heptane 95%,9.6,3.046723636572625,group3.xlsx,toluene_n-heptane
group3,toluene_n-heptane,toluene 5% / n-heptane 95%,9.7,2.933541899416182,group3.xlsx,toluene_n-heptane
group3,toluene_n-heptane,toluene 5% / n-heptane 95%,9.8,2.80241527429009,group3.xlsx,toluene_n-heptane
group3,toluene_n-heptane,toluene 5% / n-heptane 95%,9.9,2.845149511143794,group3.xlsx,toluene_n-heptane
group3,toluene_n-heptane,toluene 5% / n-heptane 95%,10.0,3.064594875066951,group3.xlsx,toluene_n-heptane
